_record_id,_title,_server_updated_at,_project,_assigned_to,_updated_by,_geometry,_latitude,_longitude,numero_rota,municipio,manejo,estdio_fenolgico,espaamento_cm,condio_da_lavoura,quantidade_de_espigas_na_primeira_fileira_10m,cobertura_da_espiga_1,fileiras_graos_redor_1,linhas_graos_ao_longo_1,cobertura_da_espiga_2,fileiras_graos_redor_2,linhas_graos_ao_longo_2,cobertura_da_espiga_3,fileiras_graos_redor_3,linhas_graos_ao_longo_3,quantidade_de_espigas_na_segunda_fileira_10m,cobertura_da_espiga_4,fileiras_graos_redor_4,linhas_graos_ao_longo_4,cobertura_da_espiga_5,fileiras_graos_redor_5,linhas_graos_ao_longo_5,cobertura_da_espiga_6,fileiras_graos_redor_6,linhas_graos_ao_longo_6,fotos_das_espigas_cap_do_carro,fotos_das_linhas,fotos_adicionais,produtividade_estimada_clculo_automtico_sacasha
2f58f66a-be35-4a79-af4b-11fc3bde256c,8,2026-05-29 16:35:32 UTC,,,Andre Rossetti,SRID=4326;POINT(-48.006308 -16.2924256),-16.2924256,-48.006308,8,"Goias,Luziania",Sequeiro,R2 (bolha d'agua / blister),50,3. Média / Fair,23,10.5,16,24,10,16,23,13,20,31,24,10,18,26,9,18,22,10,18,22,"9aaeaaec-cd18-4271-8d73-bc097264aba9,4b44ab36-a0da-4a78-ab12-dcbeb0b4a632,253e1428-86c9-4ca8-bdd3-8bd57344006f","1ac61e6c-ea8c-4758-99ec-8224a3fca218,1116d1ff-be18-4ec8-a213-fcd892a31b45,f25a7f14-594c-4649-84b1-a6a0216ca1b1","aed7cd20-c235-42d8-a398-ee294f01306f,60fecd61-be07-4acc-a80a-118b1eaa6353,90ddc2cf-bdab-47fa-b658-83656ede2b3f",102.00617864923748
529d310d-2084-4cfa-b2af-6a85ad8aeb04,8,2026-05-29 16:35:31 UTC,,,Andre Rossetti,SRID=4326;POINT(-48.2052536 -16.4521927),-16.4521927,-48.2052536,8,"Goias,Vianopolis",Sequeiro,R6 (maturação fisiológica / physiological maturity),50,3. Média / Fair,32,11.5,14,27,13,12,23,14,16,31,34,15,14,33,11,14,23,9,16,20,"3ab5d512-1200-410a-973f-ce8334c1f8ae,ede731b0-02a9-4e76-9d9f-4d26d64c5169,ebfc23ae-e30f-4d21-bb09-6033773c65c5","6d4bc9ea-07b8-44cc-85ff-def32efc9fc1,61578791-b42e-4a31-a4e1-9bf102fb091a,8c89a936-a453-45de-a9ca-947d04c1b4e3","737824a3-3cf1-4e47-ae48-76868bd4dbce,7bb8071b-9144-4bf7-ae1f-c78c1aa781bb,b8f8a807-46eb-4c42-83e4-2c2dfce07e40",123.28296732026143
e05dcda8-7929-4ed5-85e1-daa212353184,8,2026-05-29 16:35:30 UTC,,,Andre Rossetti,SRID=4326;POINT(-48.2355701 -16.5176264),-16.5176264,-48.2355701,8,"Goias,Vianopolis",Sequeiro,R4 (grão pastoso / dough),50,4. Boa / Good,23,13.5,20,32,15,18,31,16,16,36,27,15,18,31,15,18,32,15,18,36,"3c65e42d-20f6-4d6f-8736-4bdb39e3c012,8fc1ca74-34ba-4205-a8d3-2b8bd4198caa,399d1479-2f90-400b-bcc7-a73503002f82","0c96da90-4ec6-4afd-9a84-9e727997f4d8,04adb5fa-713d-4e08-b3b3-558f7608a8c2,a6f4d671-6afa-4085-b5c2-315d13bfe768","cccdec13-af55-4f87-a24c-760356af44aa,64475763-6052-479f-81ed-5c2dade4d9ae,0ea705af-887d-4617-9d61-d6e69dd9914a",147.91764705882355
fc06b7f8-4330-470f-a096-3e13af6480e4,8,2026-05-29 16:35:13 UTC,,,Andre Rossetti,SRID=4326;POINT(-48.3256345 -16.5761271),-16.5761271,-48.3256345,8,"Goias,Vianopolis",Sequeiro,R5 (formação de dentes / dent),50,4. Boa / Good,27,12,16,26,12.5,18,26,13,18,26,27,10.5,16,21,13,18,29,16,16,34,"92558542-beae-40bf-8886-6dfae1705c46,edb59dd7-56d8-4da1-8756-bac9ac0e7243,8664af33-218f-4fa5-a013-679bc98182d1","9a00227e-6a63-4b98-87f9-8aa6f01f70b9,f31458b9-1524-417d-9b94-3ace95a3cb56,7a45b6f2-cfde-497a-80c0-c0c28e571998","05a1f5de-41ed-4f10-a840-ec0eb877f37a,aa9d5b7e-476d-42d6-97fd-bfa99a2fa602,31b71ea7-4ff6-4a8c-ade0-4f71d65e83e9",123.444
3bac00b8-de11-4f0e-b699-3347ba2787fa,8,2026-05-29 16:35:11 UTC,,,Andre Rossetti,SRID=4326;POINT(-48.3690049 -16.6959877),-16.6959877,-48.3690049,8,"Goias,Vianopolis",Sequeiro,R5 (formação de dentes / dent),50,4. Boa / Good,25,14,16,30,16,16,32,17,18,34,27,16.5,18,36,15,18,31,13,16,29,"beb9f346-8bcc-4afe-897c-01be7ebad8e1,5f07346d-155a-4ca1-94f2-83946f076745,ac53cee5-b096-42aa-8929-99629dc8f27f","0bdabb5d-6aae-4522-8b5e-eda20c9b96f6,7fefd2a7-54ea-4ab5-8911-ec55f0d58253,a90d3dde-4ed5-4a10-83c3-669662006406","800cf93d-9437-4ee0-82b3-fe4f78f79b82,420caf6c-87b9-4d06-bd45-d0971f0d99ef,6d9f17cc-6927-4bb6-bbbd-a2a7e1ad40f0",140.8853333333333
4f2de1df-8018-4d37-8586-1ea98380a8ae,8,2026-05-29 14:28:20 UTC,,,Andre Rossetti,SRID=4326;POINT(-48.5212305 -16.7787827),-16.7787827,-48.5212305,8,"Goias,Vianopolis",Sequeiro,R4 (grão pastoso / dough),50,4. Boa / Good,25,13.5,14,30,13,18,29,12.5,14,29,26,12,18,28,12,14,27,11.5,14,27,"4f107502-1f10-4d2f-bb96-c7c05eff28b5,6c3cbcab-b7b4-46ba-99ee-78a05e9bf63c,853625bf-fb4b-4b3b-8d9d-b27d2d30df54","06c30b1b-b13b-48cd-96cc-9a12dcf6705c,c45c8987-3db9-40bc-8d0f-9717141b5263,4849bf4f-367a-4d6e-b9b5-1f24d7fc2441","87dfd915-a2fe-49f7-a25a-147614331d53,107d04e6-56e0-4b83-bb92-5396c72bca20,051efb28-e3b9-4a66-89fe-522121414c63,c57ef68e-3197-4f94-9636-913470ed0184",110.3488888888889
c581ca43-95c6-4159-8184-d08af054be28,8,2026-05-29 14:28:20 UTC,,,Andre Rossetti,SRID=4326;POINT(-48.5722084 -16.9475521),-16.9475521,-48.5722084,8,"Goias,Sao Miguel do Passa Quatro",Sequeiro,R6 (maturação fisiológica / physiological maturity),50,4. Boa / Good,27,13.5,18,34,13,16,32,13,16,28,30,14,16,30,9,16,22,14.5,18,34,"dda227b6-f777-40a4-91bf-2ab98d622144,98d03287-9532-4d7d-97af-fbb41ce6571f,b02b24b8-ed5a-457f-9145-4167ff8f061f","35f88e36-0c1c-4f66-b8e9-655606fee9c2,e1a16015-de34-497e-80af-bc9fff4a5e7f,80b195c8-87d7-4999-b8c1-8dc9fe46f797","e76dcf49-a6f6-4efa-a074-a4f05369e52a,8f0f9563-0428-4e6f-a9b9-436a29d88b03,39fbc929-6fce-4e7e-aa1b-7227dc1fe295,cea4aedf-4e8f-46f6-879e-c8accc0d2363",141.94117647058823
20288421-bb42-4f0e-8a16-975fa31647ae,8,2026-05-29 14:28:19 UTC,,,Andre Rossetti,SRID=4326;POINT(-48.6701817 -16.9957798),-16.9957798,-48.6701817,8,"Goias,Sao Miguel do Passa Quatro",Sequeiro,R6 (maturação fisiológica / physiological maturity),50,3. Média / Fair,28,11,16,29,12,18,30,11,16,28,24,10.5,16,28,12,16,32,11.5,16,34,"500dd5e8-f67f-4bef-8ec5-ebd298a92da7,e017379d-28be-432a-a727-a503957fea52,f7b42f39-2399-4474-8dc0-663cd3874cf4","3b9b6ea4-7ff1-4fe8-84c9-97fdf4663117,58a680f7-1856-4ff7-8e20-13c4fd086229,f9aa7448-0cf5-494f-a620-792486ebb34b","c5111950-bfdb-43de-8d73-5ef8fdfd7d63,4eaf5562-18d3-47fd-851e-3e095cc66af6,8feddeb0-1c06-47b3-9053-e39155c26d64",127.60539433551197
ea8cff47-99e0-4081-bc4a-838f6dfd9607,8,2026-05-29 14:28:18 UTC,,,Andre Rossetti,SRID=4326;POINT(-48.656685 -17.0966896),-17.0966896,-48.656685,8,"Goias,Sao Miguel do Passa Quatro",Sequeiro,R5 (formação de dentes / dent),50,3. Média / Fair,32,12,18,26,9,18,21,12,16,28,31,12.5,16,23,12.5,16,22,6,16,13,"7bcb09d4-d6d2-4508-bb97-1b61c69a8306,4cf65bba-3dbb-4ed8-be82-8da400eaf344,36c9fc47-96ef-437d-a9bd-55466e381892","890ba7e1-101b-4163-92d6-3ed90dd86745,20d1f5d7-bb0c-487f-8b22-e9fbc6cb0ea0,948a2646-643f-4e70-9a2f-efcb5d06767f","2a817715-a5e6-438b-86ca-4894da938202,05caa281-d1cc-4847-a26d-3c53b7d2777b,3750bc78-78a2-4e6e-9370-a864ab976f29",115.91862745098038
9f5062c3-5eb5-4603-bbf7-735205fbd87e,8,2026-05-29 14:28:18 UTC,,,Andre Rossetti,SRID=4326;POINT(-48.6878503 -17.1804665),-17.1804665,-48.6878503,8,"Goias,Sao Miguel do Passa Quatro",Sequeiro,R2 (bolha d'agua / blister),50,2. Ruim / Poor,20,9,18,21,11,14,24,11.5,18,23,27,5.5,16,7,10,16,18,7,16,14,"5ff48da7-3a2d-425d-a64b-c3835f8c641c,7e24295c-87f5-4875-ab5d-17327728bf98,4ad2d859-4c3e-42ba-ba94-65e2ca2ab986","6eb34993-9ed1-4c42-91d1-b8d0ae4d32ed,7fcae504-ecde-4600-84cf-d8c89bb48b1a,090bca4c-657c-4211-87ff-28ac0f63b0e8","4a00729d-2719-49ef-8721-2785f4944b73,caf77a05-1b5c-49ab-bc57-5112a6390742,783004ce-a202-4b96-b122-af0fcd2cdb19",68.18184531590413
98a2f414-387e-4ee6-8160-6a45535b698d,8,2026-05-29 14:28:17 UTC,,,Andre Rossetti,SRID=4326;POINT(-48.7614576 -17.270471),-17.270471,-48.7614576,8,"Goias,Caldas Novas",Sequeiro,R5 (formação de dentes / dent),50,4. Boa / Good,28,14.5,16,34,13,18,30,13.5,16,32,29,14,14,37,13,16,32,14,16,30,"d1c77a2f-216a-4291-ae31-e47485af07d0,93d39238-7445-4549-819e-4fa3695e6830,f54b0540-ca24-478f-bee7-5ee84734c2c7","be370048-26da-4411-a475-71df4d42b88e,d6dcd96c-fdf1-41c8-9b92-0146905c1b4c,1f459a55-31f6-4144-82e2-b715f805095f","56b8a296-a7a3-450e-912c-0089e714cb77,e5032e12-515e-46fa-933c-2b38ed482333,5f24f79d-cb2f-46b3-b739-aace465261f6",147.61882352941174
e7876602-ca12-4ca0-a313-620315534309,8,2026-05-29 14:28:16 UTC,,,Andre Rossetti,SRID=4326;POINT(-48.7063199 -17.6302812),-17.6302812,-48.7063199,8,"Goias,Caldas Novas",Sequeiro,R5 (formação de dentes / dent),50,2. Ruim / Poor,19,14.5,16,33,9.5,14,24,12.5,16,29,22,9,12,16,10.5,18,24,13,16,29,"2afc9f75-2bfd-4851-92e0-9f5c81748bda,7dc532a0-1d9d-4929-b7f2-2d085417873e,2a050911-80f6-4894-9d98-cc71ab192561","2405aa3e-03cd-4362-a172-ece2644fa173,f29ab47c-9075-4376-9974-255d8daeb50e,26cccb29-3619-4137-a11a-5b5cab57013c","8c80c1dd-afc5-460d-811e-08cca8fecab3,1d184789-5c03-40ec-8e6d-8dc4a74de3f6,d5ead5bb-789a-4b38-830d-e08e0750c68d,faafbf24-4501-4ef8-8285-6f2ffc9f73c5",80.88433551198256
1c16ec5f-bd69-471f-be8a-eeead24df984,8,2026-05-29 10:54:20 UTC,,,Andre Rossetti,SRID=4326;POINT(-48.9387013 -18.1196071),-18.1196071,-48.9387013,8,"Goias,Buriti Alegre",Sequeiro,R3 (grão leitoso / milk),50,4. Boa / Good,24,14,18,28,16,18,32,15,16,32,27,9,14,19,15.5,16,32,14,16,32,"eca890ab-6a41-45cf-98f4-5fe08737f2a0,2c3a88a0-aa73-4588-96ff-165982cc304b,5ce8165c-d9e5-431c-99ae-081c6b60bc50","79fe401a-ba34-492c-b78d-c54787cd993e,d1b2f646-4ccd-42cc-9c9d-978ec825bc8c,3814d0c7-0fc1-4c32-96df-9d1d5c839dae","dd68e631-ebfc-4696-abe5-9bc683f91c8a,de7c9a94-41c9-47fe-bd34-ed9f258372d6,e01d92bb-c631-4765-9633-c65beee7ffb1",121.00277777777777
e5593583-8718-442f-97db-dcfa330c86dd,8,2026-05-29 10:54:19 UTC,,,Andre Rossetti,SRID=4326;POINT(-49.0031024 -18.1396414),-18.1396414,-49.0031024,8,"Goias,Buriti Alegre",Sequeiro,R4 (grão pastoso / dough),50,4. Boa / Good,26,13.5,16,31,12.5,16,31,13,14,33,23,14.5,16,33,16,18,36,14,16,33,"4b52d0bb-a3f8-4e48-af53-0d0d55fd72bc,6bd19cb1-46c0-478c-8bdc-026e72146714,3f3a4717-896b-4fb4-ae28-eacc6205cc77","8e0b41df-a17c-4d63-881d-4c607b0568e5,83bb7736-287b-49a3-8263-f4feda73119f,5cd8715d-4169-4051-bf1f-2b77a273b465","b0012129-cd95-4923-b05b-4bbc512e4845,802ff341-47dc-49a3-8ffc-e3f2c41b8e46,3b69fcd7-3c49-4140-8155-77288863cf17",128.2019346405229
1438ea46-567f-4345-924d-e1f96fff2c69,8,2026-05-29 10:54:19 UTC,,,Andre Rossetti,SRID=4326;POINT(-49.053925 -18.1559894),-18.1559894,-49.053925,8,"Goias,Buriti Alegre",Sequeiro,R5 (formação de dentes / dent),50,4. Boa / Good,29,14,16,30,15,16,31,10.5,12,25,30,15,18,31,12,16,27,16.5,16,34,"1a31179c-64f6-46ce-b4cf-87f510070dda,be89ea88-3d09-4a3c-b011-d049201853bd,0a40911f-fa56-4b71-b1f2-6ef5bf1acbf0","8fb72e02-577c-421b-bba3-14c07ae7a709,391ace5e-892f-411d-99f1-2ae34bb2f8ef,b5d9adad-f4d6-4446-b232-3355ae8d0b9e","71b72a73-fade-4660-83fe-a81225104904,ce41eaba-630e-4e61-b994-7442e80f8cbc,aec8673b-f434-41e7-ba6c-6bad6723ba1a",136.57176034858387
6ef96c8b-6eb8-4bfa-b19b-47742a680099,8,2026-05-29 10:54:18 UTC,,,Andre Rossetti,SRID=4326;POINT(-49.0585794 -18.2456486),-18.2456486,-49.0585794,8,"Goias,Buriti Alegre",Sequeiro,R5 (formação de dentes / dent),50,4. Boa / Good,25,15,18,27,14,20,29,16,18,31,28,15,18,31,15,18,30,14,20,26,"d25c2783-b232-4329-811f-e7ef0b20472f,488c8148-e742-4bb0-a34f-8fc4fc8ab4ee,25d55734-a7ab-4ff5-a0dc-cd9f8f47edda","9176938e-2ab6-4079-8ad3-42af69428111,148ee350-3ffd-4cac-a7ea-8bb13d4a4177,cf810c60-a965-45b6-9066-17e79addc373","606ad4ad-6d68-400b-a90a-bc8d00c8bc6f,9e253130-976e-478d-bc48-d18228eda1c1,b0df2614-cbd6-449d-955e-b2b63f689fe9,b54ece07-6936-4e30-a744-ec29282c939d,9e6889e8-4209-4d0f-bfa9-ee0d4cf97fb0",142.89077124183007
15fc9032-656c-4550-bb39-70a0b5f2d187,8,2026-05-29 10:54:18 UTC,,,Andre Rossetti,SRID=4326;POINT(-49.0896402 -18.3231992),-18.3231992,-49.0896402,8,"Goias,Itumbiara",Sequeiro,R5 (formação de dentes / dent),50,4. Boa / Good,24,15,20,35,15,16,36,13,18,28,25,15,18,34,10,18,26,12,18,31,"4fa72b5f-a6c4-411f-b1ad-6e99e642f84e,d370d4e2-0683-4423-88f0-b8f78a2a5ec6,5660a268-0b77-42e0-bc15-849ba12430e1","6307115b-4cb8-4418-8857-8ef9225b3926,0395c880-4fc8-4c0c-a135-e6ad1d920be2,7ef7acbb-60a5-4e28-a9a4-7b403ebe40f2","8d493393-aedc-4bfc-9e29-2a5327b67637,618b849e-0aa9-418b-bf9d-28332b4b9b0b,435592ad-4046-41d1-b663-9b99f895ee41",139.10235294117643
103bc538-5500-4887-9ab7-03d637fe230a,8,2026-05-29 10:54:17 UTC,,,Andre Rossetti,SRID=4326;POINT(-49.1854982 -18.3870773),-18.3870773,-49.1854982,8,"Goias,Itumbiara",Sequeiro,R5 (formação de dentes / dent),50,3. Média / Fair,27,17,14,33,14,18,30,10.5,18,20,25,12.5,18,26,11.5,16,28,13,16,28,"09eb8689-5009-449f-9e3d-72192d0563bb,42800a06-c626-45b9-a0e1-24240a0ec2fb,4143f748-aa34-4e3e-a217-d52ab62f24d8","8476a4bd-540f-4f3d-a262-c55a6be4c445,28a516a8-f939-46b6-924a-97dd36dcaf2c,b18d404b-579e-4ee1-ac43-ef51c76a1835","ff3f3219-7840-47da-a395-2694126be068,bd545a4a-5bd9-4796-bdc1-3c2eab0a2276,62742bd3-16b7-4c83-91cc-032912294944,a44eaa34-e236-40dd-85ae-5e432d19f928",118.69934640522878
b4b3dfd4-74ac-4062-aca4-aae28a8bb2ab,8,2026-05-29 10:54:16 UTC,,,Andre Rossetti,SRID=4326;POINT(-48.8197656 -18.587176),-18.587176,-48.8197656,8,"Minas Gerais,Tupaciguara",Sequeiro,R5 (formação de dentes / dent),50,3. Média / Fair,23,14,18,33,10.5,16,26,13,16,30,24,11,18,25,13,16,28,14,16,30,"5fe52beb-e9de-418f-acae-ca14939b5fa8,0172d5c2-336a-4120-a221-19f437601de7,4016c0da-c20c-495b-9a63-8b3fc0718b0f","dca7744c-fa21-448b-8eca-17cae4f24183,30fe15e3-3c5c-4821-b0d2-8aef08f3113b,1997c2a3-b128-40bf-9c1b-b5ac9058ab8e","42abca47-1c60-4462-b03d-326b206820f9,733aa882-6a33-4b9d-9f08-d7e543054deb,d59c725d-ace6-4c39-97aa-2796f214644d",111.83747276688455
b33c900b-15a4-4223-b1a2-c291d91be470,8,2026-05-29 10:54:15 UTC,,,Andre Rossetti,SRID=4326;POINT(-48.7285382 -18.6132398),-18.6132398,-48.7285382,8,"Minas Gerais,Tupaciguara",Sequeiro,"R1 (estigmas pretos, recém polinizado / silk)",50,2. Ruim / Poor,17,12,18,32,11,18,30,12,18,30,15,11.5,18,30,8,16,25,10.5,16,30,"488e79a2-0574-4110-bdcd-590cad158d32,eb890faa-0379-456c-9757-b1fc34655000,4fea156f-db3e-404b-8a0b-cc6ca4acf619","403a1ade-e23f-4f34-b31f-cc1d09a774de,f07b483d-dcf1-4aa8-ba35-4e0565fdf4c8,b848feaf-a521-408d-a835-204c316e6a0e","881bf26d-630b-4cf9-bd77-a2cf9af69f4a,ef157733-32d3-4e76-ae7d-3420936ca776,7ceda6ce-e8fe-4fd4-8326-06c4497087d2",81.49249673202614
acfcc286-ac7a-46a2-a1a2-9f32265e1af6,2,2026-05-28 19:59:17 UTC,,,lucas frurquim,SRID=4326;POINT(-49.6618968 -16.5971324),-16.5971324,-49.6618968,2,"Goias,Santa Barbara de Goias",Sequeiro,R6 (maturação fisiológica / physiological maturity),50,4. Boa / Good,31,15,18,37,13,16,35,7,18,26,30,14,16,22,10,16,28,12,14,29,b9380332-4d38-4265-9e3a-461c752b02fc,1e6aa48b-fb98-491b-9347-05a0e913af77,48f467a2-c6c9-423b-9bc7-86e90669102e,146.3828562091503
2925eab4-98b0-4839-8abd-5c7759727879,2,2026-05-28 19:59:15 UTC,,,lucas frurquim,SRID=4326;POINT(-49.8601734 -16.5058982),-16.5058982,-49.8601734,2,"Goias,Nazario",Sequeiro,R6 (maturação fisiológica / physiological maturity),50,4. Boa / Good,32,12,16,28,12,18,36,14,18,34,32,10,10,30,12,16,30,15,16,39,cbe60421-15ca-4123-9cba-290fa006ada1,31e25628-8279-42bf-8d69-146bd5be1d54,721d8a96-2969-4882-af6e-cb2b91099e92,163.95893681917212
35baffe1-6062-45fa-9c8e-fa53a2556f07,2,2026-05-28 19:59:14 UTC,,,lucas frurquim,SRID=4326;POINT(-49.972359 -16.5519563),-16.5519563,-49.972359,2,"Goias,Nazario",Sequeiro,R6 (maturação fisiológica / physiological maturity),50,4. Boa / Good,32,14,18,37,15,18,44,16,18,36,29,15,18,29,16,16,37,16,18,33,b64c00a4-9167-4eeb-a50f-70a4c5a254a4,b450f602-3dc6-4ad6-bfc7-0c72f1d387d8,d0a10cff-8c84-4d1b-a0e0-1f7cefa3b894,193.21929411764705
49f4762b-e201-4259-9d9e-acf06123ca8f,2,2026-05-28 19:59:12 UTC,,,lucas frurquim,SRID=4326;POINT(-49.9015674 -16.6069003),-16.6069003,-49.9015674,2,"Goias,Nazario",Sequeiro,R6 (maturação fisiológica / physiological maturity),50,4. Boa / Good,26,15,24,34,14,16,21,14,20,35,28,15,18,32,17,20,34,16,22,35,7df26eb3-24af-4091-b856-240623d5de37,180823af-3fd6-42fc-8b30-1af8c26bfd15,02668068-eeab-48fd-a9e7-46281d4c909a,171.22588235294117
78101962-d198-4b0f-8669-b83fff70b244,2,2026-05-28 19:59:08 UTC,,,lucas frurquim,SRID=4326;POINT(-49.9292458 -16.7462619),-16.7462619,-49.9292458,2,"Goias,Nazario",Sequeiro,R6 (maturação fisiológica / physiological maturity),50,4. Boa / Good,32,13,16,40,14,16,42,14,18,36,29,12,14,27,16,14,26,12,14,29,1905e1c7-a7f6-4b04-95cb-da919579a62f,6e2196ec-4f8b-4d65-8656-b544d8e60a4a,8d7dd1c0-a920-443a-a552-99422acc4637,155.27755991285403
9c6150b2-9595-4549-83ee-7e839f4f32a0,2,2026-05-28 19:59:07 UTC,,,lucas frurquim,SRID=4326;POINT(-49.8863386 -16.8286103),-16.8286103,-49.8863386,2,"Goias,Palmeiras de Goias",Sequeiro,R2 (bolha d'agua / blister),50,4. Boa / Good,28,15,14,32,15,16,35,14,16,29,29,14,16,31,14,18,36,12,18,28,a1e196b4-4398-4720-99e4-80e5b6f78065,c3341dcf-d3db-4e8e-ab7a-012733872221,2fdc5604-3674-4409-8943-cc1f687acf5f,147.60305228758168
d8e348d2-1f5c-4d9e-8125-e78bea6e6e08,2,2026-05-28 19:59:04 UTC,,,lucas frurquim,SRID=4326;POINT(-49.9225473 -16.956864),-16.956864,-49.9225473,2,"Goias,Indiara",Sequeiro,R6 (maturação fisiológica / physiological maturity),50,4. Boa / Good,34,15,16,28,8,18,20,12,16,39,30,14,16,28,13,14,28,13,14,27,266f18db-2370-450e-9176-e01f3c448596,1e3887ae-a829-4149-9075-3b21c01513f7,ae031d10-a3f5-4e06-81ce-49c5931e6c09,141.4874074074074
b837b5af-5dd4-41dd-94d2-d7ec9def6bfa,2,2026-05-28 19:59:01 UTC,,,lucas frurquim,SRID=4326;POINT(-49.9501663 -17.0534188),-17.0534188,-49.9501663,2,"Goias,Indiara",Sequeiro,R6 (maturação fisiológica / physiological maturity),50,3. Média / Fair,28,25,16,33,9,18,31,15,16,39,27,10,14,13,14,16,31,12,18,35,c2724dc9-0545-4616-815e-c8b92dae2b51,576b0fab-be57-44bc-b5e6-39c82c8cead6,f173e5e9-690f-43ad-a2f4-fa66e598f153,135.71291938997817
3d3f7c4b-e3f0-4718-a2a0-921af18eff6c,2,2026-05-28 19:59:00 UTC,,,lucas frurquim,SRID=4326;POINT(-50.01442 -17.123465),-17.123465,-50.01442,2,"Goias,Indiara",Sequeiro,R6 (maturação fisiológica / physiological maturity),50,4. Boa / Good,33,18,16,43,15,14,39,17,16,39,26,14,14,26,11,16,24,11,14,30,1651be76-d628-4cd8-becd-8e4f8d55000a,4e422386-cb3f-4d49-ab99-5a5103cb1a28,e18a17e5-9229-4d8f-b95f-47a0783191b3,147.65617647058824
eec4180b-493b-4930-81b1-1cbf446f9735,2,2026-05-28 19:59:00 UTC,,,lucas frurquim,SRID=4326;POINT(-50.2620757 -16.9784677),-16.9784677,-50.2620757,2,"Goias,Parauna",Sequeiro,R6 (maturação fisiológica / physiological maturity),50,5. Excelente / Excellent,28,18,16,42,18,14,38,18,16,41,28,18,18,32,18,16,32,18,14,34,928b42d6-1868-45eb-aaf4-5115dd6d4433,ff5373a6-c05b-4f3c-8073-779a870a5ef5,aeccb797-4a70-4705-99be-378f08bcc4e6,159.48543790849672
b2ea1973-c6fe-44b5-8173-6b6aa540b3e0,2,2026-05-28 19:58:59 UTC,,,lucas frurquim,SRID=4326;POINT(-50.5138084 -16.9819796),-16.9819796,-50.5138084,2,"Goias,Parauna",Sequeiro,R6 (maturação fisiológica / physiological maturity),50,4. Boa / Good,28,13,18,33,13,18,35,15,18,37,28,15,18,29,11,16,19,13,16,30,2e482495-dbe0-45a7-84db-70e0896be8bd,5c7168bc-ade6-4dda-8796-410038bc48c7,112c8744-531f-43f0-bf05-aa149181c1cc,147.44616993464052
aa1cf0fc-240d-4b7b-949a-3d95ec08da05,9,2026-05-28 16:53:35 UTC,,,Letícia Viração,SRID=4326;POINT(-54.47713159173049 -19.335720662142574),-19.3357206621,-54.4771315917,9,"Mato Grosso do Sul,Sao Gabriel do Oeste",Sequeiro,R3 (grão leitoso / milk),50,4. Boa / Good,25,14,18,28,13,18,31,12,20,25,21,13,18,31,14,16,29,12,16,25,318697dd-c546-4fe4-8177-e77bc57c9344,3524c959-b722-41af-aa86-394b796d7be9,dba53f75-870a-4bdc-89a2-27165fa41dee,114.001729847495
d1fc9d1e-a04b-416d-b2fd-e62ace32695b,9,2026-05-28 16:53:35 UTC,,,Letícia Viração,SRID=4326;POINT(-54.52685488731124 -19.307208525360434),-19.3072085254,-54.5268548873,9,"Mato Grosso do Sul,Sao Gabriel do Oeste",Sequeiro,R4 (grão pastoso / dough),50,3. Média / Fair,28,15,16,29,14,18,31,13,18,25,27,14,14,29,14,18,26,15,18,26,9759c1a7-82b5-4fb7-ae9b-99391ef8b0d4,49ba47af-0f69-4ceb-a8fe-38be0bf39e97,879ec4ab-baf2-4d74-9f90-9b81a4b87046,128.834444444444
ea6c7b22-29a9-4751-a867-2d6337a0b6e3,9,2026-05-28 16:53:34 UTC,,,Letícia Viração,SRID=4326;POINT(-54.56695609267915 -19.237512876283745),-19.2375128763,-54.5669560927,9,"Mato Grosso do Sul,Sao Gabriel do Oeste",Sequeiro,R3 (grão leitoso / milk),50,4. Boa / Good,24,10,18,25,12,18,29,12,18,28,25,12,16,24,13,16,26,12,16,29,aacc8614-5a89-4525-aacb-1e6ad0586b4e,ee3fe3db-d962-4f7a-b6b7-698141d02edf,16432acd-22c5-4bf9-9abb-6a7d62ae99d0,111.322555555556
8ff7438a-8158-47a3-97aa-77e802553211,9,2026-05-28 16:53:34 UTC,,,Letícia Viração,SRID=4326;POINT(-54.63059292997357 -19.200555961365712),-19.2005559614,-54.63059293,9,"Mato Grosso do Sul,Sao Gabriel do Oeste",Sequeiro,R5 (formação de dentes / dent),50,4. Boa / Good,26,14,16,18,15,16,31,15,18,30,26,14,16,29,14,16,29,15,16,33,a3b36269-5b8d-45f8-a1bb-406592cd63e5,ee8898d5-fd51-4a8a-afa6-989e5ef2265a,560c737e-b3f2-4b08-9ff9-0a9e80b125bf,119.85037037037
834de72a-729d-4032-aca5-5e00f7deb72e,9,2026-05-28 16:53:33 UTC,,,Letícia Viração,SRID=4326;POINT(-54.660128317824245 -19.267483293096785),-19.2674832931,-54.6601283178,9,"Mato Grosso do Sul,Sao Gabriel do Oeste",Sequeiro,R3 (grão leitoso / milk),50,3. Média / Fair,27,14,22,29,11,20,22,12,18,29,27,13,18,31,12,22,26,14,18,33,697337e6-2fcf-48a3-8c90-d265702ee663,d0161bbd-8339-45fa-87e6-09b9f9c77bfa,a4e29732-15f0-4958-9864-e4e1fe66172b,149.86
7bde5d89-40db-419f-bc24-1ba6f3d54d3a,9,2026-05-28 16:53:32 UTC,,,Letícia Viração,SRID=4326;POINT(-54.74779522982868 -19.23784484157003),-19.2378448416,-54.7477952298,9,"Mato Grosso do Sul,Sao Gabriel do Oeste",Sequeiro,R5 (formação de dentes / dent),45,5. Excelente / Excellent,27,15,16,32,11,16,23,13,14,28,24,15,16,31,14,16,28,14,14,31,a9241d10-24c7-47d3-9ae9-de0f175af12d,ba012b41-50b9-4555-bad3-0debb3926671,086e7080-dae4-4117-a562-ac28a7d3fd04,124.773580246914
32009f76-70f7-450f-9098-41d79086c923,9,2026-05-28 16:53:32 UTC,,,Letícia Viração,SRID=4326;POINT(-54.69349893745632 -19.314144887071976),-19.3141448871,-54.6934989375,9,"Mato Grosso do Sul,Sao Gabriel do Oeste",Sequeiro,R4 (grão pastoso / dough),50,5. Excelente / Excellent,27,14,18,34,15,16,34,14,18,30,27,16,18,35,13,20,29,15,18,35,0888aa48-f962-4782-84d4-aeb9e00d9a7c,ab3fbcea-c9f0-4bc2-80b7-821ad5da16f4,71620d75-665f-43cf-b3a7-504ac2431fcb,158.944235294118
e8531cc6-0426-46cf-b394-cceb2bc3e654,9,2026-05-28 16:53:31 UTC,,,Letícia Viração,SRID=4326;POINT(-54.59569277257258 -19.39705234128571),-19.3970523413,-54.5956927726,9,"Mato Grosso do Sul,Sao Gabriel do Oeste",Sequeiro,R6 (maturação fisiológica / physiological maturity),50,4. Boa / Good,29,12,14,25,15,14,29,14,14,27,24,12,14,25,14,14,27,16,14,33,8aef286d-cb76-4e1e-84da-20de55150540,a523e83b-31d3-4fc0-8217-8780cccb4b19,659153c7-ef21-43fe-8f00-e71de2851026,102.240810457516
b6e19ec4-74ba-4a29-9ba4-f6061a7df639,9,2026-05-28 16:53:31 UTC,,,Letícia Viração,SRID=4326;POINT(-54.50108275445185 -19.468600920565706),-19.4686009206,-54.5010827545,9,"Mato Grosso do Sul,Sao Gabriel do Oeste",Sequeiro,R3 (grão leitoso / milk),50,5. Excelente / Excellent,27,12,14,26,13,14,31,14,18,30,26,14,16,27,13,16,28,14,16,30,2aa1d155-b812-446d-b445-39b3aa6b9a17,e8458101-50f2-4606-a862-477fbce78a34,f48e2d4c-f8e5-426d-9329-4e0b54d65a5b,118.547721132898
b2eb7439-0129-4615-991b-282ed05e19d7,9,2026-05-28 16:53:30 UTC,,,Letícia Viração,SRID=4326;POINT(-54.41106090551763 -19.577587495389484),-19.5775874954,-54.4110609055,9,"Mato Grosso do Sul,Sao Gabriel do Oeste",Sequeiro,R6 (maturação fisiológica / physiological maturity),45,3. Média / Fair,25,9,14,15,12,16,28,9,18,18,24,10,14,24,10,20,18,8,16,17,b76a6596-0859-4fd0-8f1f-cd64c4057a9a,0c66d4df-248e-4cd5-af03-bfef7f45a77e,47d484f4-bd4c-4af9-be30-876231a54d78,88.5771968046478
813c83cf-189b-4cf7-9dc3-5d27f8640437,9,2026-05-28 16:53:30 UTC,,,Letícia Viração,SRID=4326;POINT(-54.35039935431687 -19.729593477193593),-19.7295934772,-54.3503993543,9,"Mato Grosso do Sul,Bandeirantes",Sequeiro,R3 (grão leitoso / milk),50,4. Boa / Good,24,10,12,27,13,14,35,13,18,31,23,14,16,31,12,16,28,15,16,35,ef80d714-2d89-4615-922f-7cba958933b7,479aee7b-06dc-43c4-95a9-65d3ae45a1cb,bd6c1889-8503-4ca5-bef6-d5d105661745,111.863481481481
ec0e5ae5-1fda-4ebc-bb38-4fb0c2e34a60,9,2026-05-28 16:53:29 UTC,,,Letícia Viração,SRID=4326;POINT(-54.38048104120166 -19.966173185195448),-19.9661731852,-54.3804810412,9,"Mato Grosso do Sul,Bandeirantes",Sequeiro,R3 (grão leitoso / milk),50,3. Média / Fair,23,13,14,28,12,14,29,13,18,26,21,13,18,26,11,16,24,10,16,23,e3216d2c-d412-45ef-881b-f9a73d4eba3b,6ac4eb96-3cf0-4fca-a95b-0607460fa8a5,375a6a49-ef0a-491d-9ae7-1e983dff78ca,91.1610980392157
e30adbf3-6103-4e54-a88b-4ddfa7d535c4,8,2026-05-28 14:24:11 UTC,,,Andre Rossetti,SRID=4326;POINT(-48.6326367 -18.7162732),-18.7162732,-48.6326367,8,"Minas Gerais,Tupaciguara",Sequeiro,R5 (formação de dentes / dent),50,3. Média / Fair,23,14,16,34,14.5,14,26,12.5,16,28,25,15.5,16,37,12,18,29,15,16,35,"7e92bb23-4ac5-4ef4-a208-2d95af3b65ee,b2c5a98e-59cc-4998-ad53-746ee91d56c5,05257bb1-7615-4509-a4ad-e76600959cdf","8a8f9314-e4ce-452f-b6a9-e156d7502a9f,37b2b297-ce9e-4a7a-bdbe-f7465e5c6497,a4ada596-b80e-4ba7-b571-bc62ab1edc5c","bc7e25ba-9016-4d88-bf5e-ed82371fc24a,e74cdfc0-cbe5-45c1-a149-79a7cc876b62,4812674e-082b-43fc-8a5a-504003f739d3",120.48564705882353
0e9e2f72-0026-4dcc-bac1-13cdab13cdb5,8,2026-05-28 14:24:10 UTC,,,Andre Rossetti,SRID=4326;POINT(-48.5764973 -18.8027898),-18.8027898,-48.5764973,8,"Minas Gerais,Uberlandia",Sequeiro,R5 (formação de dentes / dent),50,2. Ruim / Poor,25,11,16,25,15,16,35,14.5,18,31,24,12,16,29,7,16,14,9,14,19,"95a0373d-8ffa-4e7d-abbb-4075f9e04e0b,7818eae8-f2e5-4c87-8ae7-1a50b8cce656,2da7e2a3-09ec-496d-968f-ff1fb9264a52","1c9bb446-bdcf-44e7-9cfd-3b72fb316cd1,2e8d8877-0ad4-44b6-853c-9acdbfae53ee,36b09274-3fdb-48a8-a9f0-1518f4bf7a89","b414bbab-2cb4-4827-8e1b-b51aeaeb0c5f,5ab6d302-bc81-4a22-a65e-ea99a19431e2,6b6301de-1a93-4a66-98c2-90c5573528cb,b74d27af-2871-4e70-a5a3-bc7c6345eb4d",99.56799999999998
b81c4b9e-a02a-43cd-afb1-0ebdd78e4dae,8,2026-05-28 14:24:09 UTC,,,Andre Rossetti,SRID=4326;POINT(-48.5442586 -18.8718734),-18.8718734,-48.5442586,8,"Minas Gerais,Uberlandia",Sequeiro,R5 (formação de dentes / dent),50,2. Ruim / Poor,22,10,16,21,10.5,16,27,15,16,35,24,10,16,23,10.5,16,26,10.5,14,20,"a100868e-ce46-4c44-9da2-b139fb298c40,6121e2f5-ad1d-47c2-9dcf-d80542376744,d5c22c1a-056e-491a-8018-591806fc4674","2b5dfa57-ca97-49d4-aea5-d65192e1cbc7,f44fc3dc-5dcb-4bb4-a924-68c36a428a39,c5336ad3-6cea-4774-8883-8a651eba1025","303d48cc-9d22-4637-98a9-567a0a590b67,94229d7d-8a1f-4365-afff-4ec730354974,63217d94-7f38-455c-859b-f47b156fa1d7",90.92646623093681
37b5a9c7-1302-4fae-9949-b80aaa40f645,6,2026-05-28 14:21:51 UTC,,,Altielly Santos,SRID=4326;POINT(-54.178076 -25.3281242),-25.3281242,-54.178076,6,"Parana,Sao Miguel do Iguacu",Sequeiro,R5 (formação de dentes / dent),50,4. Boa / Good,27,15,14,32,15,14,32,15,14,26,26,15,12,38,15,14,32,15,16,28,cba3176c-004a-4b3e-ab1d-1b9ac7edac9a,"daadc009-8e84-4cfb-98a4-168173164ffb,94a6362a-713f-408a-8df2-9685cf84d019",,115.79079738562089
2942bde8-c91c-46d3-9440-8eb41af4f763,6,2026-05-28 14:21:50 UTC,,,Altielly Santos,SRID=4326;POINT(-53.9007102 -25.1724508),-25.1724508,-53.9007102,6,"Parana,Ceu Azul",Sequeiro,R5 (formação de dentes / dent),45,3. Média / Fair,30,17,16,35,16,14,33,17,20,34,27,17,18,28,17,16,24,17,12,39,bf687762-0790-4777-9f27-9b93cb9c93e4,"95219ec1-5666-4a22-aa22-a7d7fa9b8863,1595b05c-6cfc-499e-866b-d4f9fddbf3c6",,162.33864923747277
f614716f-9ca9-4797-beb6-a85fd6bb81c0,6,2026-05-28 14:21:48 UTC,,,Altielly Santos,SRID=4326;POINT(-53.7933361 -25.1128543),-25.1128543,-53.7933361,6,"Parana,Ceu Azul",Sequeiro,R5 (formação de dentes / dent),50,5. Excelente / Excellent,32,19,14,35,19,14,27,19,14,31,32,16,14,38,18,14,32,18,14,39,98da0dfd-ec9a-490a-bc9b-57753674815a,"ba7943e0-86a5-45a7-bb37-d1a6c5b96f2f,537c696a-d431-4ced-81e9-ded422cede73",,150.23518954248365
04da14f4-31d1-4f3e-b68c-86f0b11ef5b0,6,2026-05-28 14:21:46 UTC,,,Altielly Santos,SRID=4326;POINT(-53.6819961 -25.0740313),-25.0740313,-53.6819961,6,"Parana,Ceu Azul",Sequeiro,R5 (formação de dentes / dent),50,4. Boa / Good,34,15,16,34,15,16,31,16,16,32,30,16,18,31,15,16,29,15,14,29,a71edfe8-cd66-404d-9690-636c263a671b,"44dd9a43-0752-4d01-86be-a5b47f0701c7,c4ef0012-5ce7-452e-a5e7-27be06bb4015",,158.09756862745095
d0d0aa2c-db82-4bd8-85df-b3831764ac42,6,2026-05-28 14:21:45 UTC,,,Altielly Santos,SRID=4326;POINT(-53.469722 -24.7768276),-24.7768276,-53.469722,6,"Parana,Cascavel",Sequeiro,R5 (formação de dentes / dent),50,5. Excelente / Excellent,29,17,20,37,18,16,39,17,16,21,28,17,14,37,17,16,32,17,16,37,f4dac366-5ebb-4b84-99ab-9eff7161ddba,"9d4230d3-d9b8-4f0d-947e-4c16259fc234,d0bf840f-730a-4d17-a36a-21aeec985354",,156.87654248366013
d41d3b6f-bf79-4df8-b6cd-67b7386e39bd,8,2026-05-28 12:37:48 UTC,,,Andre Rossetti,SRID=4326;POINT(-48.1510575 -18.9538879),-18.9538879,-48.1510575,8,"Minas Gerais,Uberlandia",Irrigado,R4 (grão pastoso / dough),50,4. Boa / Good,28,15.5,16,34,14.5,20,34,11,18,25,29,15.5,20,36,12,18,28,15,18,34,"bca3ebbd-b21b-4882-8628-482f20ebce21,84381af7-9559-4e56-9f98-86b364d5825e,7198093f-760e-48f3-bebb-d80ac6038ba3","e175a62e-fce8-4fcb-ae9a-0246c661e631,b487e9ea-ba7b-4387-a96b-c927891b5b25,e36624db-21ac-4028-8709-382b9bb9a3da","bd9b92f0-5cd2-4290-b78a-5d46ccd205f0,3141713d-1da7-4161-a032-49cc6cd5d034,c0e3c6eb-00ad-4b75-bc17-bdce9d44c4e0",165.67689542483657
2347ca8a-08dc-44fe-a5a7-2b67dc394b49,8,2026-05-28 12:37:47 UTC,,,Andre Rossetti,SRID=4326;POINT(-48.0811803 -19.008511),-19.008511,-48.0811803,8,"Minas Gerais,Uberlandia",Irrigado,R3 (grão leitoso / milk),50,4. Boa / Good,25,13,14,32,15,16,36,16,16,34,20,15.5,16,34,15.5,16,34,14,14,30,"a307e083-ee8a-4c54-8726-0028f6d4748d,e01fe851-71dc-49e6-922a-0a9a9e787478,21211462-3ce5-48c2-ba3f-983fccce8277","367b82d4-1562-47e0-ab28-95e028869cdb,843df7a7-45b3-46a6-bddb-0e9ce2abf84a,fbd7df21-f714-4093-b679-bf798aab7ebb","186743fe-ec7c-4982-864d-3cefa911c08f,1720cc86-9b4b-4a52-8aaf-1fb03c7f4ea7,0eeff63d-fd67-4840-a05e-78e7f44b919a",114.54901960784312
09206c42-1fa4-4100-8c2a-8f222852d696,8,2026-05-28 11:57:08 UTC,,,Andre Rossetti,SRID=4326;POINT(-47.9364133 -19.1317646),-19.1317646,-47.9364133,8,"Minas Gerais,Uberlandia",Irrigado,R4 (grão pastoso / dough),50,5. Excelente / Excellent,26,16,16,35,15.5,18,34,16.5,14,37,27,16,16,34,15.5,16,36,13,18,30,"63b9a992-ee6b-4da2-8f78-e8d3920c2fce,797aac22-4324-497f-a41e-1b853129b7bf,85082539-4b07-4c2b-ac63-6d9019d4c0cc","bd32544b-89c3-4b47-ac56-72c2c22e2934,09af3d66-f86d-454a-9bb1-f9096e946a2b,f7f71685-1e0d-4a5a-984b-6b79e5206729","fa2ae2a4-3205-414b-bb77-6d77fb4c5399,3cba7292-f99f-4625-9c96-9ff356154c11,a4205da2-4578-46de-bca3-c9f42a24fe37",148.02334204793027
9367dcf6-0afd-4b14-a675-9ce945250b04,8,2026-05-28 11:57:07 UTC,,,Andre Rossetti,SRID=4326;POINT(-47.8590411 -19.2025515),-19.2025515,-47.8590411,8,"Minas Gerais,Uberaba",Irrigado,R4 (grão pastoso / dough),50,4. Boa / Good,35,14,16,30,14,18,26,10,18,21,35,15.5,16,35,14,16,29,13,16,30,"bca94138-420f-485d-aec5-64583e5152b4,b2ee2458-e08b-45e2-82a0-ac763d298f3b,9787f596-010e-4e88-97bc-3264c57488d2","e649a3f6-d558-45ae-ab40-14ba95cc4051,d87268a2-49c1-47ab-995b-72c5aa8a1a25,d3051511-f868-4fec-8974-ce05a7ffec12","20a58240-6c98-44e2-870c-6eb57db6978e,da8d1000-c810-4274-9911-575999b2f35c,58cd0858-ba96-402e-a520-2dd7093bdfc7,87975ebe-155e-4e4a-a8ea-9c2122d3517b",165.5980392156863
86205448-3cd3-4446-a776-2f83949d51f6,8,2026-05-28 11:57:07 UTC,,,Andre Rossetti,SRID=4326;POINT(-47.6533501 -19.2622343),-19.2622343,-47.6533501,8,"Minas Gerais,Santa Juliana",Irrigado,R3 (grão leitoso / milk),50,4. Boa / Good,31,15,18,34,14,20,31,14,16,31,27,16,18,35,12.5,16,29,10,16,28,"4db25aca-881b-47dc-beb2-0087ce9e3417,6002ab5e-b1bd-4af4-a767-9e7afa25030e,413395e9-bcda-4146-b3f9-0ebb99104aff","5f28d022-58df-45e6-9847-d09bde841c52,3e689089-2be0-47fc-9c3c-a99bcf6744de,0eb01819-4ea2-43d2-9075-2ec58ea8625a","dd051cba-ea0d-41cd-88ab-0037c504ce0d,c2a73bd0-cdbe-4965-8cd1-c886d375fa57,f7dbe418-d5af-45b6-9b93-7e72da4f758b,356b1cd5-6d36-4c5b-8700-6829567bf5fc,3846642a-da8a-42d2-9497-bfb08aaec941",156.8845664488017
e4f2b6b5-786b-4669-a218-a19bf2b01e2f,6,2026-05-27 21:54:21 UTC,,,Altielly Santos,SRID=4326;POINT(-53.3623138 -24.5593293),-24.5593293,-53.3623138,6,"Parana,Nova Aurora",Sequeiro,R5 (formação de dentes / dent),80,5. Excelente / Excellent,45,16,14,32,16,16,35,15,16,35,42,16,12,33,16,14,26,16,14,27,9781d8b4-5fcd-4973-b114-0886b7cf7c5e,"b3766061-31e8-4d9a-8215-504f18fbd458,f50898c8-09a1-46fe-85a2-a059d264d23e",,121.62325163398692
c2bd0707-108a-444a-ae71-79b0734be996,6,2026-05-27 21:54:21 UTC,,,Altielly Santos,SRID=4326;POINT(-53.1655357 -24.5817227),-24.5817227,-53.1655357,6,"Parana,Corbelia",Sequeiro,R6 (maturação fisiológica / physiological maturity),50,3. Média / Fair,29,14,14,31,14,14,32,14,14,31,28,14,14,31,14,16,31,14,16,23,4489b8bd-28cc-456d-9f5c-549fab36fb3e,"c8e7bf92-4fef-4c59-9357-39108a5f1c8f,eeadc282-ece4-432f-94b1-976ea71d5a11",,124.21430065359475
38a829df-537b-4348-8699-78fa7eb24736,6,2026-05-27 21:54:20 UTC,,,Altielly Santos,SRID=4326;POINT(-52.9482604 -24.5344203),-24.5344203,-52.9482604,6,"Parana,Ubirata",Sequeiro,R5 (formação de dentes / dent),45,4. Boa / Good,29,16,14,31,16,12,31,16,12,36,26,16,14,36,16,14,27,16,12,30,1e004dfb-66f3-48aa-8098-deaf00b83c80,"2b90ed9a-ef32-4487-805c-d00d50c12859,33d0607e-ac7a-48c6-b352-7c9ac4ea202f",,125.95319535221493
6e4b9db3-910b-4d06-a41d-9c8f3f9825ca,6,2026-05-27 21:54:20 UTC,,,Altielly Santos,SRID=4326;POINT(-52.8466677 -24.4499296),-24.4499296,-52.8466677,6,"Parana,Juranda",Sequeiro,R6 (maturação fisiológica / physiological maturity),45,2. Ruim / Poor,28,12,14,27,11,14,25,11,16,24,26,10,16,6,11,16,17,11,16,22,a367af56-20a3-48ac-9040-437d2eabf57c,"f9bbf528-85c3-4260-b3ec-7199748c09a4,3af5a4f4-8c72-406a-ab1d-dc2145a6cdfa",,92.40287581699347
04b487c1-ac9e-4d10-be8f-d4d1be42dd66,6,2026-05-27 21:54:20 UTC,,,Altielly Santos,SRID=4326;POINT(-52.9303876 -24.3504128),-24.3504128,-52.9303876,6,"Parana,Juranda",Sequeiro,R6 (maturação fisiológica / physiological maturity),45,4. Boa / Good,30,17,16,34,17,16,32,15,16,27,29,15,14,24,17,18,32,17,14,37,3a8edff4-ed76-4e40-869b-6e5f3f37878c,"286871ff-d3d1-4abc-9306-6386d567cab6,1aaf2e1e-0420-4034-b1ca-cc68da59d0ee",,158.56646332607116
e6047407-841e-4592-a02b-90abc2f509b4,6,2026-05-27 21:54:19 UTC,,,Altielly Santos,SRID=4326;POINT(-52.7303943 -24.334341),-24.334341,-52.7303943,6,"Parana,Boa Esperanca",Sequeiro,R5 (formação de dentes / dent),45,4. Boa / Good,30,15,16,24,18,18,31,15,16,31,28,15,16,32,15,18,27,15,14,37,3a517ccc-e461-4d36-a4d9-2d9fe60641b5,"4c019149-bdfe-4fd6-b7f9-a3e2cfc5c504,c656128b-7f64-4fc8-b612-3a869038c2e9",,159.01715807310578
bcca92d7-4f32-4604-ade4-e2c124c8c775,6,2026-05-27 21:54:19 UTC,,,Altielly Santos,SRID=4326;POINT(-52.7831601 -24.2610096),-24.2610096,-52.7831601,6,"Parana,Boa Esperanca",Sequeiro,R5 (formação de dentes / dent),45,5. Excelente / Excellent,29,17,14,36,17,16,35,17,16,37,27,15,14,36,17,14,34,17,14,35,9c06010a-aa1c-40ec-aeed-2912db22ed0a,"d4b876e2-8b8f-4062-ab61-9c40964eb440,fcc77ccb-f893-4732-abd4-6e5e15872f54",,161.34994916485113
95e1ef31-db4c-4d67-86f8-21b86c0b768f,6,2026-05-27 21:54:18 UTC,,,Altielly Santos,SRID=4326;POINT(-52.6107617 -24.3086549),-24.3086549,-52.6107617,6,"Parana,Mambore",Sequeiro,R5 (formação de dentes / dent),45,4. Boa / Good,35,17,14,27,18,16,38,17,16,39,33,17,16,34,17,16,33,17,16,32,ffcdab13-56b1-4448-a3fe-a482a498dc48,"30010a6b-877c-48c5-a260-c22e88f847d2,324ef5aa-236f-420a-9656-a2ec8bbb3562",,199.4579423868313
ade1ad95-2e7c-41ec-b68e-01298ab12db5,6,2026-05-27 21:54:18 UTC,,,Altielly Santos,SRID=4326;POINT(-52.5206048 -24.2340208),-24.2340208,-52.5206048,6,"Parana,Mambore",Sequeiro,R3 (grão leitoso / milk),50,4. Boa / Good,28,19,18,34,18,18,34,18,16,34,23,17,16,34,18,20,34,18,18,32,0d65d870-c533-462d-af8d-a4e140871541,"10e3f234-20fa-4856-a209-8b3669bcd728,f1f44270-75a8-4aed-aa0c-349fba2b5d7b",,151.07355555555554
10bc140f-be5d-4b57-9bb6-f94da5577a7c,8,2026-05-27 20:30:11 UTC,,,Andre Rossetti,SRID=4326;POINT(-47.544367 -19.3156093),-19.3156093,-47.544367,8,"Minas Gerais,Santa Juliana",Sequeiro,R3 (grão leitoso / milk),50,3. Média / Fair,23,12,18,30,13,20,30,12.5,18,29,28,13,16,34,13,20,30,11,16,25,"f585ecfd-1f25-4eaa-bb88-9e912277a0e0,36f03fd0-9543-448f-9863-50ade26b5b71,9ff05b75-001e-4140-ad48-5d8789921e2d","295d6932-404d-48b9-93cd-13c61d07e85f,644f76f3-7a73-4589-9c70-c5d8d5decad8,03b58734-c279-467d-9e43-87523ec248fb","ae46d773-1a13-4521-9a87-9d1dc69b75c2,65dd87bc-8450-4560-a62a-23bd92a21f7e,e68bd8d0-818d-470c-bc07-7044d88b2d3b,a1288c15-19df-4f71-8c28-1d87cfd72993",135.636
a37514d1-0f29-491d-a8ee-7eb1ed03b9d1,2,2026-05-27 20:19:11 UTC,,,lucas frurquim,SRID=4326;POINT(-50.7909059 -17.8449986),-17.8449986,-50.7909059,2,"Goias,Rio Verde",Sequeiro,R5 (formação de dentes / dent),50,3. Média / Fair,37,10,16,27,10,18,22,12,16,37,32,8,10,14,12,16,29,12,14,25,a7fab23d-bfde-42da-a45e-33fd64eceded,f45c8339-29cd-4387-b955-e6d1e766ed49,aa547f40-d4be-44e4-bef9-b5ba9230553c,132.3041176470588
43dcd52c-2217-4f40-a6d0-d7c938caa74f,2,2026-05-27 20:19:10 UTC,,,lucas frurquim,SRID=4326;POINT(-50.6378537 -17.9030525),-17.9030525,-50.6378537,2,"Goias,Rio Verde",Sequeiro,R6 (maturação fisiológica / physiological maturity),50,3. Média / Fair,24,15,18,38,10,18,32,9,14,19,24,12,14,24,13,14,29,13,16,30,24ad5f69-024a-436e-9a12-9605135ac4c7,0b56c1a2-dbd6-4922-b9ae-daed5ac5773f,a84a25c1-5ae4-4e52-8298-014fcdf17bb5,107.36397385620914
c18b0f94-e9e6-4418-8c19-54bf6a8e025b,2,2026-05-27 20:19:10 UTC,,,lucas frurquim,SRID=4326;POINT(-50.5484897 -17.8876424),-17.8876424,-50.5484897,2,"Goias,Santa Helena de Goias",Sequeiro,R6 (maturação fisiológica / physiological maturity),50,1. Muito ruim / Very Poor,27,6,4,18,9,16,10,9,16,10,27,1,2,1,5,3,5,5,3,5,1d32efda-01cc-480d-8dc0-7b88154de555,e599cd5e-f846-4b88-a468-d6f3afa195ee,7bb1a295-78c5-494f-9952-92b972d082b2,16.106588235294115
f5215239-c0a2-4471-a04b-de66184a83aa,2,2026-05-27 20:19:09 UTC,,,lucas frurquim,SRID=4326;POINT(-50.4499662 -17.6803511),-17.6803511,-50.4499662,2,"Goias,Santa Helena de Goias",Sequeiro,R6 (maturação fisiológica / physiological maturity),50,3. Média / Fair,27,12,16,32,9,14,27,10,16,29,25,9,10,10,14,14,29,15,14,32,bfe21d2b-de32-4d5b-811f-c02391cd95d7,24115d63-9354-4b80-94cc-9abd99ee41c3,daa7bac8-11ba-408f-aec0-e8c03c084a08,96.08172549019608
0def9838-eaf3-4f14-8189-becd4f1422c4,2,2026-05-27 20:19:09 UTC,,,lucas frurquim,SRID=4326;POINT(-50.381835 -17.5342944),-17.5342944,-50.381835,2,"Minas Gerais,Arantina",Sequeiro,R6 (maturação fisiológica / physiological maturity),50,4. Boa / Good,29,13,16,28,13,16,31,9,18,21,26,12,16,23,15,16,34,12,18,28,90c4aec5-6b93-424e-9735-e6298b4ac8aa,f56e3295-9b77-44aa-9a18-a6ded8618bef,1d214b57-54d4-4593-a74a-8bd0822eed17,125.54738562091505
de202da3-942c-47c0-8c35-5c107d70535d,2,2026-05-27 20:19:08 UTC,,,lucas frurquim,SRID=4326;POINT(-50.4278345 -17.4398001),-17.4398001,-50.4278345,2,"Goias,Acreuna",Sequeiro,R5 (formação de dentes / dent),50,2. Ruim / Poor,27,9,16,27,9,16,18,13,16,29,24,9,14,18,11,16,21,10,14,23,72629627-b9c9-4565-8df1-d34f367b2c59,7af71933-05c6-4bc7-b503-e8169fd79dd9,ad4ed060-5094-4118-9af6-70e41ff904d4,88.27911111111112
f00f48c2-9227-48cf-9142-ff7ba78a9eb6,2,2026-05-27 20:19:07 UTC,,,lucas frurquim,SRID=4326;POINT(-50.3489979 -17.419981),-17.419981,-50.3489979,2,"Goias,Acreuna",Sequeiro,R6 (maturação fisiológica / physiological maturity),50,1. Muito ruim / Very Poor,27,7,14,8,7,14,17,7,14,8,24,4,5,3,6,12,9,6,16,8,3d19f5d7-4c43-4342-8739-10ba85f1eaf0,c8d2fab9-1b1e-42fb-945b-8e7500dbafcc,77962e36-fa81-43b0-8cad-d4724a50de2a,28.045833333333338
7026fb7b-2091-4556-8aae-2f9604954cb5,2,2026-05-27 20:19:00 UTC,,,lucas frurquim,SRID=4326;POINT(-50.2385772 -17.5037893),-17.5037893,-50.2385772,2,"Minas Gerais,Arantina",Sequeiro,R4 (grão pastoso / dough),50,4. Boa / Good,20,13,18,31,13,16,33,14,18,37,24,16,16,31,14,16,24,18,18,45,260b2250-1175-49a9-9a6d-a6de5037cdf0,dfda32a0-93b4-4b93-b8f9-f8e406ee40f9,b2d58ac8-57cf-4038-a67d-be892a180e66,124.79866666666666
f7f8390e-e7cd-4ab9-9565-7cc02998bbd4,2,2026-05-27 20:18:58 UTC,,,lucas frurquim,SRID=4326;POINT(-50.2417454 -17.5519365),-17.5519365,-50.2417454,2,"Minas Gerais,Arantina",Sequeiro,R6 (maturação fisiológica / physiological maturity),50,2. Ruim / Poor,17,11,28,24,6,14,10,9,16,14,20,5,14,16,6,14,9,12,16,12,2217ed76-d75c-4a94-9d12-10728a292f18,8ca197af-d7e0-4dc6-beae-4dcc56ef5f75,4f16c2b2-4d6c-43b5-8bb1-8e1037287c9f,44.37944444444443
87a9dfd9-f048-4c62-b2a4-e327a7ef1602,2,2026-05-27 20:18:57 UTC,,,lucas frurquim,SRID=4326;POINT(-50.3695628 -17.6050854),-17.6050854,-50.3695628,2,"Goias,Edeia",Sequeiro,R5 (formação de dentes / dent),50,2. Ruim / Poor,17,11,14,22,6,14,15,5,14,19,22,6,14,11,7,14,17,9,12,25,4cd277cf-b51e-4299-9756-263f98831d13,d6b20ea5-004d-4b34-97da-9b9b8b1a94e8,a05edf5d-f94c-4622-9cfa-ec3fa6d01c21,48.22430718954248
41ae2ab8-09db-43a3-9b29-52f3059044ee,2,2026-05-27 20:18:57 UTC,,,lucas frurquim,SRID=4326;POINT(-50.3671707 -17.7099997),-17.7099997,-50.3671707,2,"Goias,Turvelandia",Sequeiro,R6 (maturação fisiológica / physiological maturity),50,3. Média / Fair,17,12,14,27,14,16,41,12,14,22,20,14,14,29,15,14,24,13,12,24,fab0d93c-efb6-450f-8e91-3f2eb55d9e0b,c04acfad-c49b-4815-9c0e-ce8d0f15bef9,e36a4789-9f12-4e0f-9be0-729f9eb313ca,71.8056339869281
d3437c44-ac3b-4773-9d9d-dd0c1b871d83,2,2026-05-27 20:18:56 UTC,,,lucas frurquim,SRID=4326;POINT(-50.3567904 -17.8219377),-17.8219377,-50.3567904,2,"Goias,Turvelandia",Sequeiro,"R1 (estigmas pretos, recém polinizado / silk)",50,3. Média / Fair,26,11,18,21,11,18,23,5,20,24,20,12,15,26,10,16,24,12,14,25,596704db-b6a0-4647-bd8c-bc85c5263e95,4e97f0d8-d03a-44e3-b973-d0a7353cd700,adc33ba4-d2de-4879-9ab0-276d410ab7c8,91.91286056644877
93e72eea-3b14-4e6e-8b21-195ab91a447f,2,2026-05-27 20:18:55 UTC,,,lucas frurquim,SRID=4326;POINT(-50.530329 -17.8140318),-17.8140318,-50.530329,2,"Goias,Santa Helena de Goias",Sequeiro,R6 (maturação fisiológica / physiological maturity),50,2. Ruim / Poor,26,11,16,19,10,16,22,9,14,21,29,16,16,34,14,16,31,11,16,29,8fa47d89-8b5d-4ac8-b157-748c247b078d,93398840-a9be-4530-8f0e-abed71ab68db,81bd5869-974d-47f2-bfa7-1519c2e207d0,111.57738562091502
4080256b-9e9f-4f09-946f-1738c6070a3d,2,2026-05-27 20:18:55 UTC,,,lucas frurquim,SRID=4326;POINT(-50.5724795 -17.735011),-17.735011,-50.5724795,2,"Goias,Santa Helena de Goias",Sequeiro,R6 (maturação fisiológica / physiological maturity),50,3. Média / Fair,28,15,16,29,14,14,32,11,18,22,25,8,12,12,12,16,25,13,18,27,0125b288-487b-408a-a4e7-c7378f7f716d,e0e18fb8-58ba-4816-b884-70777e1fdc1a,e2e24f8b-892c-4103-9c1e-2a1ffa46eda7,101.3169477124183
9073a5f5-0d7b-48f5-95bd-93bbffb21458,2,2026-05-27 20:18:54 UTC,,,lucas frurquim,SRID=4326;POINT(-50.5354881 -17.6123289),-17.6123289,-50.5354881,2,"Goias,Santa Helena de Goias",Sequeiro,R6 (maturação fisiológica / physiological maturity),50,4. Boa / Good,28,11,20,27,18,18,42,16,18,34,24,14,18,30,15,16,31,17,16,37,4a993032-9574-439a-80fd-5dfec9cff278,632785aa-dcae-4d34-85ba-f5f8df0887d8,da9d5e80-352b-4397-8b86-75ece97924a1,153.27322875816995
0cc727b6-bc68-4eb8-aa7c-9f5ce6e22cb0,2,2026-05-27 20:18:54 UTC,,,lucas frurquim,SRID=4326;POINT(-50.6351165 -17.5619436),-17.5619436,-50.6351165,2,"Goias,Santo Antonio da Barra",Sequeiro,R6 (maturação fisiológica / physiological maturity),50,4. Boa / Good,32,13,18,33,14,16,38,11,18,31,28,12,18,24,12,16,31,12,18,36,8ac1984e-2c44-44c0-b61d-e2e2e234fe6d,fcd2aa69-acd4-4c3f-b886-f0d6b822709e,6d24a3b6-0ce0-4b9c-b1ab-b9393eaf37c5,166.6107189542483
e9d79f01-bba5-4f74-bec5-7a4d91e7ed74,2,2026-05-27 20:18:53 UTC,,,lucas frurquim,SRID=4326;POINT(-50.6469604 -17.6836988),-17.6836988,-50.6469604,2,"Goias,Santa Helena de Goias",Sequeiro,R6 (maturação fisiológica / physiological maturity),50,4. Boa / Good,28,14,18,37,12,16,28,16,48,18,26,15,16,31,16,14,31,12,18,32,242579c0-9370-48dc-b699-d4146b8ded6d,763ef65e-27dc-4b38-abb2-547298b7da94,6b7d8388-c48e-4c54-a012-2c7018ef0d42,171.89823529411763
07bdfdfc-e48e-45d9-9764-d25ffe4b0b8e,2,2026-05-27 20:18:53 UTC,,,lucas frurquim,SRID=4326;POINT(-50.6128071 -17.7834281),-17.7834281,-50.6128071,2,"Goias,Santa Helena de Goias",Sequeiro,R6 (maturação fisiológica / physiological maturity),50,4. Boa / Good,29,11,18,28,13,18,35,15,16,42,27,14,14,32,11,14,20,16,14,35,74772693-2d2f-4b08-b00c-713c348c2da0,81f7b38a-fa20-4e7d-bdd4-95abacf3a8dc,32df8888-10dd-4ecb-9671-5fa21909a7b1,139.8228496732026
3afd1705-6399-4de6-a4bd-065e0fb6e190,2,2026-05-27 20:18:52 UTC,,,lucas frurquim,SRID=4326;POINT(-50.7259495 -17.7942315),-17.7942315,-50.7259495,2,"Goias,Santa Helena de Goias",Sequeiro,R6 (maturação fisiológica / physiological maturity),50,4. Boa / Good,28,18,18,32,18,16,34,19,20,42,26,18,18,34,18,18,35,16,18,32,565fc3a6-cc8a-4a46-a35f-08c404322020,8ae475d4-ec53-4241-89a7-63e951fcba07,bd6e557a-13a3-4a55-9e5b-5f7bf6142269,168.62611764705886
e25a1674-26aa-4ed1-9dab-a5d0a647e142,2,2026-05-27 20:18:52 UTC,,,lucas frurquim,SRID=4326;POINT(-50.8700668 -17.7970034),-17.7970034,-50.8700668,2,"Goias,Rio Verde",Sequeiro,R6 (maturação fisiológica / physiological maturity),50,4. Boa / Good,27,13,16,28,14,33,18,13,16,27,25,13,18,29,14,16,33,12,18,26,9dd91de4-70d5-43b7-9185-b4d257616eac,090c8b11-ac0b-412e-901c-450bfc587b9d,b411dd63-cf79-4279-a290-e0e28ee1058f,135.51149019607843
7e2122f1-d1f5-4f4e-a2b9-f8284d768eb4,9,2026-05-27 20:14:21 UTC,,,Letícia Viração,SRID=4326;POINT(-54.94395841554343 -21.062526803453807),-21.0625268035,-54.9439584155,9,"Mato Grosso do Sul,Sidrolandia",Sequeiro,R3 (grão leitoso / milk),50,2. Ruim / Poor,25,12,14,21,10,14,22,13,14,24,24,11,16,26,12,12,24,13,12,27,4069d4aa-f9e5-496d-a0ff-d3df57433bf6,"60027462-a9f6-42e4-8fee-1bd24567c471,b0404358-7ad0-494d-a4b1-2981ae4fcf9d",1a862670-0fb6-4b92-9c44-6006701ba648,80.044862745098
b4d543e0-2e5f-4611-af1c-7a08d022e170,9,2026-05-27 20:14:20 UTC,,,Letícia Viração,SRID=4326;POINT(-55.005484261669835 -21.215713622415258),-21.2157136224,-55.0054842617,9,"Mato Grosso do Sul,Sidrolandia",Sequeiro,R6 (maturação fisiológica / physiological maturity),50,2. Ruim / Poor,27,12,16,23,8,12,18,12,12,24,22,11,16,23,13,16,25,11,16,23,6749ef2d-8f71-4594-bcd6-da6fe04db4d3,f0567365-aaea-4ce3-b71e-640a45f115a8,dabc00b4-2e13-4c2e-9b73-34807a1c0f92,81.1294814814815
e802afba-f982-4c0a-bdd3-a6752797351f,9,2026-05-27 20:14:19 UTC,,,Letícia Viração,SRID=4326;POINT(-55.10861612076074 -21.38198709300084),-21.381987093,-55.1086161208,9,"Mato Grosso do Sul,Maracaju",Sequeiro,R4 (grão pastoso / dough),50,4. Boa / Good,25,12,18,28,10,16,25,9,18,15,27,10,16,26,11,18,27,11,16,26,6c183c47-1a87-4540-9c95-e08b2fce963d,f0a9ad9e-8875-4e72-ba6d-061f0900efda,76de2718-81db-47f3-bc86-22f5657b716b,107.865333333333
d18465c7-5669-4565-aee0-00a4d053f7fc,9,2026-05-27 20:14:18 UTC,,,Letícia Viração,SRID=4326;POINT(-55.16514247609154 -21.49194489729934),-21.4919448973,-55.1651424761,9,"Mato Grosso do Sul,Maracaju",Sequeiro,R6 (maturação fisiológica / physiological maturity),50,3. Média / Fair,24,12,14,26,8,16,14,12,16,26,25,12,16,21,13,16,23,12,18,22,2683214f-b2c3-44a5-aa0a-94388dda3773,50a6fd61-862a-41c7-a81d-099e20b1b98f,facdfd7d-cc19-4233-a083-e4867d5860f4,85.9018039215686
9fbe1361-2985-47bf-9b6b-00aeb01ccda0,8,2026-05-27 20:00:20 UTC,,,Andre Rossetti,SRID=4326;POINT(-47.3688919 -19.3458225),-19.3458225,-47.3688919,8,"Minas Gerais,Perdizes",Irrigado,R4 (grão pastoso / dough),70,4. Boa / Good,40,15,14,34,16,16,33,13,16,31,36,13,18,29,14,16,29,15,16,34,"42e03f30-0843-44a2-9db8-d5e9f17c5603,6547029f-c1b1-4c58-9898-5e646773ed18,81ab1c81-af97-44b3-9865-e18b7ad9a69b","7d556787-03c9-43f5-8c14-b0a722b0550a,52b03ddb-6edf-45b2-9b4d-50e29dbdc0f9,3d9e2bc2-e5ca-4c89-8c79-b3c93110f34a","811ae040-d58a-4e2a-8637-06bbfdb998e0,d749eb4f-2071-4c71-a0ab-25333f749b97,19207fd6-bede-4f2c-8561-abc7d1c51876",136.9845004668534
dd4902fa-a1a2-438f-9b37-447c6cceef58,8,2026-05-27 20:00:19 UTC,,,Andre Rossetti,SRID=4326;POINT(-47.0334426 -18.9707837),-18.9707837,-47.0334426,8,"Minas Gerais,Patrocinio",Sequeiro,R4 (grão pastoso / dough),50,4. Boa / Good,30,14,16,29,12.5,18,27,14,16,33,29,12,16,27,13.5,18,30,10,18,20,"3bcd6353-786f-4ca0-aa0c-6cf210ee463d,f751c530-a17e-4d5e-b19d-82650586f91a,c201146e-2f72-4fa7-9e5f-396a853528ef","9ce2c7bd-8686-4a34-bcf6-7a3f1b7b966f,0ce7a172-4e06-4d72-9824-99b6467a0ae2,3731e8c3-ea39-4984-a8b4-bad4407899eb","2f0e0bb2-a939-460e-9d85-cf2ec4b32a81,623b28c1-d301-43c5-a905-4e5839c79cfa,16d6075b-034a-4d0d-b042-a6d21b814e0e,930ea933-21e1-43e8-9422-3cd5674c78a6",138.20422222222223
a8e8ea17-71a6-46be-8411-28b7715ead87,8,2026-05-27 20:00:18 UTC,,,Andre Rossetti,SRID=4326;POINT(-46.9365895 -18.8912095),-18.8912095,-46.9365895,8,"Minas Gerais,Patrocinio",Sequeiro,R4 (grão pastoso / dough),50,3. Média / Fair,29,14.5,16,31,10,16,25,8,16,20,29,6,18,16,13,18,29,10,16,25,"83cbbaed-0b0d-448b-a0e0-c4819b42a8ea,d044fe9b-9b5a-445b-9528-ca8c1fd3f0d6,56110edf-91ad-4532-8f15-08adc570699d","9125a05a-2f59-4071-86fa-3b8da40611c8,f903e49f-ea7b-401a-984d-fe45da8f8507,c194683f-ae4b-438a-9a05-68cb03803b09","49ff66ec-9818-4bb7-9a27-bc15ca435de1,0c4f966a-d484-46c5-bdae-68d230d777bb,9a5319bf-7753-4dd3-8467-74c26622aae2",117.14989106753812
caa5caff-38e4-4739-9450-10b89b7492a1,8,2026-05-27 20:00:17 UTC,,,Andre Rossetti,SRID=4326;POINT(-46.835361 -18.8361483),-18.8361483,-46.835361,8,"Minas Gerais,Guimarania",Sequeiro,R3 (grão leitoso / milk),50,3. Média / Fair,24,10.5,16,25,12,16,31,14,20,31,22,8,18,17,11,16,26,14,20,35,"dbfb5a58-cb33-468c-9186-849d2991f761,db1d2e2f-b5e4-4313-8a4b-24cd6405605f,cc456d07-aad4-453f-91c4-57c1bb617572","0eba69dd-a22b-4a2f-a0ba-21f0ef471002,b4d711ce-1b16-48f8-9e14-11c9feeada74,450ec2bb-bf18-4a9a-997e-066f777592c5","604c43ce-11bc-46eb-bb5c-68aed052adde,c366faea-63a0-40e4-a99f-05ae77651414,23c2d48d-d4ed-4703-9296-50e1ea32bcd9",111.30346405228758
7a9b1de7-c393-4a4e-82c0-e5677bd35eba,8,2026-05-27 20:00:16 UTC,,,Andre Rossetti,SRID=4326;POINT(-46.736508 -18.7968498),-18.7968498,-46.736508,8,"Minas Gerais,Patos de Minas",Sequeiro,R6 (maturação fisiológica / physiological maturity),55,2. Ruim / Poor,21,14,16,35,14,16,34,15,16,37,18,9.5,16,21,9.5,14,20,12.5,14,33,"ea560fc5-8897-4c5c-86db-d9fe64422e0c,8fd44eba-4e43-4c83-8585-6e904585f320,6da42c24-0382-4819-a59b-563f14bfd51e","62f8c7a6-e11e-42fd-9860-b1f9a3879c76,ce5dd464-76f9-4df0-9ada-b8fe3982d33e,15fafbd8-9476-457b-a095-00dd0d87f69b","c07de3cb-f4cf-4001-abc1-a283dde0f1a6,0ee96dd4-60cd-43a2-a654-d9731d6315a5,3122fc16-676a-40e0-bafc-e34fb37e7706,0b814be4-35c1-492b-bbdf-7853c73afc93",81.22566844919787
a0413049-b190-4bd6-897b-bac3053ba149,8,2026-05-27 20:00:16 UTC,,,Andre Rossetti,SRID=4326;POINT(-46.6396802 -18.7484038),-18.7484038,-46.6396802,8,"Minas Gerais,Patos de Minas",Sequeiro,R3 (grão leitoso / milk),50,3. Média / Fair,30,16,14,36,11,14,27,13,12,33,32,12,12,26,10,16,24,6.5,14,15,"f0390882-68b4-4726-bcbd-a7b9a3cdd299,7823c361-59b6-413b-926a-af289a8eba40,5f68afcd-02ad-4f21-9e43-5c9258290970","b75ff9d3-a26d-4268-b0b8-93c44f470d35,15b01c56-c61a-4063-83f9-d197c2334b0d,62f15709-c699-492f-82c3-9a110ed4aa89","d4856cfa-6cff-4673-8c10-76fde3e88495,0137fc90-a79a-4013-94a2-a8a96732d6d3,baecf761-5fce-4510-be34-313d6c04b28d,c2b0b72f-bfa4-4255-bc4d-d0d577fcb300",113.23806971677557
67db529d-0c44-4409-91f2-4c2e07b36c9b,3,2026-05-27 19:43:29 UTC,,,Monica Farias,SRID=4326;POINT(-51.874377421377474 -17.96668706895928),-17.966687069,-51.8743774214,3,"Goias,Jatai",Sequeiro,R3 (grão leitoso / milk),45,5. Excelente / Excellent,30,11,18,26,10,18,22,11,18,28,28,12,20,25,13,20,31,9,18,21,2ff2fbd0-a5c1-4a6c-900b-0db456762633,624196e7-45ed-4461-bafd-769d537f300d,57200be3-2a06-4ea0-acd0-8161fece45ea,152.776296296296
3fcc25d1-5576-482f-87fb-68d2c8621b51,3,2026-05-27 19:43:29 UTC,,,Monica Farias,SRID=4326;POINT(-51.99686983989384 -17.966195434009332),-17.966195434,-51.9968698399,3,"Goias,Jatai",Sequeiro,R3 (grão leitoso / milk),50,4. Boa / Good,28,12,20,28,9,18,19,9,22,21,30,12,20,30,13,18,32,12,20,28,524c4eb3-2b6e-47b2-883c-72f29a4fb4cf,555f282d-cc54-48a9-8069-d53933361fb6,f4f71b61-5b16-485d-a2a2-93749741c458,149.598806100218
f81537c2-c238-4db1-a213-ba48fb392908,3,2026-05-27 19:43:28 UTC,,,Monica Farias,SRID=4326;POINT(-52.11432161745812 -18.032660395855114),-18.0326603959,-52.1143216175,3,"Goias,Jatai",Sequeiro,R3 (grão leitoso / milk),45,4. Boa / Good,27,10,18,25,11,16,25,13,12,29,26,12,18,26,13,16,29,11,16,27,ea3b36ad-aaf2-46b1-a73b-408cd530e122,e1665f9d-9101-4dc2-8927-0bac2ae9bf74,88dcca5f-0fe7-4f3c-80d4-90807b8f6321,125.919070442992
350b74e7-84d6-47fa-953b-b568eb65765a,3,2026-05-27 19:43:28 UTC,,,Monica Farias,SRID=4326;POINT(-52.02953866687792 -18.133366783166426),-18.1333667832,-52.0295386669,3,"Goias,Jatai",Sequeiro,R3 (grão leitoso / milk),45,4. Boa / Good,23,12,22,29,10,18,22,9,18,20,23,10,18,29,9,22,21,13,22,28,ee62a831-88ee-4dfe-aef1-b1c1ab8abe59,3d15fce8-bf7b-497e-92aa-a74eabe0ef48,c1e0148f-6ba9-43c8-b420-6dc9584291bc,126.428177196805
e2899f61-4dd0-49c8-b70e-b017f94fa4a2,3,2026-05-27 19:43:27 UTC,,,Monica Farias,SRID=4326;POINT(-52.01287033058658 -18.24855707851917),-18.2485570785,-52.0128703306,3,"Goias,Serranopolis",Sequeiro,R6 (maturação fisiológica / physiological maturity),50,4. Boa / Good,23,15,16,34,16,16,34,15,16,30,27,15,12,32,16,16,35,10,16,23,69c72d48-46c7-4ed3-9cb0-cc52c16c5cd0,51145a2b-c3d2-42b6-99d1-beead316f35c,fe99c0e9-88d0-48f3-9131-c2df079647df,119.640087145969
8a7fcaed-359d-49f2-b7ee-39b188188e87,3,2026-05-27 19:43:26 UTC,,,Monica Farias,SRID=4326;POINT(-52.07722584236751 -18.67500971104879),-18.675009711,-52.0772258424,3,"Goias,Serranopolis",Sequeiro,R5 (formação de dentes / dent),50,3. Média / Fair,24,15,16,32,14,16,31,13,16,26,25,12,14,25,14,16,31,14,16,31,60d12cd5-6750-4905-937e-26b05678477a,28319698-2369-4a3a-8900-24207fa8e6bd,b490001e-1bb0-470f-9d54-4f259dcdb892,112.149577342048
5cb7a1e3-d0c7-4a60-83cf-453517a6a90b,3,2026-05-27 19:43:25 UTC,,,Monica Farias,SRID=4326;POINT(-52.45259897661937 -18.868601773788743),-18.8686017738,-52.4525989766,3,"Mato Grosso do Sul,Chapadao do Sul",Sequeiro,R6 (maturação fisiológica / physiological maturity),50,3. Média / Fair,18,13,18,33,14,16,34,12,16,29,23,13,16,31,12,14,32,12,18,32,f9555be0-af93-45b7-9a9b-3a0e9efb6157,ad7cdb83-c6bb-45c0-b453-76699ab31a1b,bd21cc47-aae7-4d0f-a036-0c95be26fe52,106.170616557734
eee6f40b-a2ee-4f97-b1e6-6cf544001b58,3,2026-05-27 19:43:25 UTC,,,Monica Farias,SRID=4326;POINT(-52.56982639360038 -18.817035099512836),-18.8170350995,-52.5698263936,3,"Mato Grosso do Sul,Chapadao do Sul",Sequeiro,R5 (formação de dentes / dent),45,4. Boa / Good,30,12,18,24,12,18,24,10,16,22,28,12,20,25,11,22,22,12,16,27,98eec914-8fc7-4515-8285-0d337fb59068,237f7cf8-befc-4187-beda-9365dfc27dde,b3e84413-e1b0-4a0a-80b7-eab8e68460ee,141.221786492375
600f2198-fab2-408b-8e14-ab577a66a20f,3,2026-05-27 19:43:24 UTC,,,Monica Farias,SRID=4326;POINT(-52.77767926459459 -18.940057531016823),-18.940057531,-52.7776792646,3,"Mato Grosso do Sul,Chapadao do Sul",Sequeiro,R3 (grão leitoso / milk),45,4. Boa / Good,25,11,20,26,10,14,25,11,18,27,26,11,16,27,11,16,27,12,16,31,e8571e43-27b4-4d90-9f1b-ff6d3400d495,df14fd4a-003c-46af-8b19-ec37f0b03e7c,c1567130-fcc7-4eed-84dd-83a14ae58afc,127.783950617284
1405214d-2186-4f33-8a35-4a8696bc6fde,3,2026-05-27 19:43:24 UTC,,,Monica Farias,SRID=4326;POINT(-52.67555457592137 -18.829254107094183),-18.8292541071,-52.6755545759,3,"Mato Grosso do Sul,Chapadao do Sul",Sequeiro,R4 (grão pastoso / dough),45,4. Boa / Good,28,13,14,31,14,16,32,13,18,31,25,13,18,29,14,14,32,13,18,28,a611cd71-456b-49f4-a6b8-eb4c50ac444e,54216c39-a071-412b-a5a9-c639796cbccc,27070822-90ff-418f-8098-1660a55e6208,146.10718228032
b8a64eef-9d89-4012-a056-dc14b1b76a8a,9,2026-05-27 17:13:42 UTC,,,Letícia Viração,SRID=4326;POINT(-55.34932284621088 -21.374163469315434),-21.3741634693,-55.3493228462,9,"Mato Grosso do Sul,Maracaju",Sequeiro,R5 (formação de dentes / dent),50,4. Boa / Good,28,16,14,28,16,14,33,14,14,27,26,15,14,31,13,14,26,12,12,27,b434842d-ac7c-4ad9-b049-1f77a006b912,399c0e42-d8c5-47a5-9ac1-f18bd8dfc86c,0921f0c4-d0b9-463c-b8b6-aaea09273f42,105.365176470588
f1f2c5fc-cbf7-4fb9-bf7a-fe95b860db21,9,2026-05-27 17:13:42 UTC,,,Letícia Viração,SRID=4326;POINT(-55.313314735830225 -21.48780304283845),-21.4878030428,-55.3133147358,9,"Mato Grosso do Sul,Maracaju",Sequeiro,R3 (grão leitoso / milk),50,4. Boa / Good,26,15,14,29,15,12,32,11,14,23,18,15,14,33,17,12,33,15,14,34,4d2b7ec8-5b1f-4344-8941-a50f1fc21a97,a8477274-b0f9-4da2-832a-8031eb6ff244,eaa82130-6ea5-4f22-a94d-871373b8c54f,89.602788671024
a7296bc0-b3cb-4047-a8e4-51c997231b4e,9,2026-05-27 17:13:41 UTC,,,Letícia Viração,SRID=4326;POINT(-55.21201855508165 -21.5768739301869),-21.5768739302,-55.2120185551,9,"Mato Grosso do Sul,Maracaju",Sequeiro,R6 (maturação fisiológica / physiological maturity),50,4. Boa / Good,23,14,16,33,13,14,31,10,16,22,25,13,20,27,11,16,25,10,16,19,18d3ce40-a2fb-4748-9e3b-43a1d3f8fa14,446f8067-0bd5-4753-8108-df62f0a9a2f9,d1520575-935c-40db-b036-cd6147c49829,102.17108496732
96eca088-3a2e-416c-bdc2-85f7b424b9c4,9,2026-05-27 17:13:40 UTC,,,Letícia Viração,SRID=4326;POINT(-55.07311977423219 -21.646679844651082),-21.6466798447,-55.0731197742,9,"Mato Grosso do Sul,Maracaju",Sequeiro,R3 (grão leitoso / milk),50,4. Boa / Good,26,12,14,29,13,14,28,14,16,27,24,14,14,29,14,16,25,14,14,29,9adf1ff5-1429-4104-a170-5ca177ee8e7a,3b8a36cd-2a38-43a9-921c-b87b1bf17624,b92f5865-5f02-453c-be44-477bf12310d8,101.655337690632
a499a6c6-579a-415b-89ec-c0738b0b73c0,9,2026-05-27 17:13:40 UTC,,,Letícia Viração,SRID=4326;POINT(-54.95097239620423 -21.605154911351754),-21.6051549114,-54.9509723962,9,"Mato Grosso do Sul,Maracaju",Sequeiro,R5 (formação de dentes / dent),80,4. Boa / Good,38,8,16,16,14,18,31,11,16,25,39,12,16,27,12,16,27,12,18,25,0597e67d-96a7-4d4b-acab-6a7a9f5f69ef,7a3a7e14-2576-42ff-aa7b-c125ad2f1505,3ba9fb29-a829-47c9-b8c3-27b7621615cf,100.533020152505
31fdd28c-9f9d-4fdb-9470-ebf4f02b07ba,9,2026-05-27 17:13:39 UTC,,,Letícia Viração,SRID=4326;POINT(-54.84118597768332 -21.599977681554396),-21.5999776816,-54.8411859777,9,"Mato Grosso do Sul,Rio Brilhante",Sequeiro,R6 (maturação fisiológica / physiological maturity),50,3. Média / Fair,26,11,12,24,12,14,23,12,12,25,29,15,14,32,11.5,12,20,15,14,27,b3681359-87ea-40a1-843d-b2443c4efe0a,15f5d7cc-2d92-49d2-ac6d-d48368ea1ad4,b7dfb370-2308-4936-880c-245e0193bbf1,89.6180065359477
f72757e7-ecc2-43c7-935a-8f9ea0be0f8b,9,2026-05-27 17:13:39 UTC,,,Letícia Viração,SRID=4326;POINT(-54.725375867796515 -21.680783124631347),-21.6807831246,-54.7253758678,9,"Mato Grosso do Sul,Rio Brilhante",Sequeiro,R6 (maturação fisiológica / physiological maturity),50,2. Ruim / Poor,27,13,14,25,15,14,28,12.5,14,23,23,15,14,24,12,12,21,15,12,25,8fe9a52c-9953-4361-95fb-aae2fc601a7f,ca1732b6-bd02-42d7-9db7-f5480a5b69e0,4b88892e-034c-4160-b096-4dc50cb366c8,80.7930283224401
9f1f9126-9d86-4da4-bdaf-aea2f0ed7f8e,9,2026-05-27 17:13:38 UTC,,,Letícia Viração,SRID=4326;POINT(-54.60364057687541 -21.746884449400905),-21.7468844494,-54.6036405769,9,"Mato Grosso do Sul,Rio Brilhante",Sequeiro,R5 (formação de dentes / dent),50,2. Ruim / Poor,24,14,14,33,15,12,31,15,14,31,22,15,12,33,15,12,28,15,14,29,bddb3064-91ef-482e-93ce-30e7e7dcff98,6471e4b4-ada2-4c4b-81c1-f2c4ee8106fe,b8b60859-f2a2-40ec-9da8-2fbbb3e4e536,91.8301307189542
c00a8eac-51dd-49d1-a828-1f0c42302293,9,2026-05-27 17:13:38 UTC,,,Letícia Viração,SRID=4326;POINT(-54.43039024080329 -21.584402094298053),-21.5844020943,-54.4303902408,9,"Mato Grosso do Sul,Rio Brilhante",Sequeiro,R4 (grão pastoso / dough),50,2. Ruim / Poor,26,11,12,28,9,16,28,9,14,19,20,12,16,27,8,16,17,12,16,28,688c800d-b028-4a79-bef0-5d52194d09d6,2098f513-6926-46f3-9712-df1568395242,388701c0-b505-4a4b-81aa-e9887fa42f19,84.1935294117647
8fc7400b-f69d-47b8-a08a-091546532072,9,2026-05-27 17:13:37 UTC,,,Letícia Viração,SRID=4326;POINT(-54.49644240361335 -21.696664737282276),-21.6966647373,-54.4964424036,9,"Mato Grosso do Sul,Rio Brilhante",Sequeiro,R4 (grão pastoso / dough),50,2. Ruim / Poor,23,14,16,31,13,18,29,12,14,28,17,13,16,28,14,16,31,13,16,30,8d73b019-a944-4657-b878-a41d1f04a266,a0ce4ecd-06dd-4b53-a5ed-23353af3c839,f6bcbd2c-bfde-4eb4-ba9b-e537d4e0f03b,94.0298039215686
0c882999-447a-479b-bf24-a139abdae9f2,6,2026-05-27 16:34:22 UTC,,,Altielly Santos,SRID=4326;POINT(-52.4125191 -24.1334337),-24.1334337,-52.4125191,6,"Parana,Campo Mourao",Sequeiro,R4 (grão pastoso / dough),50,4. Boa / Good,28,17,16,33,17,14,38,15,12,24,30,16,16,34,16,12,38,16,14,27,cc45c1fa-7e9b-4041-919f-9e3c4e7fedf2,"007e870f-b96f-4858-8ba9-cc47e77b0dd7,4f12d1a6-e9dd-40ac-babf-d848ab3d1f26",,130.7585359477124
f110ed4e-6842-45fe-91ee-bf5e3d16b7d4,6,2026-05-27 16:34:22 UTC,,,Altielly Santos,SRID=4326;POINT(-52.397045 -24.2502311),-24.2502311,-52.397045,6,"Parana,Luiziana",Sequeiro,R2 (bolha d'agua / blister),50,3. Média / Fair,28,15,14,26,15,16,30,15,16,34,28,15,16,31,15,14,30,15,14,24,af5b8d16-2ccc-4e1a-a95e-28991bd48cdc,"023d76fb-a2f4-4b3f-b374-3c1f88d3c0c1,54f620f7-bb57-4178-99a9-dd55533b4489",,122.01960784313728
74c421bd-60aa-4294-a15c-f236405288e9,6,2026-05-27 16:34:21 UTC,,,Altielly Santos,SRID=4326;POINT(-52.4179978 -24.3619512),-24.3619512,-52.4179978,6,"Parana,Luiziana",Sequeiro,R3 (grão leitoso / milk),45,3. Média / Fair,31,15,18,25,15,18,32,15,18,32,33,16,18,32,15,16,25,15,18,31,709c46e2-245c-4c7b-ad3f-99cdff8a216e,"5ad996fc-43f0-425c-a735-5205b365b405,0603defb-8234-4d3b-9d3f-c67f7a132441",,184.57702251270877
f3ebe07c-68a1-4007-9aa8-e5f2e4ecd56e,6,2026-05-27 16:34:21 UTC,,,Altielly Santos,SRID=4326;POINT(-52.3045245 -24.3394272),-24.3394272,-52.3045245,6,"Parana,Luiziana",Sequeiro,R3 (grão leitoso / milk),50,4. Boa / Good,33,17,18,30,17,18,36,17,18,33,31,17,18,24,16,16,38,15,16,34,a38ffea6-b0b4-4885-83e3-50d28bb869ba,"869bd7e3-2847-47f1-b9c0-e238eff1bc3f,4b65dffa-e73f-491a-818f-a6c72701b679",,179.55973856209144
c8f318d3-29bc-4d51-a4a8-3ed29ff967cd,6,2026-05-27 16:34:20 UTC,,,Altielly Santos,SRID=4326;POINT(-52.2608825 -24.2318514),-24.2318514,-52.2608825,6,"Parana,Luiziana",Sequeiro,R4 (grão pastoso / dough),45,5. Excelente / Excellent,33,17,16,32,16,16,34,16,16,32,31,16,16,33,16,16,34,16,14,33,eb6ea180-8695-4cee-9459-37ff403bd696,"c7a4e16e-5ae5-42e7-af7a-54b3b92b528e,85fc017a-ee07-4de1-a9f9-2e8826394cb4",,183.1013507625272
95f4bb3e-13f8-4f0e-907b-ffe6b1fca0b9,6,2026-05-27 16:34:20 UTC,,,Altielly Santos,SRID=4326;POINT(-52.168821 -24.125858),-24.125858,-52.168821,6,"Parana,Corumbatai do Sul",Sequeiro,R3 (grão leitoso / milk),45,4. Boa / Good,31,16,18,28,16,16,31,17,16,29,29,16,16,34,15,14,33,15,18,33,580b92db-102a-48ca-8fae-830539ddcefa,"54820ee3-ecc8-4f90-b915-edb44fabf887,f1b16509-e74a-4d24-a4fb-283a9266ea2f",,169.92360203340596
7f7f84f8-320f-4009-ba52-d07b7f034fb8,6,2026-05-27 16:34:19 UTC,,,Altielly Santos,SRID=4326;POINT(-52.0321234 -24.0440061),-24.0440061,-52.0321234,6,"Parana,Barbosa Ferraz",Sequeiro,R3 (grão leitoso / milk),45,4. Boa / Good,27,16,18,33,16,16,34,17,18,37,26,16,16,35,16,16,29,17,18,28,50533674-2469-4c08-9b17-ce57e0004a1d,"6d3ae038-9a60-496f-ab57-ac16416ec94b,fe029224-8ac2-41fe-9254-1482bfd4b968",,162.87358024691358
38315bc5-d37b-4c53-98e7-d8cf2f5d0f86,6,2026-05-27 16:34:19 UTC,,,Altielly Santos,SRID=4326;POINT(-51.9966161 -23.9245465),-23.9245465,-51.9966161,6,"Parana,Fenix",Sequeiro,R5 (formação de dentes / dent),45,4. Boa / Good,30,15,18,26,16,18,33,16,18,35,28,15,18,34,15,18,29,16,16,34,2457f471-4743-4753-8eb2-0323cafbc493,"77c177f0-3e41-4d32-982b-0e4550ad9026,612e4932-67b5-4c90-b2b6-5506c1027ead",,180.50355361897843
97f6d91e-def0-43c7-b2a8-50a44a5a0e69,6,2026-05-27 16:34:18 UTC,,,Altielly Santos,SRID=4326;POINT(-52.105998 -23.8775306),-23.8775306,-52.105998,6,"Parana,Quinta do Sol",Sequeiro,R3 (grão leitoso / milk),45,4. Boa / Good,24,16,16,29,16,18,34,17,16,36,27,15,16,29,15,16,24,15,16,41,87f870ed-0b2d-4e64-987e-fef24675deed,"62d8b31d-9a82-4563-b4c2-d3c2b5e85386,d2a56f6e-ab46-40ba-8756-42145eb7df61",,148.2764197530864
461d5d96-ce7f-40ed-a24e-229b38527007,6,2026-05-27 16:34:18 UTC,,,Altielly Santos,SRID=4326;POINT(-52.2247975 -23.8184737),-23.8184737,-52.2247975,6,"Parana,Engenheiro Beltrao",Sequeiro,R4 (grão pastoso / dough),45,4. Boa / Good,30,16,18,33,16,16,33,15,18,35,28,16,16,24,15,16,29,15,14,26,edd897f1-a6e6-424a-a9a5-adae425b78e1,"790aa25d-a50b-4906-81dc-979cf84a2d63,c36e9211-b707-458f-9518-d560596e889b",,157.2697167755991
51b5ce0e-054a-4584-9cdb-e3d1a424d76a,6,2026-05-27 16:34:17 UTC,,,Altielly Santos,SRID=4326;POINT(-52.20347 -23.7432628),-23.7432628,-52.20347,6,"Parana,Engenheiro Beltrao",Sequeiro,R3 (grão leitoso / milk),45,3. Média / Fair,30,14,14,26,15,16,32,15,14,24,25,18,16,32,14,14,24,18,16,37,d681679f-c065-43c4-a528-504b770544ec,"8f29c3c8-74fe-4f30-8f35-2847623e4918,caa9918b-d8a3-45f0-bfe6-1a48bf6e3cca",,133.1563180827887
212f08fd-4887-4800-83a2-49adb1cd810b,6,2026-05-27 16:34:17 UTC,,,Altielly Santos,SRID=4326;POINT(-52.30663 -23.8444008),-23.8444008,-52.30663,6,"Parana,Campo Mourao",Sequeiro,R3 (grão leitoso / milk),80,4. Boa / Good,44,18,16,36,17,14,31,16,14,31,44,16,14,33,17,12,35,16,14,27,cd1fc746-2b9c-4f7a-b00f-148dada98e1a,"bc4ebbea-4da8-48df-81c0-b37e6a0ab9f2,be01a659-623a-4e23-a5ca-979f96fffc13",,123.3560130718954
87a42f82-f71e-4223-b02e-5af176a5b77b,6,2026-05-27 16:34:16 UTC,,,Altielly Santos,SRID=4326;POINT(-54.3294659 -24.8355911),-24.8355911,-54.3294659,6,"Parana,Campo Mourao",Sequeiro,R2 (bolha d'agua / blister),50,4. Boa / Good,31,18,16,32,17,16,34,17,16,31,27,18,18,34,17,16,36,16,16,35,e05ccc96-64ad-4344-aa8b-288f88095812,"ff99a77c-a5b7-4733-bb5b-ad735789e33f,d72f11ee-22f7-44e3-8b5c-95c5ed81baae",,158.8424139433551
5e2a5b95-d9ed-4613-9d1a-386912e50497,8,2026-05-27 14:44:56 UTC,,,Andre Rossetti,SRID=4326;POINT(-46.457745 -18.5708209),-18.5708209,-46.457745,8,"Minas Gerais,Patos de Minas",Sequeiro,R6 (maturação fisiológica / physiological maturity),50,4. Boa / Good,26,16,16,38,15.5,16,37,16,14,39,27,16,16,35,15,16,33,14,14,33,"69a6e4e7-0c20-4652-a845-5f66be97ff92,80db22ea-78f1-4ca9-a635-ad36a54ee41d,8c45064c-6bf5-4910-beba-d06ccffdac32","8f9faf53-7fb7-4529-8312-cb01b7b3fd40,8321be24-8841-4ef2-ab6a-d6160fd61899,aff3ce80-6b20-44b1-9241-c709ca550d34","404c89c3-8077-4bbe-afe3-e4fdd5e383c7,9d02b57d-6e65-4843-ad9a-a0f30e1b3c0d,9e203ce6-f107-4bc0-97db-0fedf1d5f708,be97e436-f56b-4a16-a1ff-9b7059f82bc7",145.03178649237472
30b762d9-689c-44b5-bab1-2113b8a1e055,8,2026-05-27 14:44:55 UTC,,,Andre Rossetti,SRID=4326;POINT(-46.4746878 -18.3556071),-18.3556071,-46.4746878,8,"Minas Gerais,Presidente Olegario",Irrigado,R2 (bolha d'agua / blister),55,4. Boa / Good,30,14,20,30,14,18,32,12,20,28,30,12,16,28,13,16,32,10,18,24,"3a89eb8e-b006-4c29-bc5e-25608262a08e,e416f7b6-25d9-46b4-86b7-d05c3e3bc9b0,495a99db-b0e3-402e-bc0f-38dae3b2bfe7","6fa0a042-4ef4-4bfb-943c-0a286492a593,694b1fa2-38d8-4b0c-b62c-ac9e720cc949,eb40ec29-e905-4ca4-805b-aa2242739d67","cd77a086-97bc-4167-9c7c-899fb82feb03,30ffa7ad-ce2b-4e5d-9001-c77e5abf3283,e48e78ce-6b14-4622-b875-41161e8648ee",141.8053475935829
a3c3179a-3293-4c5f-ab5a-9b9d306786e0,8,2026-05-27 14:44:55 UTC,,,Andre Rossetti,SRID=4326;POINT(-46.4966657 -18.2284233),-18.2284233,-46.4966657,8,"Minas Gerais,Lagoa Grande",Sequeiro,R2 (bolha d'agua / blister),55,4. Boa / Good,31,13,18,34,14,16,36,13.5,16,35,30,11,16,31,13,16,34,11,20,29,"e3a5d554-fe84-47bf-9f76-bd533f2254fc,9066f4c9-acb7-4eae-879b-847585233256,f5fc290c-9dff-4f8b-bff9-3d07e5480f27","e2467ba9-9c46-44d0-a59a-06e089e4f645,ad6b1425-a0ff-4b0f-9dcb-8cd89876945e,45d002bf-0091-4c3d-a9ee-b42c13a1f97d","5408f2fd-f903-4d1f-9e6e-ead11e2400ae,e828a2c0-22ca-435f-bd0e-8819e349757c,a8d9e911-af7f-471b-9432-d3c05ff04b82",155.72252525252523
1461a684-a381-4944-9d8f-3df760a15f44,8,2026-05-27 14:44:54 UTC,,,Andre Rossetti,SRID=4326;POINT(-46.4652133 -18.1272682),-18.1272682,-46.4652133,8,"Minas Gerais,Lagoa Grande",Sequeiro,R3 (grão leitoso / milk),50,4. Boa / Good,25,13,18,30,12.5,18,29,13,18,30,26,11,18,27,13.5,18,32,14,18,30,"773ea23a-dd34-49ad-bc96-ad322d9a98ca,7158fa66-b342-4ca2-a44c-8f635b9b4749,84f56a5e-60b8-4c91-beb3-39c0cf59a083","48b7b358-8f2d-4ea1-9c6a-ddf97d4f3d1e,452a196d-06a8-4a91-be08-83eae56b7354,d9026d82-94f7-4174-8c1b-5ac3b06f083f","310b7b41-304c-4a05-b3cb-e749d0624b2e,33dd9f97-61cb-44d6-a42c-7bd58a40ab3e,dd685be1-452e-41b5-9138-827266e7ee76",135.636
2ef06813-928a-4391-b3b9-36bedac83648,8,2026-05-27 12:41:22 UTC,,,Andre Rossetti,SRID=4326;POINT(-46.4334968 -18.0276926),-18.0276926,-46.4334968,8,"Minas Gerais,Lagoa Grande",Sequeiro,R6 (maturação fisiológica / physiological maturity),50,4. Boa / Good,32,13.5,14,35,16.5,16,41,14,16,34,25,15,16,36,15,14,36,10.5,16,25,"dc7285c1-62c8-49a7-b128-c50ffd485412,bc63c09c-c780-46b1-a553-ef76af610f60,d53ed44d-6fe7-4376-b228-4f21a4da24a9","831c2852-34b0-4819-9f1d-d83057dfb94b,3c3c5c33-1713-4665-b37e-1d9cdc3cce9c,a53fde96-c454-4a6c-a6ba-ab900b8eafcf","38f264ac-2dce-4a98-9a72-a0d40bf4f8d8,fab75ea6-2e73-4f00-bf33-df83fc73748d,695fc61c-cef5-4525-88fc-a64fa5885765,9bba530f-e984-4d86-b941-755b1b601fd8",150.17376470588235
723fc165-a619-4dc5-88bc-bbe16bdf8f65,8,2026-05-27 12:41:21 UTC,,,Andre Rossetti,SRID=4326;POINT(-46.369133 -17.7218373),-17.7218373,-46.369133,8,"Minas Gerais,Lagoa Grande",Sequeiro,R4 (grão pastoso / dough),50,3. Média / Fair,27,12,18,23,14,18,31,13.5,16,33,28,11,18,25,9.5,16,20,10.5,18,26,"bc8dac91-a896-4c95-8cb9-947349080ae6,3c9343a0-ab3b-4975-abab-ecfb1cda2740,31fcd16a-3261-4ec2-99fc-2bc27c0e8b00","7b1fae80-c2a0-4ab4-9c90-98618f194683,368f198a-96ef-4092-ad4a-f844d82f6b77,4ccb2cfe-2a97-46c5-8892-bb998efdd1e4","09b20880-2718-46c9-bf29-277c86537fdc,9065322e-b5ab-462b-80d5-088ec8d1deb7,0ee2e6f1-73b9-44e9-9b25-aca96631b4cc,9a80b44b-800f-44b9-a428-2e21239d4c44",125.02997821350759
672962b6-1f0a-4d85-acd5-ea86313ce438,8,2026-05-27 12:41:20 UTC,,,Andre Rossetti,SRID=4326;POINT(-46.6345971 -17.4720063),-17.4720063,-46.6345971,8,"Minas Gerais,Paracatu",Irrigado,R6 (maturação fisiológica / physiological maturity),50,3. Média / Fair,24,15,18,33,15,18,32,16,18,36,23,15,18,33,16,18,32,7,14,11,"84c76bd9-6d17-401a-8ec4-e36404ae0dbe,8965e925-7d38-47d0-a93b-5463d7de960d,563375f1-7aa0-4f36-b5b0-d6bcd4dda177","45153d59-e8c7-40bc-b50b-d5e6866b0203,e358fc84-42e5-4c29-bca5-dee432f0a7e5,8f31ab92-d803-4535-a19b-a4efeaae8a1e","b4452d1a-fa7f-4b29-be83-0e0436e14583,05936383-6557-4bd5-9646-d8157f5317ad,6bf15afe-dddf-43c5-a9bb-4e770c1d3daf,e575c8d5-3196-4cb1-b948-5bbcd9dd77ca",119.69210457516337
2f24f1dd-dd41-45f9-933c-89418eab560b,8,2026-05-26 22:13:11 UTC,,,Andre Rossetti,SRID=4326;POINT(-47.3272391 -17.4303963),-17.4303963,-47.3272391,8,"Minas Gerais,Paracatu",Irrigado,"R1 (estigmas pretos, recém polinizado / silk)",65,5. Excelente / Excellent,61,10,16,32,10.5,18,33,10,16,32,60,11.5,16,31,11.5,16,31,10.5,16,30,"05161fb7-2050-4241-a82b-e57274ea7b4b,879d1359-f38e-443d-b10e-c9976c7e7dce,157d79c4-fe4c-4dc8-a193-5dd9ee7b4bbd","825cf2a1-e193-41d3-97e8-5c43bf23d8de,a89e4598-c1c0-49d9-8d69-e325b26313b2,1850835f-50ba-465b-ae78-8990eb28489c","d2f63524-6480-4b05-9fa3-12ce5a69eb3e,077b0452-8d39-40bd-87b0-56a1a7213315,c39d1043-32a6-49c7-a615-04f8f1c62e50",238.50140271493208
87f3fc11-d79b-4cc6-a3eb-614c58d84c12,8,2026-05-26 22:13:08 UTC,,,Andre Rossetti,SRID=4326;POINT(-47.3703942 -17.4835967),-17.4835967,-47.3703942,8,"Minas Gerais,Paracatu",Sequeiro,R5 (formação de dentes / dent),50,4. Boa / Good,25,16.5,18,36,18.5,18,40,14,18,30,22,16.5,20,37,16,18,36,16,18,36,"abc136b5-dde8-48fd-b078-33ad81f681b4,f1e8c0e0-0bdc-41c2-9bbd-a2baef3752a4,1f920a88-a934-4bfa-a8ee-5155b764197e","fb477aaf-43fd-42be-b746-ed3047ede240,d7deaf97-5a7b-44bb-b8d8-86239725ef7c,32d45cc3-36ef-427d-8e4b-4837b6a0ffd4","c19df948-60f7-4730-9a25-59908de06243,6a96aae2-f641-4bc1-9d6b-6a0b365ad6d9,63435139-2ad9-4d4a-97aa-0ce23b537bac",153.77652505446622
b6c2329f-be51-4e6c-8c16-3e918fb51fda,8,2026-05-26 22:13:07 UTC,,,Andre Rossetti,SRID=4326;POINT(-47.4557638 -17.5236226),-17.5236226,-47.4557638,8,"Minas Gerais,Paracatu",Sequeiro,R4 (grão pastoso / dough),50,4. Boa / Good,33,15.5,16,34,11,16,25,14.5,18,34,25,16,14,32,15.5,16,34,12,18,27,"dd0e7be6-e46d-4bdb-865a-688d5b37bdf9,bde7b582-7884-43b3-bb1d-a4716991c886,e87bdddd-17c4-4748-a986-1f7b3da4b314","699131f8-0765-46e7-a581-a7a9dbc5fabf,8e6715a1-7bcf-45d6-92c9-10b52722abba,a06154c8-5fa3-49ad-ae15-a27f42ddc9a3","69f264d2-c97b-429c-a9fc-2822695a31f4,91329530-06c2-4da2-9dc3-2d216e4addf0,1d683fb6-3b47-4b18-92d2-97ad75c187a4",146.2608366013072
a03d1b10-67fa-4949-b0d7-2a81497ae1ed,8,2026-05-26 22:13:06 UTC,,,Andre Rossetti,SRID=4326;POINT(-47.6490092 -17.5144363),-17.5144363,-47.6490092,8,"Goias,Campo Alegre de Goias",Sequeiro,R3 (grão leitoso / milk),50,1. Muito ruim / Very Poor,27,8,16,19,10.5,18,21,10.5,14,23,25,9.5,16,20,8,16,15,4,14,6,"6c92a6a0-9445-4338-816e-faec774059f6,5f1ac573-a0d2-4684-b860-841aa7bc4218,a0459ddb-478e-4e78-832b-c841ef775e8f","49b4269a-7f03-4b98-848f-de8c80f2ed00,589b44b5-5b38-44c5-835d-5fdefba67991,39fa2148-c84c-45c6-ab68-38ba90809271","2e9db295-5ab7-4dec-ba0f-b7da19e7be3d,1e1ee41a-332e-4ddf-ac2d-99807aeb53d3,24aac8d8-4114-4f15-bb93-60ccd5160d46,5c60eb66-728a-485a-b4d7-b3ff4c519e46",70.32756427015248
ae943755-ef39-4983-9893-1e97096f9036,8,2026-05-26 22:13:05 UTC,,,Andre Rossetti,SRID=4326;POINT(-47.7468515 -17.6127572),-17.6127572,-47.7468515,8,"Goias,Campo Alegre de Goias",Sequeiro,R3 (grão leitoso / milk),50,4. Boa / Good,26,18,14,35,17,14,39,12,14,24,28,17,14,36,17,14,35,13.5,14,33,"e9bea557-993e-4b76-b3af-dc36ea28eddc,1c465f06-1aae-4d4d-ae94-5d5023bc031f,563900f8-bee9-4967-a965-aad17974b27e","56fe3760-2c12-4f18-8b3d-8e2c0e850b46,f8cf9519-08bb-4096-87d7-7ac56759a9d7,acb58924-f018-4c28-9317-3c6f08428663","fc6b6840-9e37-4432-b65f-8d1bc2d0911f,b50c4e51-ec68-4d0a-a494-660258f1c511,2b31a4d4-70a0-4f47-ba72-01e3b97abd40,3dbf7b2b-4a8c-413c-ad9f-955c90ec60ec",126.76094117647057
1d5a208f-aca3-4f5e-b2f6-3b75b8102dc7,8,2026-05-26 22:13:04 UTC,,,Andre Rossetti,SRID=4326;POINT(-47.789971 -17.6080311),-17.6080311,-47.789971,8,"Goias,Campo Alegre de Goias",Sequeiro,R5 (formação de dentes / dent),50,3. Média / Fair,33,10,16,22,15,18,31,8.5,16,18,29,10,16,22,11,14,26,12,14,27,"fff46759-a797-4967-b3a8-de4137725c1f,f1427854-bed5-4af2-b0f3-dbb41aacf0d8,184092f7-2848-472e-814b-0fcc31de3647","e2be1af4-fc96-4a61-825c-f8c60c14956b,89cfcaac-306f-4a5e-be0d-73ea329086ed,c43ae166-8b18-496a-a533-5de23d238efa","71a55f94-0c20-40f9-951b-f658134fb666,25af148c-74f3-4a1c-87f5-db4439c6de4d,73cf1691-7a07-4d24-905c-6dbe400dd306",117.71544226579519
d9f45017-2d57-4ffb-9e7d-b56c1293ac06,8,2026-05-26 22:13:04 UTC,,,Andre Rossetti,SRID=4326;POINT(-47.8235389 -17.5055084),-17.5055084,-47.8235389,8,"Goias,Campo Alegre de Goias",Sequeiro,R6 (maturação fisiológica / physiological maturity),50,4. Boa / Good,26,19,18,38,17,18,36,18,20,39,23,18.5,20,39,15,18,34,15,16,34,"fa08c787-ebea-4f90-9514-d54f3fa8744e,efdc5161-10e6-48c1-af79-1d5f0bc97ff4,8dca8508-930f-4848-a76d-68d14af4b63e","0b799ec1-70df-419f-9511-d92481c2f42a,6742e001-5ecc-4138-bd82-5ed0f4de14e3,13279d41-be24-4d50-a414-6381a53bf78c","8bca6f1a-72db-4cff-a59e-e237c3ca64f3,54d787fa-55aa-4dc3-9b3b-be22296a38de,2206dcb4-a570-4b26-ac3f-2d1055600313",164.0485838779956
e1a91878-4a69-42a6-b3c1-1784cf5e0514,8,2026-05-26 22:13:03 UTC,,,Andre Rossetti,SRID=4326;POINT(-47.7914271 -17.3436052),-17.3436052,-47.7914271,8,"Goias,Campo Alegre de Goias",Sequeiro,R5 (formação de dentes / dent),50,4. Boa / Good,26,13,22,28,16,18,36,9,20,20,30,12,22,23,13.5,20,29,15,18,30,"10517dee-051a-45cd-81e2-cafc314043f5,dc1f2b33-4ea4-41aa-8e32-63721e34c97f,c0f68ed8-492e-4229-a2fe-e3b766a339d2","8c3080b3-c44f-4cdd-931d-5f12f9a14287,feb75424-1bd6-4321-8ad0-62fea67399c3,da19575e-19c1-4ab6-8f45-13ac78314ee8","217229aa-c226-40e0-b344-6d2ff3e4cef6,a8232c29-36ef-44b5-9cba-669b93243c31,330a3546-9d51-4cf5-8862-c41ff9c8e6d5,14d80d6e-90fd-47e1-8204-9f896f549c21,f3016edd-3199-42a3-8f17-3852becf43cd",154.32575163398693
af2defb0-6b2a-42a9-855c-e1e4a3c7d916,8,2026-05-26 22:13:01 UTC,,,Andre Rossetti,SRID=4326;POINT(-47.7584938 -17.226868),-17.226868,-47.7584938,8,"Goias,Ipameri",Sequeiro,R5 (formação de dentes / dent),50,4. Boa / Good,24,13,18,29,14.5,20,32,16,22,34,27,15,16,34,8,20,15,15,20,33,"68c17c65-3afe-496b-a8fa-13dae3c8060a,eaa181df-833b-4aa3-b1df-1fde3166bd07,6d7047cb-f786-4d74-ad63-c80e280c60d5","9a576521-b3e1-49de-8188-25a4118d60af,db8a201c-0902-47e3-bcca-5f57d802bf89,e5fb7fbd-876a-433f-b369-c1e144053268","95999346-3fdb-4cc6-aec0-23d4ad82392e,678ab28d-1e30-411b-b178-39109db6b582,86e14cf3-841f-4899-8f4c-fa471c9c0458",144.86466666666666
3d375308-5c10-4cb4-a702-cd6340d0128a,8,2026-05-26 22:12:59 UTC,,,Andre Rossetti,SRID=4326;POINT(-47.7207624 -17.1214304),-17.1214304,-47.7207624,8,"Goias,Ipameri",Sequeiro,R5 (formação de dentes / dent),50,4. Boa / Good,40,9.5,18,26,11.5,18,30,9,18,22,36,11.5,18,28,8,16,22,8,16,21,"3d5d1bad-8919-4632-beba-982296518786,b92f6e68-95e2-4533-95e0-6b359a014d33,32b601cd-8d19-4d50-876a-ab04bcf224b1","a6130445-12a4-4158-b8bd-656fc290a0d4,3bbdb6d3-a1c6-4d38-9129-b03dad181500,02fccb48-c3d0-48c9-9974-e39a65d6c028","c457f29b-6403-4339-801f-3b6d204fa277,07420bfc-4d32-4663-8172-d0a0a7c342fa,e54a40e8-ca52-4bec-a143-d359f36055e5",162.92744226579515
8d62f02f-fcc1-43b0-936e-9399f967f11a,8,2026-05-26 22:12:58 UTC,,,Andre Rossetti,SRID=4326;POINT(-47.7460875 -16.9783165),-16.9783165,-47.7460875,8,"Goias,Cristalina",Sequeiro,R3 (grão leitoso / milk),50,2. Ruim / Poor,22,13,18,27,14,18,31,10.5,20,22,25,11,16,23,10,18,18,9,18,15,"0627bb4b-a6be-43c6-95dc-b51dca1277e2,7040413b-0e2d-4f2f-92a4-b00d46fa8b56,e4a39ae4-5a61-440f-96a3-61546a0b3965","a1654435-b43d-458f-97df-4efb555b8f2b,b72ae41e-8f52-4801-b1b0-cfb0ca3495a7,92694056-3684-4558-9040-79ed0c72add5","e911e0f3-23ac-426c-bfa6-307c99cef3c0,f992d907-4934-4f12-ac19-3b67e9b36acf,2dae3bb9-36d5-4420-ac53-0676cb58cf49,4ce465b2-a64a-4162-be23-b9b8a28250fc",95.504
949c72a2-ac27-44cb-8439-04b915f5fcb2,8,2026-05-26 22:12:57 UTC,,,Andre Rossetti,SRID=4326;POINT(-47.6823662 -16.9025173),-16.9025173,-47.6823662,8,"Goias,Cristalina",Sequeiro,R3 (grão leitoso / milk),50,3. Média / Fair,39,9,16,21,8,18,19,12,20,27,34,11.5,16,28,10.5,18,24,6,18,14,"82336547-75d9-4e89-8159-1685c6304b3b,23629796-0f7a-42da-8ae4-6ed5ad237446,358d4c47-f4f6-47c3-98ae-8f106fed48a9","9c480b5f-0b0c-4d9b-a6b6-4a238ef56d5b,a2bc414b-75ad-478a-812a-5a62fe7312dd,3c9ec27c-a889-4670-a34f-94254e197ff2","70de95ab-8a0b-43ac-a864-079b5ab3d9e8,81c7a734-3d39-4718-b366-7ed337b91b08,174e0f41-7600-485d-b4ea-0934a9ed1241",142.37751416122006
832c2c62-0072-4dd2-bf82-68be5ce6ab38,8,2026-05-26 22:12:57 UTC,,,Andre Rossetti,SRID=4326;POINT(-47.6647627 -16.8124055),-16.8124055,-47.6647627,8,"Goias,Cristalina",Sequeiro,"R1 (estigmas pretos, recém polinizado / silk)",50,4. Boa / Good,29,12,14,33,13,18,31,11,18,29,27,12.5,18,31,11,16,30,12,14,28,"ccfbbaed-3fb5-468b-8add-49c90dcc4aba,4b56dedb-a097-4809-99d0-975dec2754e8,fa6cc162-145f-4184-86b4-23a0e98a864a","95f999af-4f7e-46a1-91b9-c90fe6f0e43e,97109615-c164-475e-82da-82161c3843ad,ef487da1-51ec-4199-ad53-63be6d1c1eed","502a8112-8987-4ce2-ae8a-3e5e6b52fac2,01f1b10a-a29d-42c9-90ec-625b30e7f067,65612242-07ac-4e2f-9c84-e674a604b814",138.18042701525053
c840f628-c37c-4f9c-86a3-7f8ec9153252,9,2026-05-26 21:36:29 UTC,,,Letícia Viração,SRID=4326;POINT(-54.54140593161577 -21.83497379861449),-21.8349737986,-54.5414059316,9,"Mato Grosso do Sul,Rio Brilhante",Sequeiro,R6 (maturação fisiológica / physiological maturity),50,2. Ruim / Poor,26,12,18,20,10,16,25,10,16,26,21,11,18,23,9,16,25,8,16,16,1f76f2b6-a634-4c39-a63f-43d4a1f6cc41,e0158dc4-6c98-4db1-8277-fa6a33644ac8,cd29cf06-f138-49c6-90b9-f5f94d0943ad,87.7794117647059
ab03a78f-f188-41fc-8b44-31ff92deb5f4,9,2026-05-26 21:36:29 UTC,,,Letícia Viração,SRID=4326;POINT(-54.55284037700754 -22.054402442963283),-22.054402443,-54.552840377,9,"Mato Grosso do Sul,Douradina",Sequeiro,R5 (formação de dentes / dent),50,3. Média / Fair,23,14.5,16,31,7,14,25,16,14,37,20,14,14,31,12,14,30,16,16,40,5a9a22e3-71a4-4705-b5f5-240e49e2e537,6b56fa88-3fd1-4ac0-8128-e8a9fa47f94c,77c882aa-c395-4772-ae5e-b7f0d9b517e7,101.55794335512
063faa40-aa9d-4f60-8329-8b291d80a13d,9,2026-05-26 21:36:28 UTC,,,Letícia Viração,SRID=4326;POINT(-54.6414287420039 -22.16343812737769),-22.1634381274,-54.641428742,9,"Mato Grosso do Sul,Dourados",Sequeiro,R4 (grão pastoso / dough),50,3. Média / Fair,28,8,16,16,12,16,25,8,16,16,25,12,18,23,13,16,25,12,16,23,3a7e3bde-4b8c-4d66-9ada-1b69f5100acc,cbd635d8-7a1c-46ed-bd79-0c8c6ba64fd3,a7bcfed8-4545-4d5f-9cb8-e65d198dfbe3,91.9756688453159
0d74e64b-693e-474c-a497-a93b744a2b5f,9,2026-05-26 21:36:28 UTC,,,Letícia Viração,SRID=4326;POINT(-54.81333176586792 -22.433213772149255),-22.4332137721,-54.8133317659,9,"Mato Grosso do Sul,Dourados",Sequeiro,R3 (grão leitoso / milk),50,4. Boa / Good,25,12,10,21,15,12,34,15,14,33,24,14,14,30,14,14,32,11.5,12,25,0522c59c-147a-4ccd-84ab-34ebf765e879,64367c2d-ffae-4b7a-81fa-c59f8a0f7287,32859072-95dd-43e5-9806-34a191a5574c,90.1589324618736
e96a0075-0fa3-42c1-9963-1cd106194555,9,2026-05-26 21:36:27 UTC,,,Letícia Viração,SRID=4326;POINT(-54.84360490044204 -22.54022034823551),-22.5402203482,-54.8436049004,9,"Mato Grosso do Sul,Caarapo",Sequeiro,R5 (formação de dentes / dent),50,3. Média / Fair,25,9,18,18,14,16,28,14,16,28,22,13.5,14,27,13,16,29,12.5,14,28,cbd73e0f-b012-4f80-a78f-3978c6a30610,c19231c1-6467-4f25-ba67-1e64f77ea49f,fa539232-1362-463c-9c77-dcc85c123c66,96.5703572984749
9a7159e8-02c1-4c8a-9c9c-fc97a97ffb13,9,2026-05-26 21:36:27 UTC,,,Letícia Viração,SRID=4326;POINT(-54.8857774913085 -22.677903027221582),-22.6779030272,-54.8857774913,9,"Mato Grosso do Sul,Caarapo",Sequeiro,R5 (formação de dentes / dent),50,3. Média / Fair,24,11.5,18,31,13,14,32,15,14,28,24,12,14,27,14,14,31,16,16,37,95e4bb6d-c873-43b6-a77d-f07e9ab0ec9b,f67cb1dd-e7d2-4498-ac9e-0de72569aea5,2fe440af-c212-4a3e-99f1-145054069c5e,111.162352941176
1e8b7602-7438-4add-800a-ef6dd5a8f154,9,2026-05-26 21:36:26 UTC,,,Letícia Viração,SRID=4326;POINT(-54.978410086043986 -22.7684652901789),-22.7684652902,-54.978410086,9,"Mato Grosso do Sul,Caarapo",Sequeiro,R4 (grão pastoso / dough),50,4. Boa / Good,27,14,16,32,11,16,27,12,16,27,27,12,14,25,10,14,23,12,14,26,eeffa426-8ede-41fa-9a4f-be3ce91797dd,fecf3d1f-2170-4443-83c6-cbad5dd18b3f,db1863c5-2973-4582-838f-2d3caaf31dbd,107.576470588235
5fd49910-2608-40d1-8ba3-448bfdc4e76b,9,2026-05-26 21:36:26 UTC,,,Letícia Viração,SRID=4326;POINT(-55.06487145865177 -22.8659917885517),-22.8659917886,-55.0648714587,9,"Mato Grosso do Sul,Caarapo",Sequeiro,R6 (maturação fisiológica / physiological maturity),50,1. Muito ruim / Very Poor,27,12,12,28,10,12,18,12,14,25,22,11,16,21,13,14,29,13,12,28,4188d0be-b9a4-4c62-94e7-6f260244051a,a2290ca4-5448-4689-8e13-32c7aba3de70,8bb7dd36-5e84-4d5f-9083-7c374447f9ab,80.8040958605664
38d4d350-2ad0-43f1-a02d-1ab2f2491e88,9,2026-05-26 21:36:24 UTC,,,Letícia Viração,SRID=4326;POINT(-55.10229232140055 -22.982134445275722),-22.9821344453,-55.1022923214,9,"Mato Grosso do Sul,Amambai",Sequeiro,R5 (formação de dentes / dent),50,3. Média / Fair,25,10,16,28,12,14,28,9.5,16,21,24,13,16,33,12,16,31,13,16,26,d456af1f-96b7-4af1-89b2-4a675eb35cd8,2b2b9231-cde3-4da0-a2dc-8b59ba04f389,b892e624-56b9-490b-9fce-620c29b8671f,106.41465577342
487a7fe7-5c02-4ed7-8a41-e009d4e1b7d7,9,2026-05-26 21:36:23 UTC,,,Letícia Viração,SRID=4326;POINT(-55.14197342729556 -23.080265433958125),-23.080265434,-55.1419734273,9,"Mato Grosso do Sul,Amambai",Sequeiro,R3 (grão leitoso / milk),50,3. Média / Fair,24,11,14,22,15,14,29,14,14,29,24,15,14,34,13,14,26,15,14,29,393bc844-7cb5-4bd8-a1a1-a616a16004c3,b6e87170-49d1-41ab-9122-04f06bb65f94,4285f18b-42f9-450f-a526-66b80bdabb0c,94.268862745098
6bc16284-fb67-4948-84f9-c353a221f4ec,3,2026-05-26 21:10:54 UTC,,,Monica Farias,SRID=4326;POINT(-52.515310278347044 -18.62086320378491),-18.6208632038,-52.5153102783,3,"Mato Grosso do Sul,Chapadao do Sul",Sequeiro,R3 (grão leitoso / milk),45,4. Boa / Good,26,12,18,27,5,16,9,11,18,26,25,13,16,30,12,16,28,8,16,16,25fd4cd0-ead1-4705-8ff8-b34f8989772b,6e431671-42d1-4176-a994-9b18cd0225ff,e77c8408-7b0b-4ffc-a017-a426393f1f5d,106.617283950617
971fafa3-62c9-4f10-80bf-462be6973f23,3,2026-05-26 21:10:54 UTC,,,Monica Farias,SRID=4326;POINT(-52.6237658315364 -18.62101176289879),-18.6210117629,-52.6237658315,3,"Mato Grosso do Sul,Chapadao do Sul",Sequeiro,R3 (grão leitoso / milk),45,4. Boa / Good,28,10,20,20,9,20,21,11,18,25,20,9,18,21,7,18,17,9,18,20,fa6697fd-6b61-418b-8dc6-0223ecbd7aac,fa151ef6-4825-45c8-9393-3ead293e7039,c2781d5d-9d14-49f3-9609-1e8f3ab43a69,102.470646332607
a140e2aa-50e6-4c44-8b85-43dc152e2826,3,2026-05-26 21:10:53 UTC,,,Monica Farias,SRID=4326;POINT(-52.62259865927415 -18.715107952389836),-18.7151079524,-52.6225986593,3,"Mato Grosso do Sul,Chapadao do Sul",Sequeiro,R3 (grão leitoso / milk),45,4. Boa / Good,24,10,18,27,10,20,25,11,20,28,23,9,18,20,10,18,26,10,20,22,33580d42-8788-4436-82c3-aad58700b0ce,39f8aced-95e5-409f-a7f9-23edb3b58529,b1a6087e-b8f1-4828-bbed-2f516f42c441,121.894175744372
918c6948-71dd-43f3-9bd5-b6a5bd434eb6,3,2026-05-26 21:10:53 UTC,,,Monica Farias,SRID=4326;POINT(-52.716038537026975 -18.74870733756673),-18.7487073376,-52.716038537,3,"Mato Grosso do Sul,Chapadao do Sul",Sequeiro,R4 (grão pastoso / dough),45,4. Boa / Good,25,10,20,26,11,18,31,13,22,26,26,11,20,26,12,20,27,13,20,29,d8afbc8f-ebe5-46c2-a5d3-25e622ba87c1,8305aeeb-1612-4b4f-873b-9938e551cd02,322a6a08-0946-4baf-9ddf-b954e4ff3755,155.222222222222
f258c502-1afa-4e38-8d22-60743be03dea,3,2026-05-26 21:04:55 UTC,,,Monica Farias,SRID=4326;POINT(-52.6258732294366 -18.515279841380327),-18.5152798414,-52.6258732294,3,"Goias,Chapadao do Ceu",Sequeiro,R4 (grão pastoso / dough),45,4. Boa / Good,21,14,16,27,11,14,25,12,14,25,18,15,16,28,12,16,25,15,16,30,9c1fc90e-f0bc-4257-a2ac-7de34c6e2d42,c363147d-2469-4b01-857e-1d47335e1227,01415a3d-3101-49d5-82c2-767131d18e76,88.2451706608569
34fc4ae7-bed3-42ff-9e91-309d72c1ef1d,2,2026-05-26 20:55:35 UTC,,,lucas frurquim,SRID=4326;POINT(-50.9984445 -17.9835181),-17.9835181,-50.9984445,2,"Goias,Rio Verde",Sequeiro,R6 (maturação fisiológica / physiological maturity),50,2. Ruim / Poor,32,8,22,18,8,22,20,9,20,22,30,8,18,17,10,18,17,14,18,24,98f5ab52-fa60-4185-97db-43e381b41516,202ec0bd-fe0d-491f-a86e-58327b7b8e96,f0cc741a-e846-4429-a4a9-61408679460e,119.43091067538127
0f1a4ff6-43da-4824-9bb4-13633eec77be,2,2026-05-26 20:55:35 UTC,,,lucas frurquim,SRID=4326;POINT(-50.9627912 -17.869244),-17.869244,-50.9627912,2,"Goias,Rio Verde",Sequeiro,R6 (maturação fisiológica / physiological maturity),50,2. Ruim / Poor,29,9,16,18,10,16,27,9,18,17,27,16,16,32,13,16,27,14,14,27,bc326d90-a974-4ab2-91a6-a91a6d2aba8c,320d7afa-db73-408c-a184-f02de0087116,"707a0994-b08f-41ea-b4f1-3b3db708f7fd,259ddcf3-e6ca-4441-8356-20b0cb1cb49e",110.07330718954249
c67ee2aa-e096-4635-bb30-4b9fe50f6ffb,2,2026-05-26 20:55:34 UTC,,,lucas frurquim,SRID=4326;POINT(-50.9548519 -17.5767446),-17.5767446,-50.9548519,2,"Goias,Rio Verde",Sequeiro,R6 (maturação fisiológica / physiological maturity),50,4. Boa / Good,30,16,38,22,16,40,18,17,44,20,28,15,20,33,14,18,29,14,18,26,17e99465-d3b1-4680-b8ea-d9843d614729,8806d5cc-d8f3-4d95-9519-57bb1f558ff5,68bf8b3a-a6c2-4643-be1e-e6a618f4b32c,211.3833376906318
57823935-181d-4bcb-9757-8fbc155d12e4,2,2026-05-26 20:55:34 UTC,,,lucas frurquim,SRID=4326;POINT(-50.8633807 -17.4730439),-17.4730439,-50.8633807,2,"Goias,Rio Verde",Sequeiro,R6 (maturação fisiológica / physiological maturity),50,2. Ruim / Poor,28,8,22,29,9,18,27,14,20,32,30,8,16,22,9,16,21,9,20,21,147967e8-3b63-4f46-81f9-0285a81fd3e1,54b17f43-fd45-45df-930d-850cd3b3b3f7,f1a72da9-01c7-45ca-959b-bffa3728e69c,136.59998257080608
7cd653ea-7676-4420-8e71-a36bbc919121,2,2026-05-26 20:55:33 UTC,,,lucas frurquim,SRID=4326;POINT(-50.7361632 -17.3596835),-17.3596835,-50.7361632,2,"Goias,Parauna",Sequeiro,R5 (formação de dentes / dent),50,2. Ruim / Poor,22,8,16,19,8,16,18,12,16,28,18,9,10,14,9,24,22,13,16,14,3113e57a-009a-43fe-8e6b-42d817622a4e,85aec6ef-a9ae-4110-91a3-7429bed45123,"1cabab9f-33ae-4f3e-8669-08644b53c62c,17b0bc35-750d-4162-8dea-3100f6c8b24f",62.36557734204793
1ae26405-a933-4709-ba53-681e14ccb611,2,2026-05-26 20:55:33 UTC,,,lucas frurquim,SRID=4326;POINT(-50.6241016 -17.2313049),-17.2313049,-50.6241016,2,"Goias,Parauna",Sequeiro,R6 (maturação fisiológica / physiological maturity),50,4. Boa / Good,29,15,18,28,15,18,38,15,16,43,27,14,14,25,16,16,31,18,16,38,be2fdfd1-2fae-4f9b-80b1-bff82b9c5ffa,b4f5fec6-ba07-45ba-bba5-169abee3f970,478effae-6245-4ba6-b4a6-2e400f9ce672,154.12432244008713
314f6f3b-6afa-43ce-8f06-57781c3b1acc,2,2026-05-26 20:55:32 UTC,,,lucas frurquim,SRID=4326;POINT(-50.5315422 -17.1120466),-17.1120466,-50.5315422,2,"Goias,Parauna",Sequeiro,R5 (formação de dentes / dent),50,4. Boa / Good,30,13,22,35,14,42,20,14,22,40,27,13,16,28,17,16,33,13,16,30,b6e988f7-00a2-4076-94c0-9cf0919d774a,ab03f08d-6212-4abf-9715-eaf58e29391e,a5d2eb81-5c66-4791-a19f-28aa31c4b40f,196.54121568627448
1056d7f5-4e43-4ac5-a108-72b24daff8ac,2,2026-05-26 20:55:31 UTC,,,lucas frurquim,SRID=4326;POINT(-50.677771 -17.1312772),-17.1312772,-50.677771,2,"Goias,Parauna",Sequeiro,R6 (maturação fisiológica / physiological maturity),50,4. Boa / Good,28,12,22,27,13,20,36,15,20,41,27,14,18,30,16,16,33,18,16,27,824128e9-6df2-4a65-a69d-6dd72ed27234,621f54f4-7bef-4d16-b3e9-e34b4ec94b60,f54774ea-1f6b-4ded-b0f6-0d47366ac807,165.32688453159045
d827d700-7606-439f-a98d-f893a459dedd,2,2026-05-26 20:55:31 UTC,,,lucas frurquim,SRID=4326;POINT(-50.8201985 -17.1612805),-17.1612805,-50.8201985,2,"Goias,Parauna",Sequeiro,R5 (formação de dentes / dent),50,4. Boa / Good,32,16,18,39,14,35,20,16,20,44,27,10,18,24,17,16,40,14,20,30,8123eca7-bf32-40f1-acb0-7a3a363812aa,c4a2d6d8-329c-44e9-9442-8bd12021e69c,"6437b9a2-8da3-4249-8430-8e9cbacf9c8e,c829aa8a-9182-4806-a916-7f9a68db3f1e,c27776d3-d3b2-49e9-acfc-fd48f523cdcb",204.21281808278866
021e60a0-de73-4e6c-a0fb-11758f4269d6,2,2026-05-26 20:55:30 UTC,,,lucas frurquim,SRID=4326;POINT(-50.9327538 -17.2119362),-17.2119362,-50.9327538,2,"Goias,Parauna",Sequeiro,R5 (formação de dentes / dent),50,4. Boa / Good,27,18,18,41,16,22,39,18,20,43,27,18,20,34,20,14,37,18,16,31,02c8b46e-5e8e-4fb6-82e5-3487fd96ca14,e6cab827-6e8b-4d22-97f3-4061d0b041de,b802ca4a-78c8-471d-8241-3b217ff986b1,184.8970588235294
f4dca5a6-e5bd-436e-afb1-3d26bb3eb730,2,2026-05-26 20:55:27 UTC,,,lucas frurquim,SRID=4326;POINT(-51.1110963 -17.2485155),-17.2485155,-51.1110963,2,"Goias,Montividiu",Sequeiro,R5 (formação de dentes / dent),50,4. Boa / Good,32,14,18,32,15,22,39,16,20,41,27,16,18,36,16,18,31,16,20,43,da01337b-649a-425f-a25a-179aac2f8a17,c3cfe7b4-2fbc-48be-8669-81e6c68b7b76,cd1186bd-f48a-41cb-8e8e-e17cc52d38fe,210.1957908496732
6ef4033a-2614-42a0-b836-350694dbfdce,2,2026-05-26 20:55:26 UTC,,,lucas frurquim,SRID=4326;POINT(-51.1729877 -17.314587),-17.314587,-51.1729877,2,"Goias,Montividiu",Sequeiro,R6 (maturação fisiológica / physiological maturity),50,5. Excelente / Excellent,35,17,20,40,18,20,41,17,20,39,31,16,18,32,17,20,34,18,18,37,b4bcfe06-8d58-4fbc-8910-a19c9444c6b4,1595af79-45f1-477f-aeb6-f7995b5a1b03,d45089c3-79d9-4cd3-b87b-0451a4b0c322,236.19343790849672
c16e5910-07f0-43a2-b68d-cef3b1950c07,2,2026-05-26 20:55:25 UTC,,,lucas frurquim,SRID=4326;POINT(-51.1772452 -17.4319123),-17.4319123,-51.1772452,2,"Goias,Montividiu",Sequeiro,R6 (maturação fisiológica / physiological maturity),50,4. Boa / Good,35,15,18,36,17,16,36,16,16,34,32,11,27,18,12,18,29,13,20,34,5746df9c-5cc3-421f-9a88-3106be1b16e0,43ce2ad0-f20a-41fe-943f-3fd496589d29,93536a1d-2307-4729-9638-ae96ff258210,199.3312037037037
1ffa23be-5c00-4da4-a26e-2a4c60440d72,2,2026-05-26 20:55:25 UTC,,,lucas frurquim,SRID=4326;POINT(-51.1028567 -17.5419176),-17.5419176,-51.1028567,2,"Goias,Montividiu",Sequeiro,R5 (formação de dentes / dent),50,4. Boa / Good,33,16,16,35,15,18,37,16,20,36,35,14,20,41,14,37,18,15,41,18,7eaacc6e-43f6-4d9d-8287-45edcd15e4be,a8f5d400-0e3c-4545-b678-476c0cd64a92,343b8a80-233a-40bd-82e2-ea7f8b98afe3,264.53629629629626
c8644734-318b-4b04-9f4c-44a5f34fd51d,2,2026-05-26 20:55:24 UTC,,,lucas frurquim,SRID=4326;POINT(-51.0426188 -17.6695345),-17.6695345,-51.0426188,2,"Goias,Rio Verde",Sequeiro,R3 (grão leitoso / milk),50,4. Boa / Good,29,14,36,20,15,38,37,14,20,39,28,12,16,27,14,16,26,16,18,34,443451ca-5c45-4448-b70a-0b6d9beb8ec4,d5955cba-8b82-4f32-85f3-26fe9a3f9461,5be0529e-141c-4101-9076-a9c077ccd1e1,207.80188235294116
0319f778-8d98-4baf-8bae-876b5fc43ffa,2,2026-05-26 20:55:23 UTC,,,lucas frurquim,SRID=4326;POINT(-50.998199 -17.73743),-17.73743,-50.998199,2,"Goias,Rio Verde",Sequeiro,R3 (grão leitoso / milk),50,4. Boa / Good,30,16,20,41,16,22,39,14,22,34,29,13,18,27,13,18,26,14,18,26,06c6d91e-c59e-4287-a89f-be9aeca59f4d,d5fe8681-b886-437f-b2f2-0d33ffad34ca,2878e75d-665e-49a3-9671-a620c0cb2df8,185.8884335511983
15a1bd0d-86b5-4133-99e7-c0456742e82d,6,2026-05-26 20:39:52 UTC,,,Altielly Santos,SRID=4326;POINT(-52.4451172 -24.0706143),-24.0706143,-52.4451172,6,"Parana,Campo Mourao",Sequeiro,R2 (bolha d'agua / blister),50,3. Média / Fair,29,19,38,12,18,14,38,18,16,39,28,18,14,33,17,14,36,17,12,34,f01a3fa8-5625-4ce0-b1e6-101fb165645d,"c4f34243-bf82-4d7a-b38b-6f289ba54fd4,01f95a70-c30e-47d8-8675-1ffb1b636c85",,163.51623529411762
d0215752-aeb7-44c9-ae25-f61e8b738937,6,2026-05-26 20:39:52 UTC,,,Altielly Santos,SRID=4326;POINT(-52.5645165 -24.0647737),-24.0647737,-52.5645165,6,"Parana,Araruna",Sequeiro,R3 (grão leitoso / milk),50,4. Boa / Good,29,16,16,34,15,18,36,16,20,31,30,15,18,38,16,20,38,15,14,37,5285bba8-d450-4c5c-bb80-c6c902c7ffd3,"299b81c1-3489-48cb-a226-2bdda965e0f2,36f9b9c4-d024-49dc-a192-6843d51c5686",,185.153825708061
1d611715-e3e8-4eae-aef3-890d03bacdae,6,2026-05-26 20:39:51 UTC,,,Altielly Santos,SRID=4326;POINT(-52.6846114 -24.0872734),-24.0872734,-52.6846114,6,"Parana,Janiopolis",Sequeiro,R5 (formação de dentes / dent),50,4. Boa / Good,29,14,14,26,14,10,34,14,12,34,31,14,14,32,14,14,32,14,12,28,da2d92ff-6022-455d-bdd5-23bfcfef0633,"c0c2b956-3f7c-4332-a1ab-e7248c840a7c,0afe7c04-3744-4d40-a9c6-0743c9ef1dff",,117.33803921568627
ef298dae-ab1d-4acf-a5bb-793cf72b068a,6,2026-05-26 20:39:50 UTC,,,Altielly Santos,SRID=4326;POINT(-52.80533 -24.1311513),-24.1311513,-52.80533,6,"Parana,Janiopolis",Sequeiro,R3 (grão leitoso / milk),50,3. Média / Fair,28,15,14,28,17,14,34,16,14,34,26,16,14,33,17,14,33,17,14,34,c36962f2-42c2-4777-b69f-351c15a43114,"a3dd0526-0493-48d5-b6e4-24c10e60fcb8,fe03ec5e-f24c-461a-afb3-ae32ada12d38",,122.99576470588232
92567dd0-4c68-4201-9fbd-2d87df293eb1,6,2026-05-26 20:39:49 UTC,,,Altielly Santos,SRID=4326;POINT(-53.0511636 -24.224883),-24.224883,-53.0511636,6,"Parana,Goioere",Sequeiro,R5 (formação de dentes / dent),45,3. Média / Fair,28,15,14,23,15,14,30,15,16,23,29,15,18,32,15,14,23,14,12,36,aeda7220-443e-442d-909f-b24bffae9fdc,"aaa8c870-4a0d-47bc-b67a-a3ff391f2b90,4413682f-49f2-47c9-b91f-cbf0ff6d1014",,128.76342774146693
cbd5d610-294b-4aa7-a662-42289176f04f,6,2026-05-26 20:39:49 UTC,,,Altielly Santos,SRID=4326;POINT(-53.1177684 -24.3208579),-24.3208579,-53.1177684,6,"Parana,Quarto Centenario",Sequeiro,R5 (formação de dentes / dent),50,5. Excelente / Excellent,29,18,20,35,17,18,34,17,18,33,28,15,22,35,17,18,36,18,20,33,5caaa450-8819-44ca-a321-623b5ec9796d,"4c1771af-8d6c-43ca-afd5-885bd252be7e,df4c41aa-9d85-4a97-a607-b198c2b1f0ad",,188.43479738562093
67111036-595d-47eb-b660-c81510125895,6,2026-05-26 20:39:46 UTC,,,Altielly Santos,SRID=4326;POINT(-53.1814282 -24.4131363),-24.4131363,-53.1814282,6,"Parana,Quarto Centenario",Sequeiro,R4 (grão pastoso / dough),45,4. Boa / Good,28,18,20,26,15,20,26,21,22,40,24,18,20,23,18,18,38,18,20,31,9e52ce2b-f1cb-4ad1-86ad-c366d4c5f1af,"0b6e1ad4-ea9c-4775-9a90-df3c2f3f5796,204f7d9d-c919-420f-894c-0e8120caf0e6",,176.49034132171386
32ee6fd7-97e5-47ff-b155-9dd39605716f,6,2026-05-26 20:39:45 UTC,,,Altielly Santos,SRID=4326;POINT(-53.2276353 -24.5139012),-24.5139012,-53.2276353,6,"Parana,Nova Aurora",Sequeiro,R5 (formação de dentes / dent),90,5. Excelente / Excellent,51,18,18,37,18,20,38,17,18,42,48,16,16,39,18,18,38,15,18,27,12710feb-e490-430c-9ad5-dbc2eb3a4fc7,"e6d3dc29-b19c-4662-8070-e1b6177420e5,47dbe70f-e04a-461d-ae23-911c5306819e",,181.60999999999999
34c4883c-2826-4b93-abb7-0ecf9e56a63b,6,2026-05-26 20:39:43 UTC,,,Altielly Santos,SRID=4326;POINT(-53.3022318 -24.466868),-24.466868,-53.3022318,6,"Parana,Nova Aurora",Sequeiro,R5 (formação de dentes / dent),45,5. Excelente / Excellent,31,17,14,37,17,16,37,18,16,36,29,16,16,28,17,16,32,16,16,35,4f305fb6-a93f-4ee7-b23f-9e66584d685e,"87157395-9daf-4bcd-aa26-415457ef4ce9,b08e4a24-62f8-4a0b-8260-d8d717b9f457",,177.7262164124909
5fb62b28-e5d0-4c99-b749-2c6114d31c1e,6,2026-05-26 20:39:42 UTC,,,Altielly Santos,SRID=4326;POINT(-53.3637923 -24.3905252),-24.3905252,-53.3637923,6,"Parana,Jesuitas",Sequeiro,R5 (formação de dentes / dent),45,5. Excelente / Excellent,30,13,18,34,15,18,38,15,18,42,28,15,14,28,13,14,23,12,14,24,4a290386-5bdb-43f7-be44-750106ab36c0,"f4dcee33-f605-4021-8405-7182b35aaa5f,61eaf571-856e-4e60-8e28-df65cc0fe20c",,161.76313725490198
83421ca1-ba1a-4ab7-9cf6-766e55902057,6,2026-05-26 20:39:42 UTC,,,Altielly Santos,SRID=4326;POINT(-53.4856177 -24.3938644),-24.3938644,-53.4856177,6,"Parana,Assis Chateaubriand",Sequeiro,R5 (formação de dentes / dent),45,2. Ruim / Poor,33,13,20,32,13,16,21,13,16,27,35,12,14,16,11,16,22,10,4,6,3f494ffe-5c57-4088-8cc9-4260c26a2541,"bf3660fb-c5e7-469a-8306-d241c363ec2a,bc961099-9408-4906-af30-99d927650471",,111.4673251028807
673e96bb-629c-4d58-bdea-e5064c6c5cab,3,2026-05-26 19:28:50 UTC,,,Monica Farias,SRID=4326;POINT(-52.97371652686176 -18.605485782450042),-18.6054857825,-52.9737165269,3,"Mato Grosso do Sul,Chapadao do Sul",Sequeiro,R6 (maturação fisiológica / physiological maturity),45,4. Boa / Good,25,10,14,25,12,16,28,13,16,30,23,13,16,29,9,18,21,11,18,23,987239ee-1503-432e-8567-bc3abbcb4271,58e8037c-2083-415d-bd5b-0d53a06c3e0c,ae610bac-c0b2-452a-8bb7-76a418f3dbb4,112.800348583878
a98cafae-687c-40ec-81de-fe9b6a0de461,3,2026-05-26 19:28:50 UTC,,,Monica Farias,SRID=4326;POINT(-53.00243581826326 -18.500870730733773),-18.5008707307,-53.0024358183,3,"Mato Grosso do Sul,Chapadao do Sul",Sequeiro,R3 (grão leitoso / milk),45,4. Boa / Good,25,14,16,30,14,16,33,12,18,27,27,13,16,29,11,18,25,12,16,28,dd713e26-cf87-4632-84e8-59bfe8d6bf5c,6a80ac23-7414-4ed3-97c7-296d6c5a6d53,289dfafc-5815-4cf9-9d28-853d8e5d8fe6,137.483418058581
ea48830c-adeb-4539-aad0-9216c0e8119c,3,2026-05-26 19:28:49 UTC,,,Monica Farias,SRID=4326;POINT(-52.90581223411393 -18.45161865514388),-18.4516186551,-52.9058122341,3,"Mato Grosso do Sul,Chapadao do Sul",Sequeiro,R5 (formação de dentes / dent),90,4. Boa / Good,49,14,20,31,12,18,29,15,16,37,47,12,20,29,11,20,26,13,18,31,8be37f07-80fe-4144-bbda-9a6f48d3e7dd,c5f283a8-c607-47ed-b0da-5b0bf6fc5c28,6dc174f7-f444-452e-9fa9-595bcbd1a626,151.226840958606
c2e0fcf0-c0fb-4637-a785-2525e568b358,3,2026-05-26 19:28:48 UTC,,,Monica Farias,SRID=4326;POINT(-52.77620316492347 -18.43390271976267),-18.4339027198,-52.7762031649,3,"Goias,Chapadao do Ceu",Sequeiro,R4 (grão pastoso / dough),45,4. Boa / Good,25,13,18,29,9,20,20,12,20,25,24,13,20,27,14,16,31,16,18,31,f87c3561-cd2c-4dc9-9a62-ba8cddad2ecb,8e7c9058-7d2f-4c63-9bcc-bc748c5cc4d9,56682a2f-e112-4430-93a1-fbc30b2c216e,137.505553134834
c85c0032-4f2e-42a2-a93d-af368c50b1d2,3,2026-05-26 19:16:55 UTC,,,Monica Farias,SRID=4326;POINT(-52.85217653780771 -18.686898958196526),-18.6868989582,-52.8521765378,3,"Mato Grosso do Sul,Chapadao do Sul",Sequeiro,R4 (grão pastoso / dough),45,4. Boa / Good,27,14,20,28,13,18,30,13,18,32,27,14,16,30,13,18,27,14,18,30,95adc2b3-9377-4043-adcd-b102bd3c7048,c7deedb6-dc80-49ae-a66c-9c28eb943361,ecf159b6-51de-4796-ad78-e7f6a56176fc,158.675294117647
75472f82-46af-47a9-a744-e3e2e482c0d6,3,2026-05-26 17:33:22 UTC,,,Monica Farias,SRID=4326;POINT(-52.67801895833722 -18.05807351217801),-18.0580735122,-52.6780189583,3,"Goias,Mineiros",Sequeiro,R4 (grão pastoso / dough),45,3. Média / Fair,25,10,14,21,10,14,28,10,14,24,24,11,14,24,10,16,24,10,18,21,bd42b0b3-36a3-4ec0-a004-fe2249320d14,aa1b319b-1a2b-4e4c-b27a-c479f88591e3,a4ddd5ed-4521-4c33-acf6-fb16e1745e33,96.2599128540305
20a440f7-7f71-460f-8468-56a64044f4c6,3,2026-05-26 17:33:22 UTC,,,Monica Farias,SRID=4326;POINT(-52.63456103144286 -17.61458219181824),-17.6145821918,-52.6345610314,3,"Goias,Mineiros",Sequeiro,R2 (bolha d'agua / blister),45,1. Muito ruim / Very Poor,28,12,14,22,12,16,25,13,14,23,23,10,16,21,12,14,25,11,16,18,0cbaab73-fb96-4026-b93a-20154598c588,4ac946fa-3f8e-49df-9cde-3e3bab96cad9,5c9fff2b-8e30-4b2e-b160-dd470746d917,94.5444444444444
46780097-1fd9-4cff-9b30-dfb4b314f825,3,2026-05-26 17:32:26 UTC,,,Monica Farias,SRID=4326;POINT(-52.62840103320712 -18.2662530408238),-18.2662530408,-52.6284010332,3,"Goias,Chapadao do Ceu",Sequeiro,R4 (grão pastoso / dough),45,3. Média / Fair,21,12,18,28,10,22,22,8,18,18,16,10,20,24,10,18,25,9,16,21,02483ae4-6fd6-4331-bb35-bac6629aff50,75c1c609-f232-4d60-a139-96004099d34a,309899f4-3b51-4f4c-823b-ca941d79adcb,87.9057661583152
2e6374bc-1b67-4710-ad9b-a43fa6d661cb,9,2026-05-26 16:06:38 UTC,,,Letícia Viração,SRID=4326;POINT(-55.38809417726938 -23.045885144663515),-23.0458851447,-55.3880941773,9,"Mato Grosso do Sul,Amambai",Sequeiro,R5 (formação de dentes / dent),50,3. Média / Fair,25,13,12,30,14,14,28,15,14,32,27,12.5,14,25,14,14,30,13,12,29,f3ef15f9-c3b3-44c3-b13f-33595ff7abdb,ef2206a1-9edd-4f70-bdeb-5a767aed4d49,1dbc39f0-5cdb-4a72-bf81-96ccedc9a922,100.13908496732
addd267f-b78c-47bf-b383-9108ca846003,9,2026-05-26 16:06:37 UTC,,,Letícia Viração,SRID=4326;POINT(-55.577351683802505 -22.92728390081127),-22.9272839008,-55.5773516838,9,"Mato Grosso do Sul,Aral Moreira",Sequeiro,R5 (formação de dentes / dent),50,3. Média / Fair,26,14,14,30,15,14,32,15,14,29,21,12,14,23,14,14,30,13,18,25,8d245142-0bdd-497e-ba1d-55843fefd0d4,483820f0-4c86-40cd-96b4-c5f3ae4293fe,d81d251e-b429-46fa-9410-9bdb1138f035,96.7004008714597
7cb934c8-63f3-410d-931d-fbcf33255fc1,9,2026-05-26 16:06:36 UTC,,,Letícia Viração,SRID=4326;POINT(-55.44210640718737 -22.93578470127367),-22.9357847013,-55.4421064072,9,"Mato Grosso do Sul,Aral Moreira",Sequeiro,R5 (formação de dentes / dent),50,4. Boa / Good,28,13,16,28,10,16,21,13,14,26,27,12,16,28,13,16,29,13.5,12,33,d37bc8f8-5626-4d4d-bf11-169b71a3f20e,6503fab9-104a-4ebb-aca5-fe793332a592,a9e4f36d-1797-4b13-a0a9-4ec908d951f3,112.992647058824
652c6849-7b71-46b6-88a0-f58137f31875,9,2026-05-26 16:06:36 UTC,,,Letícia Viração,SRID=4326;POINT(-55.37594839657603 -22.822575530584732),-22.8225755306,-55.3759483966,9,"Mato Grosso do Sul,Aral Moreira",Sequeiro,R5 (formação de dentes / dent),45,4. Boa / Good,27,15,14,35,14,18,31,14,16,26,24,14,18,30,15,18,31,16,16,32,19e9dc00-babb-4266-b0e9-2585940282df,512b3266-d004-4ac5-bc3d-0b22f2e69cfc,be7a2b0b-c9dd-40ef-a66f-cd275b108e41,145.030864197531
745e7cad-f063-4705-940a-77bb687f2e4b,9,2026-05-26 16:06:35 UTC,,,Letícia Viração,SRID=4326;POINT(-55.222818218223026 -22.81508697198966),-22.815086972,-55.2228182182,9,"Mato Grosso do Sul,Laguna Carapa",Sequeiro,R6 (maturação fisiológica / physiological maturity),50,1. Muito ruim / Very Poor,16,4,10,14,9,18,16,10,18,26,10,9,18,20,10,18,26,7,12,15,b090e69d-3944-4045-ab43-30f6e60501fa,9d3c2aab-1e33-4712-a6b9-eeed4c67c128,9b545f12-d4d6-43bb-979d-1614a529de4d,39.5592549019608
5ec17da1-58e7-4462-a000-92b64a223ffa,9,2026-05-26 16:06:34 UTC,,,Letícia Viração,SRID=4326;POINT(-55.23225328593722 -22.674548749472297),-22.6745487495,-55.2322532859,9,"Mato Grosso do Sul,Laguna Carapa",Sequeiro,R4 (grão pastoso / dough),60,4. Boa / Good,30,14,16,31,14,18,32,14.5,16,29,27,11,16,27,15,16,33,10,16,30,9d41d4df-83b3-4cfa-b8b4-37c0a95f0ada,6a97cc9a-07b2-47c9-b23e-7a271ef508bf,5b13fc6b-a984-40e5-b077-3937317afe07,117.206612200436
c5d45e2a-9c2b-4a64-a2a2-2ae007de8974,9,2026-05-26 16:06:34 UTC,,,Letícia Viração,SRID=4326;POINT(-55.16525700299052 -22.579773372076463),-22.5797733721,-55.165257003,9,"Mato Grosso do Sul,Laguna Carapa",Sequeiro,R4 (grão pastoso / dough),50,3. Média / Fair,27,11,14,27,11,16,24,12,12,31,29,8,16,22,8,14,18,11,16,23,d7c12786-da27-492c-8243-38720201bc4b,df1840e8-e925-4f43-9b60-0de830570e41,e640fb2c-f2ad-4c16-b01d-293930ee5a7a,98.8552505446623
86dbeaee-f94f-43bf-943b-697c517eee50,9,2026-05-26 16:06:33 UTC,,,Letícia Viração,SRID=4326;POINT(-55.04600155639648 -22.483259086229964),-22.4832590862,-55.0460015564,9,"Mato Grosso do Sul,Dourados",Sequeiro,R4 (grão pastoso / dough),50,4. Boa / Good,26,12,16,28,12,18,23,11.5,12,30,22,15,18,29,13,16,28,12,14,26,11facb5e-8301-49e1-9e6e-bdfb030fcf4a,30743120-10eb-4eb8-95af-b25e98bcc189,ae2709ab-841f-4c99-8884-256de31812ac,102.370300653595
d25ce035-2e84-4a09-8f8a-c8f028938522,9,2026-05-26 16:06:33 UTC,,,Letícia Viração,SRID=4326;POINT(-54.983337973439156 -22.364695605933168),-22.3646956059,-54.9833379734,9,"Mato Grosso do Sul,Dourados",Sequeiro,R4 (grão pastoso / dough),50,4. Boa / Good,29,15,12,31,15,14,29,16,16,30,30,16,14,33,14,12,32,15,12,32,e0cfcfee-2198-42fd-8344-40de1e79cb31,74f90c49-b19e-43fa-b3d6-39088e35b2ec,f8a520e5-b638-4fef-bb36-86b5f079197a,122.108148148148
d43b787f-fec5-4bd1-a8bc-e13b7c7edb99,9,2026-05-26 16:06:32 UTC,,,Letícia Viração,SRID=4326;POINT(-54.89365665823089 -22.26392407708272),-22.2639240771,-54.8936566582,9,"Mato Grosso do Sul,Dourados",Sequeiro,R4 (grão pastoso / dough),50,4. Boa / Good,27,14,16,26,17,16,32,15,18,29,27,8,14,15,10,16,18,14,18,37,187ce7b9-91c7-409b-a7bf-082ef5a21930,380416f8-75ea-41d0-8310-bfee452f4f67,b15c7c75-2ac5-48a7-b442-76f2f064a3b9,114.942470588235
25e49ede-d999-4113-883f-8ae9db87a413,6,2026-05-26 15:14:07 UTC,,,Altielly Santos,SRID=4326;POINT(-53.587195 -24.3756526),-24.3756526,-53.587195,6,"Parana,Assis Chateaubriand",Sequeiro,R5 (formação de dentes / dent),45,4. Boa / Good,28,15,16,28,17,20,34,16,20,38,29,15,16,30,16,16,34,16,16,32,f6955897-1a03-4b0e-9d72-ef90c07c4da3,"2bcaea6c-0a7f-4a26-9b70-2d1594918835,91b37e34-0207-4c1a-965c-ae8dae88fbc1",,178.60055192447348
f545fa3e-608a-448b-aa7c-8d29a0e4eac5,6,2026-05-26 15:14:06 UTC,,,Altielly Santos,SRID=4326;POINT(-53.7050766 -24.4113772),-24.4113772,-53.7050766,6,"Parana,Assis Chateaubriand",Sequeiro,R5 (formação de dentes / dent),45,4. Boa / Good,26,16,16,36,15,18,32,14,16,3,22,16,16,30,15,18,25,14,16,25,0050ea1d-878f-424a-be02-a16311444d0e,"d70cda12-3cd8-40b7-813e-095ab52a4ac5,e8be8d0b-cf7c-4063-914a-88327744f515",,111.41321713870735
c9ffc155-f1df-4002-800a-1c897e2c5970,6,2026-05-26 15:14:05 UTC,,,Altielly Santos,SRID=4326;POINT(-53.7506003 -24.3192392),-24.3192392,-53.7506003,6,"Parana,Palotina",Sequeiro,R5 (formação de dentes / dent),50,4. Boa / Good,33,17,14,35,15,16,29,14,16,25,31,16,14,32,15,14,32,16,16,30,47af4700-9dd9-475b-886c-ea699431c244,"72509f44-9cf2-4b2c-b360-24c931ce96a9,8891cb0d-7183-4d7d-ac81-af5b1f0a11fc",,145.8258823529412
875d9ac9-e773-44b7-b7c9-c04e343fcfba,6,2026-05-26 15:14:05 UTC,,,Altielly Santos,SRID=4326;POINT(-53.8525522 -24.2411103),-24.2411103,-53.8525522,6,"Parana,Palotina",Sequeiro,R5 (formação de dentes / dent),50,4. Boa / Good,31,15,18,37,15,18,34,14,18,33,24,14,20,21,16,18,30,16,20,33,0c2d4540-e0b7-4964-9290-4c86bc65feda,"a58f425e-a397-4b71-a8ff-21aa510c5177,7fb03580-ece7-4256-97bc-7055cb6625b7",,160.21368191721132
66cf98cf-6ae2-4c74-9434-a0932c6d7ede,6,2026-05-26 15:14:04 UTC,,,Altielly Santos,SRID=4326;POINT(-53.975866 -24.2009594),-24.2009594,-53.975866,6,"Parana,Terra Roxa",Sequeiro,R4 (grão pastoso / dough),60,3. Média / Fair,33,17,16,28,17,16,35,13,14,16,28,18,16,36,17,18,29,16,16,26,d07e9fc1-e038-4865-a7b6-6668b07b0759,"b56e4c1f-980f-4b2c-b309-9ee6bd615891,5c6cbbd1-6029-4522-87b2-da4e8d07bb53",,114.77037037037034
7d457ad2-6bb4-4cbd-ab8a-40706c7fe836,6,2026-05-26 15:14:04 UTC,,,Altielly Santos,SRID=4326;POINT(-54.0721024 -24.2642214),-24.2642214,-54.0721024,6,"Parana,Terra Roxa",Sequeiro,R5 (formação de dentes / dent),45,3. Média / Fair,30,15,16,32,14,12,34,14,16,22,30,15,14,29,16,12,34,15,12,34,fa7761cc-54c7-4fc7-bbee-a380cf954554,"4a554d30-133c-4759-a568-46bc1754c36d,35a7cb25-23f5-4cde-be1f-1586c1a31fb6",,139.91212781408862
a069c325-ca8f-475a-96ef-a61511743123,6,2026-05-26 15:14:04 UTC,,,Altielly Santos,SRID=4326;POINT(-54.0421329 -24.3641809),-24.3641809,-54.0421329,6,"Parana,Nova Santa Rosa",Sequeiro,R5 (formação de dentes / dent),45,4. Boa / Good,26,17,20,34,17,22,30,17,18,32,25,16,14,38,16,18,30,17,18,34,4bf40da0-800e-45b8-82c0-4b3623fc5b11,"4e0d21ed-f289-45fd-b88e-618d96ecb273,30b62736-0829-4694-8bbd-cd04bccb8950",,170.74444444444447
8d735fd1-e052-4cf0-bb95-da69ba6d02f0,6,2026-05-26 15:14:03 UTC,,,Altielly Santos,SRID=4326;POINT(-53.9408929 -24.388141),-24.388141,-53.9408929,6,"Parana,Nova Santa Rosa",Sequeiro,R6 (maturação fisiológica / physiological maturity),45,4. Boa / Good,26,17,18,34,16,16,38,17,16,34,28,16,14,31,15,16,26,15,14,29,e2de3676-398f-4f10-b5e5-27d68f06ec65,"2f3de8bf-5a41-4a64-9be5-c8d1d0eec70e,9b6e5460-6595-4326-a928-1b9ca7208076",,149.81019607843137
06e5b971-2826-4a68-9205-f21b2495c597,6,2026-05-26 15:14:02 UTC,,,Altielly Santos,SRID=4326;POINT(-53.9667171 -24.4713484),-24.4713484,-53.9667171,6,"Parana,Nova Santa Rosa",Sequeiro,R5 (formação de dentes / dent),50,4. Boa / Good,30,16,16,28,15,18,33,15,16,28,27,17,20,32,16,16,30,17,18,30,e55b973c-e55e-427a-81b8-7642f2d4fd8f,"06e5a1c2-5c9c-4671-a42b-17d46b51010e,1c6e3482-4fe8-479e-9536-8db104875581",,148.43892810457515
c8d13276-6d81-4f3f-b811-1953434ac74f,6,2026-05-26 15:14:02 UTC,,,Altielly Santos,SRID=4326;POINT(-54.0531954 -24.5225872),-24.5225872,-54.0531954,6,"Parana,Marechal Candido Rondon",Sequeiro,R5 (formação de dentes / dent),50,3. Média / Fair,31,15,16,27,14,16,28,15,16,25,28,16,18,30,15,16,26,17,16,39,d3493de4-34c4-4fbe-b2de-391c6470a484,"515a7282-3a6d-404e-8ed3-2f807a00c3ec,54105d01-1994-43c4-8748-f66efd3db547",,139.983605664488
1fb1e792-61e0-42e5-bff9-22858729c993,6,2026-05-26 15:14:01 UTC,,,Altielly Santos,SRID=4326;POINT(-53.8864798 -24.6293272),-24.6293272,-53.8864798,6,"Parana,Toledo",Sequeiro,R5 (formação de dentes / dent),50,5. Excelente / Excellent,31,20,14,34,18,12,36,20,12,37,27,19,14,38,19,12,39,18,12,39,59f1b409-ca2f-4ca5-ad09-baae7703beca,"a28be54e-3281-4add-bb39-c9f86a8f06df,575d52db-d31b-4989-b69a-c602b5c24aa8",,135.99016122004357
180f66ad-791c-4537-b217-6528167eb7b6,8,2026-05-26 13:10:59 UTC,,,Andre Rossetti,SRID=4326;POINT(-47.5099794 -16.8464998),-16.8464998,-47.5099794,8,"Goias,Cristalina",Sequeiro,R3 (grão leitoso / milk),50,3. Média / Fair,22,15,14,38,12.5,20,31,13,16,32,24,12,16,28,13,18,34,10,18,26,"4a65352b-8a76-4f31-92b0-c7ffe31c9383,18cec123-f326-46a7-866d-9973b5a1dd23,d26efeac-d71a-465d-b8df-801a5510158e","8c4f4770-bcc9-4adc-976e-6f96fe28f0b8,6cc2a577-39f3-4038-8608-fa848df72616,8cc74669-ab78-4d91-bff6-467ddbe17218","b68cb8da-b18f-41a8-982d-de590ee9e00c,b26c10dd-f6fd-46ba-9b5b-be7b02c02b9c,bea5ed35-2f77-4536-8012-3a02daf41e8c,e01ee288-148e-480c-ad3c-6678e9dd6b96",122.682
86a84ca1-9836-4929-ae76-4fefbe7ab964,8,2026-05-26 13:10:59 UTC,,,Andre Rossetti,SRID=4326;POINT(-47.3609437 -16.885856),-16.885856,-47.3609437,8,"Goias,Cristalina",Sequeiro,R2 (bolha d'agua / blister),50,4. Boa / Good,27,16,20,36,15.5,18,34,14.5,16,36,28,15.5,16,36,15,14,36,14,18,34,"bf190285-8ba5-4a1d-b885-8d479b893805,dab5e76c-fd3f-4622-97f9-a667fe77b0e7,ce9fd6c8-1b03-4e4e-bffb-103ee9fa3d62","1a9d267d-245c-4ba8-b6bc-ff7fc1377d40,c2390145-9093-4ebd-b330-b0f65a0e6ca7,180c59d9-33a5-4eee-90b5-48bd2642a2a6","f4f6f4a6-00c5-4dc5-ac90-e5ed61ad9394,3839579b-18eb-4085-80ed-924cd72371f2,3dab0c49-5616-44e6-9d55-a62d112040f7",164.53555555555556
5810cb06-bbc3-4552-8477-e66211469ad7,8,2026-05-26 13:10:58 UTC,,,Andre Rossetti,SRID=4326;POINT(-47.2696237 -16.9631051),-16.9631051,-47.2696237,8,"Goias,Cristalina",Sequeiro,R3 (grão leitoso / milk),55,4. Boa / Good,26,16,18,36,16,16,34,16,16,34,30,13,16,26,15,14,34,14,16,32,"cb9ce90b-d210-489b-bdc9-2754d06395cb,5dcc612b-59ef-4e7f-9e05-656d36d2f1c6,bab17917-4eb2-4c2d-b760-7790a7b2a1e9","92e3d02e-5104-470e-915a-766e5bc08aa2,e736e210-2c3b-4e19-8181-0471656df769,6503a982-a3e3-43df-9492-3d1eeca5823f","e015d5cd-4ca4-4f0e-ba2e-1a1edc5b2039,a7efa1d0-55b8-4aa4-8bae-b98281b48ce9,faf3a82b-8a18-4a2f-b422-8bc269fe4dd3",132.52068924539512
828e6191-1404-4669-95f3-cb6a218a7e42,8,2026-05-25 22:05:06 UTC,,,Andre Rossetti,SRID=4326;POINT(-46.8671623 -16.4816198),-16.4816198,-46.8671623,8,"Minas Gerais,Unai",Irrigado,"R1 (estigmas pretos, recém polinizado / silk)",55,5. Excelente / Excellent,31,14,18,40,12,18,38,13.5,18,39,34,15,18,40,14,18,40,15,20,40,"0798d8c4-255b-4458-8d00-2509d911bd4b,6c086461-948d-434e-8578-4062660572bb,4b761d94-d12a-46d7-be7d-34279c2b7074","a3d86619-4fdf-4f12-a4a4-0192a16e1bb8,17ba391d-f808-4bce-a92a-97483052bb35,bf0ba5b3-3c12-4a35-81d8-7073e088ee94","6f5d3e56-de25-4616-acf3-71d29134815b,d82220e4-fddd-415a-9bf9-45cc732cfdbb,25875912-12d1-469e-bab4-7d8b6dc5e65b",213.1192810457516
293c882e-096c-4443-a8b6-136e5d299008,8,2026-05-25 22:05:05 UTC,,,Andre Rossetti,SRID=4326;POINT(-47.634751482400546 -16.229458288628635),-16.2294582886,-47.6347514824,8,"Goias,Cristalina",Irrigado,R5 (formação de dentes / dent),65,1. Muito ruim / Very Poor,42,11,16,20,9,14,16,11,16,19,43,9,14,16,7,12,11,9,18,17,"3d36bb82-ec91-481f-941e-89ecda7fefe0,a785b026-0463-4b0e-ba12-82281a2af849,c43c0cc7-255b-48fb-a0b3-b199bd2c1fc8","50506daf-ed77-4a18-b22d-f12edc2a4ecd,971985d3-52a8-444a-83e8-3d85ee53c25f,26d80362-d2e1-4338-ae90-321efaaa9bdf","13cc4dd4-376d-4878-9d8c-1d35b3cad8de,1ebc6b59-514f-461e-9956-847222c1c193,9cb7c6a3-28ac-4968-9634-631de250a2c6",80.59615384615383
ecfd9bb7-7fe1-4cf4-a0dd-31510b812ab0,2,2026-05-25 21:28:06 UTC,,,lucas frurquim,SRID=4326;POINT(-52.7612819 -17.3926432),-17.3926432,-52.7612819,2,"Goias,Mineiros",Sequeiro,R5 (formação de dentes / dent),90,4. Boa / Good,51,20,16,48,19,14,49,19,16,46,49,20,16,35,22,14,39,21,16,43,2ee14396-4b74-4ad5-bbe3-b5bcd53186ed,93d73f2c-b938-4e0b-ac83-32a718b57642,10e5d023-4760-4f96-ae64-e4d0d54261ee,183.84410554345195
f3009417-1cc4-4e59-a149-cbf69a1d3f2b,2,2026-05-25 21:28:06 UTC,,,lucas frurquim,SRID=4326;POINT(-52.8962511 -17.3825717),-17.3825717,-52.8962511,2,"Goias,Mineiros",Sequeiro,R5 (formação de dentes / dent),50,4. Boa / Good,38,17,20,42,18,18,44,17,20,43,31,18,18,38,19,18,37,17,18,36,136c92b6-3851-4084-9d14-4bf12a595dd9,cc367df3-1696-4cc1-b048-224c476f9d28,8aa60100-9d19-4293-aaa8-aed9ea31dc94,256.5898039215686
64c28bb8-e864-45c9-ac7c-c46d9021d830,2,2026-05-25 21:28:05 UTC,,,lucas frurquim,SRID=4326;POINT(-53.2974117 -17.8002043),-17.8002043,-53.2974117,2,"Mato Grosso,Alto Taquari",Sequeiro,R5 (formação de dentes / dent),50,4. Boa / Good,30,19,16,44,16,14,38,15,39,14,32,17,16,32,17,14,36,15,16,37,2de73182-7c58-490d-91bc-3e43066f9a89,7f5bf929-895c-4c4a-95cd-0294238b272c,,198.26526143790852
16776662-ed4a-4eaf-9c2c-688d846976b7,2,2026-05-25 21:28:05 UTC,,,lucas frurquim,SRID=4326;POINT(-53.1956955 -17.9843696),-17.9843696,-53.1956955,2,"Mato Grosso,Alto Taquari",Sequeiro,R5 (formação de dentes / dent),40,4. Boa / Good,25,17,18,44,16,16,43,15,16,41,26,19,12,40,17,16,36,16,14,32,5f6721f6-fd48-4f56-b64b-5d8fef49339a,d93f2815-948e-4753-bf6d-0b62d81db463,602f8e25-fc9b-4e68-9097-189e79743ec8,191.48777777777778
737ac415-758c-4f0c-9858-fc2768778198,2,2026-05-25 21:28:05 UTC,,,lucas frurquim,SRID=4326;POINT(-53.1375073 -18.120342),-18.120342,-53.1375073,2,"Mato Grosso,Alto Taquari",Sequeiro,R2 (bolha d'agua / blister),50,4. Boa / Good,30,18,22,48,17,20,45,18,22,47,31,18,20,38,18,20,38,17,18,39,19e1d1b2-9045-46ee-a63e-1663c0d38d0b,63dcf557-0065-4a8b-948e-4bf367cf61d7,1792a8de-721c-4e20-a68b-e3e4ce96b9b9,262.53722222222217
158047fe-2f5f-4937-9c92-0b88ad72095f,2,2026-05-25 21:28:04 UTC,,,lucas frurquim,SRID=4326;POINT(-53.1042758 -18.2862597),-18.2862597,-53.1042758,2,"Mato Grosso,Alto Taquari",Sequeiro,R5 (formação de dentes / dent),90,4. Boa / Good,51,6,14,22,16,18,41,15,20,43,50,20,16,39,18,16,36,20,16,41,"5bc25c91-8e53-497f-b05d-a1753838d7a3,739b330b-f277-4d9e-8669-ac37b57ec0cf",6f876ff2-3d93-4ae2-8450-df4b2dcb825e,60ce076a-e274-46cf-b3e1-b483d5d813cd,172.3307915758896
2b499cb5-364f-4b60-ad50-b8b0b555f718,2,2026-05-25 21:28:04 UTC,,,lucas frurquim,SRID=4326;POINT(-52.9841808 -18.311471),-18.311471,-52.9841808,2,"Goias,Chapadao do Ceu",Sequeiro,R3 (grão leitoso / milk),90,4. Boa / Good,55,19,20,47,21,20,38,21,18,44,48,19,18,45,15,22,45,14,40,22,626bb904-d7d3-43e2-ab83-0638fdeffaef,7c9ad155-f93b-4343-9cc4-fc63ef6b0fdb,d287b753-01f2-4b40-9253-2276c00426a3,263.28243645606386
b2cc2927-3792-4372-8b8a-512d76267bb2,2,2026-05-25 21:28:03 UTC,,,lucas frurquim,SRID=4326;POINT(-52.8434425 -18.3341666),-18.3341666,-52.8434425,2,"Goias,Chapadao do Ceu",Sequeiro,R4 (grão pastoso / dough),45,5. Excelente / Excellent,45,21,16,37,20,18,39,20,18,38,49,18,22,44,19,20,41,20,22,46,02faa21c-6f7e-4a77-b6aa-d0b351205d61,39349bbe-50cd-41b0-ba77-f15ab4d9ad06,b2720743-97a7-4bd1-8309-3ef495fee22f,410.6487049140644
18d6e718-3420-4ab9-be35-6f01c22b58fb,2,2026-05-25 21:28:03 UTC,,,lucas frurquim,SRID=4326;POINT(-52.7062994 -18.3716822),-18.3716822,-52.7062994,2,"Goias,Chapadao do Ceu",Sequeiro,R4 (grão pastoso / dough),90,5. Excelente / Excellent,45,17,42,16,14,38,14,16,16,39,49,18,18,34,19,14,38,17,16,37,2a700b84-bd1f-4c49-8650-e7ff645f6271,78cafc57-687d-4ac4-8521-c577b8254f1b,1c8aec44-a33a-458d-9f29-fa27e857cf71,185.18204793028323
ead33d75-418e-463b-b995-6a9c6004d3af,2,2026-05-25 21:28:02 UTC,,,lucas frurquim,SRID=4326;POINT(-52.5589657 -18.4383481),-18.4383481,-52.5589657,2,"Goias,Chapadao do Ceu",Sequeiro,R4 (grão pastoso / dough),45,4. Boa / Good,27,13,22,33,13,20,40,14,22,38,28,14,20,32,16,16,32,17,16,28,c8166ac3-9435-41fe-a3bc-b8af7f23c582,8a54e7ea-0dcd-47df-98c1-79813e326edd,749aaccf-4087-45a2-bb17-1e1262ebd526,199.0834906802227
e7fe2280-41a0-42b2-ba0b-180843093220,2,2026-05-25 21:27:57 UTC,,,lucas frurquim,SRID=4326;POINT(-52.4426867 -18.5056514),-18.5056514,-52.4426867,2,"Goias,Chapadao do Ceu",Sequeiro,R4 (grão pastoso / dough),40,2. Ruim / Poor,22,10,22,28,11,22,32,11,18,35,22,15,16,20,11,18,26,11,16,30,829fd703-42a1-478f-ac3f-475043f0083d,fd2d56b4-9ebd-412b-876f-11aee2c9449e,0cbc851e-bd67-4f99-b7e2-24405e7f422f,145.72627450980391
4d4f4089-d24f-4040-96f0-9f215689f2fe,2,2026-05-25 21:27:56 UTC,,,lucas frurquim,SRID=4326;POINT(-52.3234969 -18.600484),-18.600484,-52.3234969,2,"Goias,Chapadao do Ceu",Sequeiro,R3 (grão leitoso / milk),45,4. Boa / Good,21,17,16,44,17,40,18,17,22,45,17,12,16,17,17,18,31,16,16,20,bcae3941-fda8-490e-b73c-5bd3521f757a,60092ac0-21c7-4100-81f8-a6560ed4fd4e,5218366d-bafb-4d44-b99d-5aa562ddc754,130.84289518276444
b9b459f1-ed85-41ec-90ae-b2d223e4b639,2,2026-05-25 21:27:56 UTC,,,lucas frurquim,SRID=4326;POINT(-51.9350973 -18.2459808),-18.2459808,-51.9350973,2,"Goias,Serranopolis",Sequeiro,R5 (formação de dentes / dent),50,4. Boa / Good,29,17,16,42,18,16,48,14,16,38,23,20,14,38,17,14,30,14,15,28,b516ca7c-0573-424b-9812-c8be57674fc9,"f5d930d0-12f0-430d-a8af-f3d14eb9ff66,5bc169fb-ddd2-4890-974f-dec548d57c1e",66cc19f4-6fa4-4033-b96f-08f404dd1dc0,146.6404531590414
3b49cac3-9982-4281-b56f-370b3ccc1846,2,2026-05-25 21:27:55 UTC,,,lucas frurquim,SRID=4326;POINT(-51.8720766 -18.1026561),-18.1026561,-51.8720766,2,"Goias,Jatai",Sequeiro,R5 (formação de dentes / dent),40,4. Boa / Good,23,17,22,42,18,20,38,17,22,40,27,16,20,37,17,16,40,17,16,30,207f4e84-a71a-4680-9d62-0e26f30719f9,e0ed2d0b-17d4-4773-bc83-54441b3d07db,d401f492-0985-4874-aac9-8b1e1cbb9ee8,227.68001089324616
6341d9b2-09dd-4dcf-9b43-a7837dec77e0,2,2026-05-25 21:27:55 UTC,,,lucas frurquim,SRID=4326;POINT(-51.8002213 -17.9959735),-17.9959735,-51.8002213,2,"Goias,Jatai",Sequeiro,R5 (formação de dentes / dent),50,3. Média / Fair,25,12,22,28,11,16,29,12,22,31,27,15,14,27,12,20,25,8,12,14,2081e6dc-bffb-463d-92f0-8d2dee718ddf,dc943afd-def0-40ba-84a9-fcda9fc6a150,3af1f739-52f1-44db-96c0-0fcf5d5c2146,117.433220043573
f5177486-6671-422a-83fe-ced749873913,2,2026-05-25 21:27:55 UTC,,,lucas frurquim,SRID=4326;POINT(-51.7621503 -17.9150357),-17.9150357,-51.7621503,2,"Goias,Jatai",Sequeiro,R6 (maturação fisiológica / physiological maturity),50,4. Boa / Good,30,16,14,25,19,16,46,16,14,36,31,14,16,28,16,16,33,16,14,29,3d01e073-ff72-4017-bb35-274a43d3dde6,7501f01d-29bc-460f-9c6d-9b56d175c699,127a6f02-4fe2-4a10-abe4-369391d1be1c,149.62343137254902
f3ff4b82-8ede-4147-8fe7-1ee10d19ba97,2,2026-05-25 21:27:54 UTC,,,lucas frurquim,SRID=4326;POINT(-51.6480535 -17.8824981),-17.8824981,-51.6480535,2,"Goias,Jatai",Sequeiro,R2 (bolha d'agua / blister),50,3. Média / Fair,27,14,12,35,15,12,33,14,14,35,30,17,12,30,15,12,29,17,14,33,fc8613f9-d4d4-476a-9d4d-29c43932e6ed,425ea7bf-b232-4679-958d-f2d605fe260c,47306cc7-0b74-4c94-8f4e-83d6633eb354,116.86490196078431
b4dbe98d-4ca0-436a-b38a-122e5f042666,2,2026-05-25 21:27:54 UTC,,,lucas frurquim,SRID=4326;POINT(-51.4733668 -17.845128),-17.845128,-51.4733668,2,"Goias,Jatai",Sequeiro,R5 (formação de dentes / dent),50,4. Boa / Good,29,14,22,32,15,18,41,18,20,46,30,14,22,32,16,20,34,15,22,35,d002be14-70ec-4c19-95f5-f81d2743f0f7,6b33a737-e722-40d5-879e-704a7a64e2cd,07fe06a2-d882-4e79-a995-bf46f326a286,222.6677995642701
d5816908-71dd-4fe2-9b37-7c905b1ce333,2,2026-05-25 21:27:53 UTC,,,lucas frurquim,SRID=4326;POINT(-51.2624773 -17.8156297),-17.8156297,-51.2624773,2,"Goias,Rio Verde",Sequeiro,R3 (grão leitoso / milk),50,3. Média / Fair,27,13,14,30,14,16,27,18,14,38,29,14,16,35,15,16,41,14,14,32,d6adf639-7ff6-4238-9f9a-b1e4b2c1d60f,c2de54e6-233e-4dc0-9c7c-8dd2df22ed62,23dddebb-cc52-43bf-ad91-459791b2289a,141.5427450980392
3e5e5caf-e1e6-45d8-bb26-61088c80f9a2,2,2026-05-25 21:27:53 UTC,,,lucas frurquim,SRID=4326;POINT(-51.1590583 -17.8171772),-17.8171772,-51.1590583,2,"Goias,Rio Verde",Sequeiro,R3 (grão leitoso / milk),55,3. Média / Fair,29,18,18,40,18,18,33,19,18,47,26,19,20,37,19,18,25,17,16,37,9418f5cc-f10a-4de5-ac90-be5cad38e358,23a5ca6f-5ff6-42ed-9e78-dac458e79bc4,0485fcf4-81f3-4804-8c31-fbcab3a044e0,163.60588235294117
c1c8d2ff-e370-42ca-bbc0-33572f666f46,2,2026-05-25 21:27:52 UTC,,,lucas frurquim,SRID=4326;POINT(-51.0192981 -17.8238987),-17.8238987,-51.0192981,2,"Goias,Rio Verde",Sequeiro,R4 (grão pastoso / dough),50,4. Boa / Good,33,14,20,31,18,30,16,15,16,33,31,14,16,33,15,33,22,16,18,39,e6bd8b1d-1e76-4131-86b8-65d83ad72312,b09f86e6-4cca-4cf1-ac49-b0cad1727914,"5b91e4e8-ab4b-4692-b1ec-8bd5dc44d72c,97a84ae5-7e56-4e6f-9ae3-a957a811394f",204.89997385620916
a0a0ae4e-774a-4275-86e7-1718e2400a66,9,2026-05-25 21:23:51 UTC,,,Letícia Viração,SRID=4326;POINT(-55.01752867155999 -22.14189837801248),-22.141898378,-55.0175286716,9,"Mato Grosso do Sul,Dourados",Sequeiro,R4 (grão pastoso / dough),50,4. Boa / Good,26,14,16,27,15,18,31,14,16,27,24,13,16,30,15,16,31,14,18,31,5f7aceb5-936e-42c0-9970-6567134b3019,cb0cc2f0-abc1-4225-8596-de3e0181d1c6,714ba9c0-23b1-41f3-ba0b-9b5a9eed1d79,122.434640522876
ae0970f7-9aee-4e06-a442-17b7fa354604,9,2026-05-25 21:23:50 UTC,,,Letícia Viração,SRID=4326;POINT(-55.12787013809582 -22.132819846476202),-22.1328198465,-55.1278701381,9,"Mato Grosso do Sul,Dourados",Sequeiro,R2 (bolha d'agua / blister),50,3. Média / Fair,24,12,16,27,13,16,26,13,16,27,20,13,14,29,13,16,27,12.5,14,25,419455cc-258e-44a0-a0be-b27dd15f3259,b7e08ef1-b8ef-4133-a47c-305f38bfc22a,6cca1392-fab2-4a8a-98cc-f8834e8c98c6,90.1628061002178
903c7768-970d-4a0a-9e58-571e1b33778f,9,2026-05-25 21:23:50 UTC,,,Letícia Viração,SRID=4326;POINT(-55.28052971877357 -22.09626551779545),-22.0962655178,-55.2805297188,9,"Mato Grosso do Sul,Maracaju",Sequeiro,R4 (grão pastoso / dough),50,3. Média / Fair,29,13,12,26,12,14,25,13,14,26,29,12,12,25,12.5,12,27,14,12,29,212a13e2-151e-456b-8027-9f30a76fce89,00bced56-f4de-430e-9cbd-7cab326d85af,bf2b23ea-3441-4eb8-a00a-d5d940808317,96.3517734204793
d94d0458-c52e-4f76-920e-1d8bbc87cf30,9,2026-05-25 21:23:50 UTC,,,Letícia Viração,SRID=4326;POINT(-55.42842346763817 -22.063330367999306),-22.063330368,-55.4284234676,9,"Mato Grosso do Sul,Maracaju",Sequeiro,R5 (formação de dentes / dent),50,4. Boa / Good,26,15,14,31,14,14,29,16,14,33,28,14,14,29,16,12,34,17,12,35,5d3211e0-9f52-44ae-a427-58cfaab53d67,951cce89-96b8-4ad7-a9f2-ef2770185940,35b79abe-7de5-4cb7-9a80-12b3d89d9f97,114.150588235294
00962a7f-ff50-4ae7-a53c-f9323e2ca077,9,2026-05-25 21:23:49 UTC,,,Letícia Viração,SRID=4326;POINT(-55.51485277717515 -21.9884035410517),-21.9884035411,-55.5148527772,9,"Mato Grosso do Sul,Maracaju",Sequeiro,R4 (grão pastoso / dough),50,4. Boa / Good,29,11,12,25,11,14,26,12,14,26,30,11.5,16,25,12,14,29,12,14,27,05e9fe6d-9635-4e19-8f2b-056d4e9e27e8,22bc403a-25f9-42ca-9448-6680c3fdfd0d,908072ea-4c15-40cd-8324-645ae03e6fd0,108.330169934641
0942c33e-003c-4e16-91a4-4d6c1968a7e9,9,2026-05-25 21:23:49 UTC,,,Letícia Viração,SRID=4326;POINT(-55.509316804850165 -22.093392152595058),-22.0933921526,-55.5093168049,9,"Mato Grosso do Sul,Ponta Pora",Sequeiro,R6 (maturação fisiológica / physiological maturity),50,3. Média / Fair,29,14,14,29,14,14,29,11,16,28,22,13,14,29,12,16,25,11,16,28,d6e7a2ad-cea9-45a3-8b8d-2e20e7425193,945d9af3-b8e4-4b4b-941e-a3b5e292e4ef,eebe0deb-2d5f-45ad-93ba-9da363abaae0,106.68
6055731e-9a94-4265-818b-e7c4003b2436,9,2026-05-25 21:23:48 UTC,,,Letícia Viração,SRID=4326;POINT(-55.86392787113235 -22.28132179567856),-22.2813217957,-55.8639278711,9,"Mato Grosso do Sul,Ponta Pora",Sequeiro,R6 (maturação fisiológica / physiological maturity),50,3. Média / Fair,27,8,16,20,10,16,21,10,16,23,21,12,16,27,10,14,20,11,18,22,22e0db25-92ff-4575-9b3e-18037cece884,42f8118f-5753-4568-a56f-b045433eb859,5d50343d-0c22-458c-96b9-d6f9234796dd,84.7861960784314
3c134086-863c-4c96-9581-ee1ed3f14a46,9,2026-05-25 21:23:48 UTC,,,Letícia Viração,SRID=4326;POINT(-55.87937165454928 -22.05866944400029),-22.058669444,-55.8793716545,9,"Mato Grosso do Sul,Ponta Pora",Sequeiro,R3 (grão leitoso / milk),50,4. Boa / Good,26,12,16,25,14,16,29,13,14,28,25,14.5,16,31,14.5,16,29,14,14,29,bffd6e1b-c145-4c4c-9c9a-13f416385f83,6df98b81-8794-4b2d-a437-3262ca992d04,2ea79563-81dd-4612-bd7f-856fce57d23d,110.998
e6229651-3bb8-4244-9260-3016248413d3,6,2026-05-25 21:23:22 UTC,,,Altielly Santos,SRID=4326;POINT(-53.6385468 -24.6489475),-24.6489475,-53.6385468,6,"Parana,Toledo",Sequeiro,R5 (formação de dentes / dent),45,5. Excelente / Excellent,28,21,38,14,20,16,32,19,14,38,26,19,12,37,18,14,37,19,12,38,abd73d90-b4f0-4105-8a06-4c03ed928085,"4e0a37d8-c8bb-4d2a-bbe8-7b168df87fc8,38e17185-31eb-4b83-a1bb-c89e034d033b",,172.45437908496731
a7f7dc23-f48b-46c3-8c03-0b36a24c3f95,6,2026-05-25 21:23:22 UTC,,,Altielly Santos,SRID=4326;POINT(-53.5278708 -24.5841504),-24.5841504,-53.5278708,6,"Parana,Tupassi",Sequeiro,R5 (formação de dentes / dent),50,3. Média / Fair,33,16,16,32,15,14,20,16,16,34,30,15,16,32,16,16,32,15,16,23,598b02ac-6e2b-49fb-bfe8-abc2bb74dbba,"345ac2fe-d36b-40aa-9831-70b1c6664dd0,fc59061c-c4ea-486f-9a2e-b28d22a5e8b7",,141.7344901960784
ec81d9a2-793a-4426-9f6f-257f2bd31079,6,2026-05-25 21:23:21 UTC,,,Altielly Santos,SRID=4326;POINT(-53.4625949 -24.6697824),-24.6697824,-53.4625949,6,"Parana,Tupassi",Sequeiro,R5 (formação de dentes / dent),50,3. Média / Fair,27,15,18,35,15,18,32,16,20,35,29,15,16,23,16,18,38,15,16,27,b9ff6b0b-d277-497b-af12-e6b4d8e9f26d,"103b2651-d84a-4f53-b72b-0de9f43aff59,c24cf77a-aa48-4190-bea7-aa5501df2117",,156.03015250544664
acfd8dad-e15a-4fdf-b72f-bea27e51aa71,6,2026-05-25 21:23:21 UTC,,,Altielly Santos,SRID=4326;POINT(-53.3855674 -24.6947159),-24.6947159,-53.3855674,6,"Parana,Cafelandia",Sequeiro,R5 (formação de dentes / dent),45,4. Boa / Good,29,17,16,32,16,16,38,16,18,37,31,16,14,29,16,18,37,17,18,35,ea8c6b30-4e5b-4da5-8cdf-01fdbf062280,"9cae1c87-8289-437e-8695-6464edec5475,3630e8fb-7a15-4f39-a7ca-ada2c1e668f8",,191.83732752360203
11907916-8220-48ac-b49c-5baed9922763,6,2026-05-25 21:23:20 UTC,,,Altielly Santos,SRID=4326;POINT(-53.3091607 -24.7765337),-24.7765337,-53.3091607,6,"Parana,Corbelia",Sequeiro,R5 (formação de dentes / dent),50,5. Excelente / Excellent,34,17,14,34,18,18,38,17,18,40,31,16,18,33,18,16,39,16,16,31,76a23189-ee99-458e-9d6f-688b5077ac47,"fe7e8257-d16a-4c59-b950-33681a32d7c7,2274af40-7825-4640-b658-fed603b8b52d",,193.33605664488022
6f233996-7c25-428c-a267-cc8684ee342a,6,2026-05-25 21:23:20 UTC,,,Altielly Santos,SRID=4326;POINT(-53.3576407 -24.8978439),-24.8978439,-53.3576407,6,"Parana,Cascavel",Sequeiro,R5 (formação de dentes / dent),50,5. Excelente / Excellent,30,19,18,40,19,16,33,17,16,34,29,19,14,36,16,14,23,17,14,39,b30cdc80-91cf-4247-a27a-774ff90e190e,"42ebdd7c-0f05-45ed-9519-007b93fbfe3f,a72ebdc9-159e-473a-bc54-ecbfdb272a53",,153.94115468409584
54e4bdfd-349c-4efe-a0ce-d6c8007e09a6,6,2026-05-25 21:23:19 UTC,,,Altielly Santos,SRID=4326;POINT(-53.678124 -24.7884499),-24.7884499,-53.678124,6,"Parana,Toledo",Sequeiro,R5 (formação de dentes / dent),50,5. Excelente / Excellent,27,19,22,31,19,18,39,19,18,40,27,19,18,40,19,20,34,19,18,38,d5a740d3-caeb-49cd-a33e-d170e06a569c,"42c96af7-1cc3-464f-af6f-7c1fd4cda4a0,3e555f90-6f5d-4496-87ce-853b1db11543",,189.06564705882354
926ebe33-8c8e-4809-b41a-37c2ed2e07a4,6,2026-05-25 21:23:19 UTC,,,Altielly Santos,SRID=4326;POINT(-53.6778481 -24.7883159),-24.7883159,-53.6778481,6,"Parana,Toledo",Sequeiro,R5 (formação de dentes / dent),50,5. Excelente / Excellent,31,18,14,38,16,18,34,15,14,28,31,16,16,36,15,16,36,17,14,37,d60ac07f-d012-43da-a2ff-301ed24b81c6,"36e91c11-900e-4ddd-a0e9-12df5c3e3c87,7b3d0519-5439-4134-8bdf-5c6cb82d0cc8",,164.9251328976035
e27e05b5-11c5-46f6-a50b-3a4ce441fbeb,6,2026-05-25 21:23:18 UTC,,,Altielly Santos,SRID=4326;POINT(-53.8691346 -24.7763935),-24.7763935,-53.8691346,6,"Parana,Ouro Verde do Oeste",Sequeiro,R4 (grão pastoso / dough),50,5. Excelente / Excellent,25,18,16,39,19,20,34,19,18,36,28,18,16,36,17,16,30,17,16,32,b35279be-71da-48db-8304-aef2f4005952,"194c51a3-a26a-43a6-9b75-adcc4cc77f54,f6e1f2dd-482c-4a74-8fbf-a2bf7f153b66",,154.813
918d9cbc-7bed-458e-ad0e-7946c3b68dd5,6,2026-05-25 21:23:18 UTC,,,Altielly Santos,SRID=4326;POINT(-53.977313 -24.7677425),-24.7677425,-53.977313,6,"Parana,Ouro Verde do Oeste",Sequeiro,R5 (formação de dentes / dent),50,5. Excelente / Excellent,30,18,34,14,16,12,35,16,14,38,30,15,16,38,16,14,33,13,14,25,c72fa3c2-3711-4100-b2d1-81b295aa5419,"98608453-bb37-4b31-8cd3-a382e8812101,c32a7d2d-9422-460b-9460-b35b9eda8c8a",,157.97803921568624
3f2e2d3f-8ff8-43f8-9d35-8f35febac13f,6,2026-05-25 21:23:17 UTC,,,Altielly Santos,SRID=4326;POINT(-54.0991053 -24.8094205),-24.8094205,-54.0991053,6,"Parana,Santa Helena",Sequeiro,R5 (formação de dentes / dent),50,5. Excelente / Excellent,33,17,14,29,19,18,33,17,16,36,29,17,14,35,18,14,39,17,18,31,6c0907f5-bd7f-4417-bd67-c1bcb1aa75a1,"35d99a09-14d4-42cc-8cd8-dcaed9a10da0,c552ec67-8f9a-4ca4-833b-a4a409ae77e3",,163.67284095860566
f4581d7c-9614-4dc1-ab74-59089ecab68b,6,2026-05-25 21:23:17 UTC,,,Altielly Santos,SRID=4326;POINT(-54.2084406 -24.7971181),-24.7971181,-54.2084406,6,"Parana,Santa Helena",Sequeiro,R4 (grão pastoso / dough),45,4. Boa / Good,32,17,14,29,15,14,24,15,14,30,29,15,12,28,18,16,34,15,14,20,"41c46da5-e48e-45ba-a7ed-9e5cb306125a,5b4a67f6-d958-4697-830d-6cfd83647d00","d0af802d-87bf-4e46-b756-0f446f78e331,7b89f610-75a1-45ea-a186-36173fccf1c3",,129.96056644880176
b4af9854-369f-410f-b03b-3a13e3fea731,6,2026-05-25 21:23:16 UTC,,,Altielly Santos,SRID=4326;POINT(-54.3083896 -24.8040936),-24.8040936,-54.3083896,6,"Parana,Santa Helena",Sequeiro,R4 (grão pastoso / dough),65,4. Boa / Good,32,17,16,29,15,16,29,15,16,28,32,16,16,30,17,14,32,15,16,32,b56079d4-376f-4ba8-932d-d990df7a696c,"49c09781-0430-4559-9ea3-8f6e12e88525,944f6f79-ae93-426b-ae0b-6e7d57e44aed",,115.23861236802414
c7a909fa-5fc9-4260-a1cc-51830d295e2d,6,2026-05-25 21:23:16 UTC,,,Altielly Santos,SRID=4326;POINT(-54.309465 -24.9212001),-24.9212001,-54.309465,6,"Parana,Santa Helena",Sequeiro,R5 (formação de dentes / dent),50,4. Boa / Good,28,18,12,36,19,16,42,18,16,30,27,17,14,32,15,16,18,16,16,30,ee5f1dc3-1628-4ed2-b70f-d2cca2726e25,"6f1fcfe1-73b7-4e82-9766-88964d4f6296,634d7079-377c-4b4f-9cf5-26bb483228db",,128.74313725490194
d42384e3-b896-43b2-be91-ee10c54a6e8e,6,2026-05-25 21:23:15 UTC,,,Altielly Santos,SRID=4326;POINT(-54.2437359 -24.9949884),-24.9949884,-54.2437359,6,"Parana,Missal",Sequeiro,R3 (grão leitoso / milk),50,1. Muito ruim / Very Poor,27,16,4,6,18,14,26,18,12,21,29,16,8,22,15,6,19,17,4,10,f4649e23-4a88-4449-acdd-e6fd62a13aa3,"023c16c7-b225-4123-86f8-c005ee15249b,c7397254-6047-459c-b1b0-f3bdac10b467",,38.67440522875817
5779fcf9-b1cb-4e94-8ece-51d1f0e7a334,6,2026-05-25 21:23:15 UTC,,,Altielly Santos,SRID=4326;POINT(-54.2591241 -25.0755172),-25.0755172,-54.2591241,6,"Parana,Missal",Sequeiro,R2 (bolha d'agua / blister),50,2. Ruim / Poor,32,18,16,20,17,16,38,18,14,38,20,16,12,34,15,14,30,17,14,36,f674c31b-9638-4e2d-ba0c-540979f84bf4,"083ca7c4-ff59-4fc4-ae04-af772b7a446e,fcd0aa9c-4f70-47fe-ba15-696ed4891c4f",,121.26037472766883
095919e9-ac9d-4649-ad54-ab5a45a8cceb,6,2026-05-25 21:23:14 UTC,,,Altielly Santos,SRID=4326;POINT(-54.222662 -25.2126472),-25.2126472,-54.222662,6,"Parana,Sao Miguel do Iguacu",Sequeiro,R4 (grão pastoso / dough),50,2. Ruim / Poor,31,13,18,15,11,16,12,18,14,26,28,13,16,16,18,28,16,14,18,14,39b3a68b-5600-45b7-843d-17fc4aff6945,"7358cf2e-0ee7-4c47-a3ba-d7ecc8316005,2b3527d6-87ed-489f-8956-cd1b77b37f7e",,88.88754901960783
a5e2a4d0-64a8-4c91-9fbb-3a0539b6e300,3,2026-05-25 20:25:51 UTC,,,Monica Farias,SRID=4326;POINT(-52.36762030519886 -17.518774075781465),-17.5187740758,-52.3676203052,3,"Minas Gerais,Medeiros",Sequeiro,R5 (formação de dentes / dent),90,2. Ruim / Poor,30,8,16,14,12,14,23,15,12,16,39,15,16,20,10,16,16,9,16,15,79e36935-43a0-4456-9324-d44c367d133d,9956e47b-93e3-42ee-94d8-2df3a8203a23,99ba9479-3a65-4c0c-86d9-c38d667e99cd,49.637908496732
fa7dffb5-c11a-4d91-ba69-1e023257f8d1,3,2026-05-25 20:25:51 UTC,,,Monica Farias,SRID=4326;POINT(-52.33951310731903 -17.427505931954165),-17.427505932,-52.3395131073,3,"Goias,Mineiros",Sequeiro,R3 (grão leitoso / milk),45,4. Boa / Good,25,12,18,21,11,20,20,10,18,18,26,12,20,24,12,16,22,13,18,25,aadf39e6-fe25-4bf5-ae64-72d562fb19e7,1022000c-d7ff-4292-947c-919369cd5565,fca718fb-73b7-4085-8d8d-df6853304395,112.104938271605
c4fda383-3951-4bd9-a3c6-9ee148845471,3,2026-05-25 20:25:50 UTC,,,Monica Farias,SRID=4326;POINT(-52.19983854467577 -17.453053435013263),-17.453053435,-52.1998385447,3,"Goias,Perolandia",Sequeiro,R4 (grão pastoso / dough),55,5. Excelente / Excellent,36,10,20,20,13,20,25,15,14,32,36,15,18,24,12,18,24,13,20,22,5ab884d7-2a22-4084-a91f-202528efa269,3c551f7e-71d7-4a8f-a4fe-5eec13318730,ebbfa6e5-87fe-4dac-bc90-5a2b4bd1f586,146.423529411765
33da51cd-8e6a-418f-83d8-b7f1bf7b270d,3,2026-05-25 20:25:50 UTC,,,Monica Farias,SRID=4326;POINT(-52.11796112363424 -17.48810197693993),-17.4881019769,-52.1179611236,3,"Goias,Perolandia",Sequeiro,R2 (bolha d'agua / blister),45,2. Ruim / Poor,19,12,16,18,12,16,22,10,16,18,20,11,18,18,13,18,20,10,18,20,e7b23e47-b173-40ba-8b8b-bbba26eba7e9,e9374295-fe1d-4e17-a758-0b0e826ca379,34f531e6-9f35-4267-a6f2-6fed8cb93f4c,70.9318518518518
a294d048-e009-413c-8b8b-898a7c6be0c0,3,2026-05-25 20:25:49 UTC,,,Monica Farias,SRID=4326;POINT(-52.12495571204558 -17.528151084975292),-17.528151085,-52.124955712,3,"Goias,Perolandia",Sequeiro,R3 (grão leitoso / milk),50,4. Boa / Good,25,12,18,23,13,20,26,12,20,20,27,10,20,16,11,18,18,14,18,30,43fa4c03-6682-4881-8f49-d9dd22ac69d0,ab11b8e4-7687-48d7-a640-1e943b777760,34cc8591-51bd-4054-bf54-23b5decd9c65,109.073908496732
6c68ba93-9812-4f0c-a0a2-b6a5bad42ccd,3,2026-05-25 20:25:49 UTC,,,Monica Farias,SRID=4326;POINT(-52.21102796619828 -17.60621253876785),-17.6062125388,-52.2110279662,3,"Goias,Perolandia",Sequeiro,R3 (grão leitoso / milk),50,4. Boa / Good,25,12,16,22,11,18,22,11,22,17,26,12,22,22,10,16,18,10,20,15,25d7c4ad-2d04-47f7-8b77-d65921f57925,3fccf32d-5e53-4cc9-8dbb-f645fca19b65,ceb6dc51-f8ab-41cb-a773-4f2a3b5264d9,93.3026666666666
726539fa-bc0b-4a3f-b390-4abfb03e9ced,3,2026-05-25 20:25:48 UTC,,,Monica Farias,SRID=4326;POINT(-52.16684953404901 -17.716464108235776),-17.7164641082,-52.166849534,3,"Goias,Mineiros",Sequeiro,R3 (grão leitoso / milk),45,4. Boa / Good,23,15,18,25,16,18,25,14,20,26,23,14,16,26,15,18,24,12,20,24,110834b3-b322-4b20-ae2c-dfd3191855d6,c05a0f6b-fda1-4665-b0dc-c4c6053a4ca8,17187f4f-f088-4ef0-b0b5-b7dba8eec18c,116.670297748729
49835e48-3ebb-4deb-88a0-ae2c9863b2ec,3,2026-05-25 20:25:48 UTC,,,Monica Farias,SRID=4326;POINT(-52.17247542930038 -17.84024764785342),-17.8402476479,-52.1724754293,3,"Goias,Mineiros",Sequeiro,R2 (bolha d'agua / blister),50,4. Boa / Good,28,13,16,27,13,16,24,13,18,24,25,13,18,26,12,18,22,14,16,28,ef540622-e505-4e2b-bff7-3938bcefb1ae,93331f94-fac9-46f6-a5c8-9d0c6bbd319e,aff3a9d2-372c-4d6d-bbda-68f9602fbab3,112.931222222222
fa4715bd-a68a-4b33-ba35-a5c4fd24c1e4,3,2026-05-25 20:25:47 UTC,,,Monica Farias,SRID=4326;POINT(-52.05628406261285 -17.802770524302314),-17.8027705243,-52.0562840626,3,"Goias,Jatai",Sequeiro,R5 (formação de dentes / dent),50,4. Boa / Good,23,15,16,25,15,18,22,15,14,30,28,15,18,24,15,16,28,15,16,27,c9ba4ddb-1fc8-44ef-8809-dc1aba178ed1,aa313bd8-be37-4286-b5b2-821cd02054f2,98167126-e2cf-402d-baa6-228c72fd8bd7,107.865333333333
f385b47e-fe85-4739-89b1-51ff63a0d050,3,2026-05-25 20:25:46 UTC,,,Monica Farias,SRID=4326;POINT(-51.90614833501345 -17.85149205477708),-17.8514920548,-51.906148335,3,"Goias,Jatai",Sequeiro,R4 (grão pastoso / dough),45,4. Boa / Good,24,15,16,27,15,18,27,13,16,25,28,14,18,29,14,16,27,15,16,28,760999b4-6931-4df9-ae0a-64accc901f49,df8b852c-a655-43c3-95f0-28c6b972a324,2434ceba-983f-43c4-89bc-848dc0dd1091,130.289518276446
e0e26afe-24dd-4f33-8c63-04d79edf59ad,3,2026-05-25 20:25:46 UTC,,,Monica Farias,SRID=4326;POINT(-51.79552771424618 -17.90408178424584),-17.9040817842,-51.7955277142,3,"Goias,Jatai",Sequeiro,R4 (grão pastoso / dough),45,3. Média / Fair,24,9,18,20,13,16,24,11,16,23,22,10,16,19,14,18,27,11,16,24,367b4757-63c6-43fa-ba8a-8af5fe38a6c5,bde39d21-e736-4052-a67b-351555736c42,8dd4afce-fe31-4707-8f90-e51ed7b17621,96.8717017671266
20564220-142d-4d94-af3e-1f195c23d415,8,2026-05-25 19:37:49 UTC,,,Andre Rossetti,SRID=4326;POINT(-47.2257948 -16.393022),-16.393022,-47.2257948,8,"Minas Gerais,Unai",Sequeiro,R2 (bolha d'agua / blister),50,3. Média / Fair,23,13,18,30,12,18,28,11,16,27,25,11,18,29,13,18,32,12.5,16,30,"c2a2297c-d458-44c9-96af-b23ee48fe52e,238054b5-e9b5-4c4c-be25-dc43eea62898,eadbf7f3-b13c-4d44-9610-0c1d75f626f8","78f04bf6-efe1-474a-957c-1d642109d518,7d0bd40a-2b3a-4276-99f8-e7b441071885,2b3ec991-0034-44ef-b836-3103298acf69","91059413-d71d-4110-a92d-3fb992b1a4d1,700e4573-d11f-4701-ba60-3fdb17b3d8ab,963f65d8-1a2d-43f1-95bd-d8be411ecb08",121.54813071895425
f1760225-d27a-46d5-8d91-76eb65ba77cd,8,2026-05-25 19:37:48 UTC,,,Andre Rossetti,SRID=4326;POINT(-47.4117874 -16.4913972),-16.4913972,-47.4117874,8,"Minas Gerais,Unai",Irrigado,R2 (bolha d'agua / blister),50,5. Excelente / Excellent,28,18,22,40,16,18,40,17,20,40,29,16.5,22,37,17,20,36,16,18,37,"f780f390-e4c6-47d8-93c3-038d62bf1bbe,96af9c98-45d9-457b-bfb9-5d71180644e3,6913c337-f7eb-417f-8626-111eef95b683","7c917aee-86bd-4f32-9b8c-b50e32826c47,b2ef0bdf-ae58-4990-82ea-faf5e9790e73,1458c8f7-33a6-46b8-b770-7f32b0a232d2","0ec526eb-996c-4f6a-8c1c-0b13eee9f11e,4ab4f4b5-61cc-43a0-a2f5-c169a542ff9c,062521fc-2815-44f8-a00b-7ddb271446af",217.64313725490194
3b11982f-d114-4412-ab6c-b42204d33a02,8,2026-05-25 19:37:47 UTC,,,Andre Rossetti,SRID=4326;POINT(-47.5297557 -16.587525),-16.587525,-47.5297557,8,"Goias,Cristalina",Irrigado,R4 (grão pastoso / dough),50,4. Boa / Good,27,15.5,18,36,15,16,36,14,14,31,29,13,16,30,14.5,16,32,15,16,31,"224bdc7e-42ea-454b-b142-44a25b44286f,f772c2a4-a550-4b9c-a4c9-62e36b3e9156,83d02c3f-c575-43c0-b84d-ac37484a0597","ba2dd754-7afd-4cac-86db-93e952a06bfb,d53d5402-1a23-443a-9f5e-5f9ec4bab9bc,831a0cc8-3147-46db-8880-31f0ab39f08b","92973d9e-bd93-44ef-8f77-2f872a681251,7bb3e97d-8b70-4244-871a-a9f1e095698e,cb2d171d-4148-45d4-9b69-adc3692b86a8,d590a13b-c652-4d0f-ac60-cc20cb9c2e60",145.7727581699346
25516cbe-12d7-4a98-805d-f3b19835e166,8,2026-05-25 19:37:46 UTC,,,Andre Rossetti,SRID=4326;POINT(-47.5763763 -16.6742906),-16.6742906,-47.5763763,8,"Goias,Cristalina",Irrigado,R2 (bolha d'agua / blister),50,5. Excelente / Excellent,32,15,18,38,13,16,38,14,16,38,32,13.5,16,37,13,18,38,12,14,38,"861cdffc-e98d-4748-b023-78fe8737b714,33c482e7-f54e-4846-b469-97048c4eb526,8e965ed6-5334-4c95-80a1-1290a1b7a459","9ac9aad7-0ac8-41df-b842-c85ddcbe58db,bfeae659-9a65-4660-a6ae-088e1d6a8e7d,bca1e24c-375f-4aca-9f24-7bdc81f1c7a7","e4f8b70a-ce48-4b6e-a523-bc225d828453,f272abb8-7cb4-4455-9cf4-150430bf45c5,7096120c-5014-447e-9e52-5ce63c46aa53",196.96676252723313
61c23d11-023e-49cc-83e4-35b54b6755df,9,2026-05-25 17:25:14 UTC,,,Letícia Viração,SRID=4326;POINT(-55.7726352886884 -21.862834556512468),-21.8628345565,-55.7726352887,9,"Mato Grosso do Sul,Maracaju",Sequeiro,R6 (maturação fisiológica / physiological maturity),50,3. Média / Fair,29,12,12,28,13,16,24,13,16,29,28,13,14,28,14,16,33,11,16,25,00469241-402e-4a87-9d55-83194965e094,f9463191-213c-4740-81fa-7e670bece170,1dded6ad-70b8-4e72-a342-ae02e1d8df55,118.520882352941
99f8d314-fe40-43f5-aeaf-07a36b17f8f7,9,2026-05-25 17:25:10 UTC,,,Letícia Viração,SRID=4326;POINT(-55.66031682449718 -21.739240639317543),-21.7392406393,-55.6603168245,9,"Mato Grosso do Sul,Maracaju",Sequeiro,R6 (maturação fisiológica / physiological maturity),50,3. Média / Fair,28,13,14,28,11,12,22,14,12,33,26,12,14,24,16,12,34,13,14,29,548e5629-036e-46b8-b82e-51a141ac3b11,196d44a7-8cd1-4cee-a089-519c4eb083f4,f0c336ce-ee56-4d3a-8587-f232e69e50f0,99.06
d3fcd99a-4728-45ea-a08c-897112bafd29,9,2026-05-25 17:25:10 UTC,,,Letícia Viração,SRID=4326;POINT(-55.619955975753825 -21.63242809448865),-21.6324280945,-55.6199559758,9,"Mato Grosso do Sul,Maracaju",Sequeiro,R4 (grão pastoso / dough),50,3. Média / Fair,28,12,16,24,16,14,26,14,12,33,26,14,16,30,13,14,27,12,16,26,938db574-3a33-4f05-ab7e-d61a8cf9d3b4,09ebcc90-b235-4300-90ad-741f1201e984,94c4ec15-0cb3-4a66-86bb-d99ace8781e2,109.130352941176
7e165dea-c9cb-47d9-a5c1-c38ef864bf6d,9,2026-05-25 17:25:09 UTC,,,Letícia Viração,SRID=4326;POINT(-55.61198897612509 -21.51340079679071),-21.5134007968,-55.6119889761,9,"Mato Grosso do Sul,Maracaju",Sequeiro,R5 (formação de dentes / dent),50,4. Boa / Good,30,13,18,28,14.5,18,32,12,16,25,30,15,18,34,15,18,33,10,20,22,14ffeb76-3027-4532-afeb-8f12b6f06d72,5553d97d-317b-48ca-95c8-d989c0d1b381,6027c3c7-011c-4a22-b1d1-0ce0b5171fe4,155.985882352941
c215d983-4a74-45ad-a880-a3533cbc948b,9,2026-05-25 17:25:09 UTC,,,Letícia Viração,SRID=4326;POINT(-55.57406864135697 -21.38635399750083),-21.3863539975,-55.5740686414,9,"Mato Grosso do Sul,Maracaju",Sequeiro,R4 (grão pastoso / dough),50,4. Boa / Good,27,12,16,30,13,14,31,14,16,31,26,11.5,18,25,13,16,29,11,18,26,de3d79d7-cadf-4d5a-a4fa-98d402f801c3,97452c5a-4311-4335-b37f-3fc312bd4113,d8670710-101c-4047-92e2-4f81b00bcb68,123.592305010893
dd7683f5-365f-43ce-a740-0ffebb83a47b,9,2026-05-25 17:25:09 UTC,,,Letícia Viração,SRID=4326;POINT(-55.54837738578862 -21.241636188438115),-21.2416361884,-55.5483773858,9,"Mato Grosso do Sul,Maracaju",Sequeiro,R4 (grão pastoso / dough),60,3. Média / Fair,31,15,20,30,14,20,33,14,18,29,26,14,16,31,12,16,24,14,20,32,10e68b78-524c-439e-b02f-6e310e57092b,5eb19a81-982c-46ea-9ef6-a671adeeb9b0,7993aac9-7f32-4e1e-96f3-7e7dd9881757,129.389896514161
3b57f1ef-6bf4-4ff8-a108-b657b4fde193,9,2026-05-25 17:25:08 UTC,,,Letícia Viração,SRID=4326;POINT(-55.46427234438594 -21.194293880968377),-21.194293881,-55.4642723444,9,"Mato Grosso do Sul,Sidrolandia",Sequeiro,R4 (grão pastoso / dough),50,4. Boa / Good,26,16,16,32,15,16,32,16,16,30,24,15,18,30,16,16,32,15,18,31,101c7512-bcf8-4174-bd8b-21afd3050fc4,616682a8-338b-4a0c-a2ab-dea2a35b130e,c6769894-54e3-47a6-bfe5-50a0ef08168f,129.351851851852
b6dfdaa4-dfeb-4182-a172-c28ed97b9029,9,2026-05-25 17:25:08 UTC,,,Letícia Viração,SRID=4326;POINT(-55.3601837040067 -21.11362701238506),-21.1136270124,-55.360183704,9,"Mato Grosso do Sul,Sidrolandia",Sequeiro,R5 (formação de dentes / dent),50,2. Ruim / Poor,27,11,18,24,12,18,26,12,18,25,25,13,18,28,12,14,25,12,18,28,af1d07ff-9662-4647-b5be-5dcee8abf104,97697d19-d64a-47f0-aa83-6aed1f620ec6,af95643b-d6d5-465e-98aa-4fee4e282649,116.713830065359
cc5f8224-b5ae-4b82-bfc8-96b37d635c3b,9,2026-05-25 17:25:07 UTC,,,Letícia Viração,SRID=4326;POINT(-55.254057403649746 -20.99630672951783),-20.9963067295,-55.2540574036,9,"Mato Grosso do Sul,Sidrolandia",Sequeiro,R4 (grão pastoso / dough),50,3. Média / Fair,25,11,16,24,12,18,23,12,16,22,24,9,18,18,12,18,22,12,18,22,8fced5a0-c8a6-495a-8870-1d8e2d39eb17,6a107f80-2c41-4c62-aa02-3c3950d68492,1b11865a-3c2f-4369-aabf-8ca5e3cbaab8,92.3552854030501
a4901318-b036-48fc-98be-23606fc61be7,9,2026-05-25 17:25:06 UTC,,,Letícia Viração,SRID=4326;POINT(-55.12759484879764 -21.00607647530726),-21.0060764753,-55.1275948488,9,"Mato Grosso do Sul,Sidrolandia",Sequeiro,R5 (formação de dentes / dent),50,4. Boa / Good,26,13,12,31,9,16,18,12,14,24,25,13,16,29,10,16,23,13.5,18,28,413693e9-9567-4bef-a866-b06342e0ed55,990555b3-aaaa-4557-9c08-31000ebf014a,2ef7185a-08c9-4685-9904-28ace6e88a20,99.314
7cc50710-a5dd-4489-8755-df4e161dbc85,9,2026-05-25 17:25:06 UTC,,,Letícia Viração,SRID=4326;POINT(-55.00666468387787 -20.985189461618248),-20.9851894616,-55.0066646839,9,"Mato Grosso do Sul,Sidrolandia",Sequeiro,R4 (grão pastoso / dough),50,3. Média / Fair,25,9,16,22,12,18,22,12,16,23,20,12.5,16,26,13,16,35,14,14,32,191038ab-6f4d-40b0-814b-cba2e24e1021,93e8802f-a983-4549-8448-5498cbb6c497,59342759-c23a-4881-b522-9aeb9af33901,95.6235294117647
ba87ec30-1f94-4323-89c3-75d950751235,9,2026-05-25 17:25:05 UTC,,,Letícia Viração,SRID=4326;POINT(-54.8704880066052 -20.896635917012564),-20.896635917,-54.8704880066,9,"Mato Grosso do Sul,Campo Grande",Sequeiro,R5 (formação de dentes / dent),50,4. Boa / Good,27,11,18,22,14.5,18,33,17,16,35,26,16,18,35,13,18,33,15.5,16,38,14b47059-b1a0-4020-a3a7-0e5ea51ab559,33978b5c-f232-49cc-9037-55abf084cb25,3d01f2db-4492-46c4-87eb-15a5bf369e17,149.460461873638
3156675c-51f8-4c04-af2c-aee6084f1061,9,2026-05-25 17:25:05 UTC,,,Letícia Viração,SRID=4326;POINT(-54.79492362678936 -20.787137599043547),-20.787137599,-54.7949236268,9,"Mato Grosso do Sul,Campo Grande",Sequeiro,R3 (grão leitoso / milk),50,4. Boa / Good,27,13.5,14,35,14,16,32,13,14,33,26,14,16,33,14,16,32,15,14,32,fce3e269-337f-4fa7-9660-e58ba5efea8a,eb93fc18-5b7a-43cf-bffa-0630a0eed4ef,caa3e947-9983-4648-86b8-66cc0013ffd4,130.00068627451
82539b9f-3768-4378-9ffa-8a0a5808b0e3,9,2026-05-25 17:25:04 UTC,,,Letícia Viração,SRID=4326;POINT(-54.73595289605841 -20.603189719708368),-20.6031897197,-54.7359528961,9,"Mato Grosso do Sul,Campo Grande",Sequeiro,R3 (grão leitoso / milk),50,3. Média / Fair,23,19,14,41,18,12,35,14,16,21,20,18,18,31,19,14,32,14,16,32,"5c940699-5e9b-43e1-8b64-ca6c61c94801,e99e7dea-0a25-474b-a56b-4cfe67916207",dc71ba05-fd04-45b5-aa50-bfe0ebf20e9a,54a22d40-685b-4724-81eb-1f8511277dca,102.795294117647
880b0ac8-0882-4ab5-b0e2-fe56524f0297,8,2026-05-25 16:40:37 UTC,,,Andre Rossetti,SRID=4326;POINT(-47.60914 -16.6807749),-16.6807749,-47.60914,8,"Goias,Cristalina",Sequeiro,R3 (grão leitoso / milk),50,3. Média / Fair,29,15,14,35,10,14,26,11,16,26,27,11,16,28,13,18,28,13,16,29,"9da90607-33fc-47dd-90ac-5354be5e86d1,43140048-cac3-4f12-b768-f956ac01096e,5b710ff4-3288-40b9-892b-c1e871634cd4","f1c83559-14d7-4298-a0bb-c77da38733b2,76bb79b8-9458-4307-8283-fafced02542e,576dee8f-8ab5-4a1d-9552-1681b8e94f1c","4228d1fd-3d9e-4d3f-8514-676b6bbe604c,4b3b2d47-3be5-4e41-baf2-d482c3e89f88,b15cb72f-d928-4165-9e95-bc93fc1d9f6e",125.25796949891067
d1ee3194-9f5c-4b0b-86cc-99ec4a075a06,8,2026-05-25 16:40:36 UTC,,,Andre Rossetti,SRID=4326;POINT(-47.6312247 -16.4966376),-16.4966376,-47.6312247,8,"Goias,Cristalina",Sequeiro,R5 (formação de dentes / dent),50,5. Excelente / Excellent,32,17,18,36,18,16,38,17,18,37,32,16,16,29,17,18,38,16,18,36,"4d21f997-f124-4b94-94db-fd4444c1ee22,5ac28535-aa1a-4e65-a182-021bc579c1b9,96fcf940-d130-45ee-ade5-92db45d6c541","63f0ae99-4bd0-4eef-a54c-d284c4b8683b,8ceebefd-3dab-4484-b7f4-b571520a0177,160731ea-7403-4eda-95a6-c5c781d4a57c","ff086b87-7551-4ee2-8f1f-215f21913d38,e0d85ce5-a295-4b7b-bdaa-644830470c98,265fee11-6c69-4cbb-891f-575040537e02",197.05530283224397
bf723774-e094-4007-aea8-a0f779466266,8,2026-05-25 16:40:35 UTC,,,Andre Rossetti,SRID=4326;POINT(-47.6277023 -16.409488),-16.409488,-47.6277023,8,"Goias,Cristalina",Sequeiro,R4 (grão pastoso / dough),65,1. Muito ruim / Very Poor,34,10,14,15,11,16,21,12,14,20,37,11,14,21,12,14,18,8,12,11,"c0588087-6fb2-4730-89d0-c2c290dd0ad0,53aa1270-dfb8-461a-9c04-c64b0a878a08,e4ad109c-4b98-49cb-bba6-e57ff2a46ae4","585377a4-707c-4f66-8052-b910f208151a,1c5df371-2222-4dc4-8a16-37219b517998,79029529-dd95-44c0-867a-912889233624","594df6a3-6d91-4395-82b5-348795814c30,f44a972c-a72a-42f5-bf8a-459dd0de6e57,2366f4c7-a823-4c11-bdf4-43cf32ede555",67.27615887380593
fdf44239-ef72-4674-8db2-56fcbd4997e6,8,2026-05-25 16:40:34 UTC,,,Andre Rossetti,SRID=4326;POINT(-47.6204493 -16.2854677),-16.2854677,-47.6204493,8,"Goias,Cristalina",Irrigado,R3 (grão leitoso / milk),55,4. Boa / Good,31,15,16,32,16,18,34,16,16,38,43,15,16,30,13,16,31,11,16,25,"f31babe1-5e49-4c5b-a84a-4c1328c36d74,7f073c75-c865-4e5f-83d7-2f45015e5d93,fbc75db1-dfd1-4205-a5d2-01679c01e0b0","e6d884f4-ec42-420c-85a2-1ec77102b1c8,4371f3f3-1414-49e4-84dc-47113a59f8ab,8ad52a53-7185-4dd3-9ee8-d5d8f16ded1d","c9236bbe-7456-41ac-ab70-9625c7e45b46,d6f8d250-00cd-4b49-b35a-7fc2a16ae21f,ff89760d-afd9-41bf-b71d-a2251230e2e4",173.29249356308176
6d05e4a2-4234-4a8e-8b53-de98d9ee9fc2,8,2026-05-25 16:40:33 UTC,,,Andre Rossetti,SRID=4326;POINT(-47.6119343 -16.0488275),-16.0488275,-47.6119343,8,"Distrito Federal,Brasilia",Irrigado,R2 (bolha d'agua / blister),65,4. Boa / Good,61,12,16,26,12,18,28,11,18,24,42,12,16,26,13,16,30,11,14,28,"9fd3150a-82ca-4bd1-884e-575cf27e0121,5caf74f8-263f-47f2-9ede-7aa8583da08b,a5142fa0-1462-4e9d-a2d2-a1a3d702da4e","b37266a5-37d4-43c5-8aa0-fde4485d7787,21c6f1ea-9fb7-4784-ba25-045ab87b9722,8d7875ec-527c-49ac-9d8e-7d0908a2a4fa","237f3f1b-1ca4-4480-aded-501fb56c7631,bec9d740-35f3-4e96-a76e-8067964ede6a,8fefc8db-c723-4703-8b24-b323885c2b55",174.01873303167423
1763950c-ca4b-4757-955b-3b39f91fbdf6,8,2026-05-25 16:40:32 UTC,,,Andre Rossetti,SRID=4326;POINT(-47.5994182 -15.9469188),-15.9469188,-47.5994182,8,"Distrito Federal,Brasilia",Sequeiro,R6 (maturação fisiológica / physiological maturity),50,4. Boa / Good,33,17,18,33,18,16,37,18,16,39,33,17,14,38,15,14,31,18,16,38,"c347536a-22a9-4196-b9f2-bdc8624097d8,144d2b33-01b5-4344-bfd6-30872c99a7ce,e0b8a40a-9bc1-43c8-9c9b-2e2105fa368b","777713e7-33cf-4ac4-bd57-30984481e0a1,ca1ff8af-5b32-449e-a8d9-1a3f9b8cd631,119d9cb8-ad55-4d38-9d6b-b99be0352c00","7e52e7e6-8dd6-466a-a0d5-fe9d14f02158,280ef54c-ec31-459c-959d-e92d9faa3232,b9d22f67-8911-46f1-b766-bf0f2a8e4f4e",185.39011764705882
e3252529-c207-4220-9644-c3264c7c7737,3,2026-05-25 14:27:42 UTC,,,Monica Farias,SRID=4326;POINT(-51.70488509674156 -17.813898128788317),-17.8138981288,-51.7048850967,3,"Goias,Jatai",Sequeiro,R6 (maturação fisiológica / physiological maturity),50,5. Excelente / Excellent,31,15,18,23,18,18,27,16,14,29,33,18,14,28,15,16,26,17,16,28,279a1d66-59d4-4887-9147-b1f814766e17,243e22c2-dd4b-4dc3-a10e-d7c0e464754d,aaf68f28-9fc1-4bd1-859c-85d3af9d9784,136.847895424837
1a009712-3ba9-4922-8801-b3b8d39bc236,3,2026-05-25 14:26:50 UTC,,,Monica Farias,SRID=4326;POINT(-51.66721846755368 -17.710262568806648),-17.7102625688,-51.6672184676,3,"Goias,Jatai",Sequeiro,R5 (formação de dentes / dent),45,4. Boa / Good,30,12,12,20,14,14,26,14,16,22,28,16,14,26,14,16,24,15,14,22,497653a6-b4ff-46cf-a598-299d14e0641c,35b98627-ac48-4bd6-8268-563781e79824,1ef157dd-c660-4e6e-822e-0df7b665d887,107.342822561123
24a90856-ffc4-4767-b60d-7b287010c6f1,3,2026-05-25 14:26:49 UTC,,,Monica Farias,SRID=4326;POINT(-51.72044308880671 -17.573901101308714),-17.5739011013,-51.7204430888,3,"Goias,Jatai",Sequeiro,R4 (grão pastoso / dough),50,4. Boa / Good,30,11,14,17,11,14,18,16,18,27,30,15,16,26,12,18,24,14,18,25,571e6da3-fc57-4005-9dfb-ea8d651c66fb,9f110b9b-7a3a-4f0b-acc2-ad530428421d,70b5bae4-c37e-43ed-9528-cdba56cdf887,111.444575163399
50563b8f-7607-4052-86be-c9dd8d8a9a55,3,2026-05-25 14:26:49 UTC,,,Monica Farias,SRID=4326;POINT(-51.74656477761617 -17.450333540344097),-17.4503335403,-51.7465647776,3,"Goias,Jatai",Sequeiro,R3 (grão leitoso / milk),50,4. Boa / Good,31,12,18,24,12,16,24,14,14,26,31,11,18,22,14,18,25,14,16,26,20f1ec5a-08ab-47bf-bee1-fb231a719990,7ee3de1b-702d-438e-ac63-13eb3d5ad266,b780f52c-24ee-407c-af21-71afd64bbd2f,126.086928104575
d70760a3-91c3-4ecd-af4e-8c754affdb6d,3,2026-05-25 14:26:48 UTC,,,Monica Farias,SRID=4326;POINT(-51.75934439679036 -17.324029178731998),-17.3240291787,-51.7593443968,3,"Goias,Jatai",Sequeiro,R5 (formação de dentes / dent),50,5. Excelente / Excellent,30,18,16,26,15,16,31,15,16,29,32,18,16,27,14,14,25,15,14,25,89ddd3a0-49e6-4de9-9cbc-9498812523b2,3fc2b01b-89b9-4fba-9d15-8f8fe220ed7d,b1327900-58e3-4849-a606-57bdee7c3862,128.625821350763
950c99a0-ce2d-4f92-95a5-25b5e2fa6b9d,3,2026-05-25 14:26:48 UTC,,,Monica Farias,SRID=4326;POINT(-51.65729298381193 -17.2824157612523),-17.2824157613,-51.6572929838,3,"Goias,Montividiu",Sequeiro,R5 (formação de dentes / dent),50,4. Boa / Good,31,17,18,33,15,20,30,12,16,28,32,15,18,32,13,18,25,16,16,29,09f0a9ed-f076-4f1a-80d4-47bc5a09169c,364efb64-9cad-4720-8814-f5c1aa18b6c0,9633bb74-0684-4cb7-aa34-8678f6b322b0,163.523705882353
65f1847c-cb2f-4d3e-ae02-2100b284bbf2,3,2026-05-25 14:26:47 UTC,,,Monica Farias,SRID=4326;POINT(-51.40239135615285 -17.697957514008543),-17.697957514,-51.4023913562,3,"Goias,Rio Verde",Sequeiro,R2 (bolha d'agua / blister),45,3. Média / Fair,22,10,16,22,13,14,22,10,14,17,19,11,14,23,13,14,25,12,16,24,086602b8-5321-4b7b-a30b-b6ba2adc5221,68f2719f-69a4-40e8-ae71-e810d3b5992c,f717e987-8165-4a6f-8f4e-7a457db3fea0,73.7626821592835
572408d4-c16f-4e31-a06b-616d770942d0,3,2026-05-25 14:26:47 UTC,,,Monica Farias,SRID=4326;POINT(-51.53313562278778 -17.343731238522885),-17.3437312385,-51.5331356228,3,"Goias,Montividiu",Sequeiro,R2 (bolha d'agua / blister),45,4. Boa / Good,26,14,20,26,13,18,25,14,16,25,24,14,16,28,12,18,19,12,18,20,76f58401-b2ef-4331-a73c-4beb396a024e,0a3e8ef6-13b6-4ba4-81af-a5f557bf4036,1174b5eb-691c-4194-9ce4-dd0bb2c353db,116.501210360687
224ecb9d-f640-467b-b840-407327bdb4bd,3,2026-05-25 14:26:46 UTC,,,Monica Farias,SRID=4326;POINT(-51.431010849821774 -17.3840626096498),-17.3840626096,-51.4310108498,3,"Goias,Montividiu",Sequeiro,R4 (grão pastoso / dough),50,4. Boa / Good,30,12,16,20,14,14,23,15,14,26,32,12,14,21,13,16,27,15,16,27,7dbdc4b8-5b67-4368-9175-becc214fc1e0,ee6a7d0a-b3e4-4976-a145-8720a9a498d1,93ab9458-aa0a-48cc-a7e2-0ca945a7eda3,111.162352941176
6cb01212-40ab-4c3a-8d65-0d128e122c4b,3,2026-05-25 14:26:45 UTC,,,Monica Farias,SRID=4326;POINT(-51.33079517279481 -17.412212646850882),-17.4122126469,-51.3307951728,3,"Goias,Montividiu",Sequeiro,R5 (formação de dentes / dent),50,4. Boa / Good,31,15,16,26,15,16,26,16,16,27,30,16,14,26,14,16,25,14,18,26,0f28a1d7-408c-4765-aae1-45dd5e4c252d,d21dd8c5-e1b8-4f6d-9d38-1603f21136dc,73b1150a-c46d-4699-ae11-902d2048ba3b,126.382431372549
efcf84f0-8203-40c1-887a-7aa9af7db5b9,3,2026-05-25 14:26:45 UTC,,,Monica Farias,SRID=4326;POINT(-51.41805905554331 -17.48537068094654),-17.4853706809,-51.4180590555,3,"Goias,Montividiu",Sequeiro,R5 (formação de dentes / dent),50,4. Boa / Good,30,13,16,25,10,14,19,13,16,24,30,16,16,29,15,16,27,12,18,22,a45aa357-0f8a-41a1-95ca-96bb03136184,150b0f85-6127-466e-bddb-5fdee9572b32,75ec2cf1-51dd-432e-8078-5129025e5505,116.341960784314
a14c11f7-1b2a-40f5-bd62-d62521aed606,3,2026-05-25 14:26:44 UTC,,,Monica Farias,SRID=4326;POINT(-51.48511528042283 -17.568165664577453),-17.5681656646,-51.4851152804,3,"Goias,Rio Verde",Sequeiro,R3 (grão leitoso / milk),50,4. Boa / Good,24,13,14,23,15,18,26,13,18,25,25,13,14,24,13,18,24,15,14,27,d6b41a2e-8516-4eed-bba7-aaece077c1e2,36e73524-2803-4630-b3ae-27e203cf6bc3,ef3a53f4-ed27-4805-a368-4312dc2eb31a,96.9649150326797
203182e0-6238-437e-99e1-725b03597751,3,2026-05-25 14:26:44 UTC,,,Monica Farias,SRID=4326;POINT(-51.388771205943684 -17.73470666220417),-17.7347066622,-51.3887712059,3,"Goias,Rio Verde",Sequeiro,R3 (grão leitoso / milk),50,4. Boa / Good,29,12,22,21,11,18,20,13,18,23,28,12,18,22,12,20,24,13,18,25,d3eb6df5-8d38-456c-9dae-b67047e757da,"36401897-9dc4-40f3-a6bd-067932dbc1cb,fb404549-4234-45dd-8c4f-f128bec47f43",,121.359705882353
81d3dca8-d818-4021-af3e-1d23d15c7f8b,3,2026-05-25 14:26:43 UTC,,,Monica Farias,SRID=4326;POINT(-51.38244788775995 -17.830807459870165),-17.8308074599,-51.3824478878,3,"Goias,Rio Verde",Sequeiro,R3 (grão leitoso / milk),45,4. Boa / Good,26,12,16,24,11,18,21,12,18,23,23,11,18,23,12,18,24,10,18,18,21f4107e-fcea-454b-b519-2116ebe3e7c9,d66a104c-4acd-4531-bfa8-8f23e3586755,3384a3de-75de-44fc-baab-58ce92e81472,106.187187121762
8faa2832-bca8-4491-83ab-13a8cab4ed2c,3,2026-05-25 14:26:43 UTC,,,Monica Farias,SRID=4326;POINT(-51.26435598363286 -17.812369815090495),-17.8123698151,-51.2643559836,3,"Goias,Rio Verde",Sequeiro,R3 (grão leitoso / milk),45,2. Ruim / Poor,13,8,14,14,10,14,20,11,16,22,22,12,14,21,8,18,15,12,14,22,d0308ec2-f6cc-4710-b062-478ceff295f8,9e1eda08-203d-40d6-a35f-940826776aa8,73d95146-22e1-436f-a3f1-b5dde76aa91d,55.1993464052288
e2f24d96-34bc-411d-9143-1c5c7ae64acd,3,2026-05-25 14:26:42 UTC,,,Monica Farias,SRID=4326;POINT(-51.15893945648304 -17.816683788037842),-17.816683788,-51.1589394565,3,"Goias,Rio Verde",Sequeiro,R3 (grão leitoso / milk),50,4. Boa / Good,30,16,18,29,11,18,23,13,18,27,27,14,18,28,14,18,28,14,20,26,a300b34b-9809-46cd-8bdc-286b5617f0d1,22828275-1271-422c-8bcf-91833385bfe2,732ab9d5-3118-447b-aa74-7e4e39795240,139.654346405229
6d658b21-9185-4287-815f-7fc143649297,3,2026-05-25 14:26:41 UTC,,,Monica Farias,SRID=4326;POINT(-51.01920124148113 -17.82308708412182),-17.8230870841,-51.0192012415,3,"Goias,Carmo do Rio Verde",Sequeiro,R5 (formação de dentes / dent),50,4. Boa / Good,32,13,18,32,13,28,18,13,16,33,31,12,22,26,14,16,27,13,26,18,d4258f1f-641c-48e9-9426-63398de5aa2c,76947030-319e-42d0-91fd-1d0c2048812d,f35a6549-7c1e-4606-8e28-d35a69e3d8fe,169.119176470588
00835104-c144-4913-ada8-a351fbcfc7be,7,2026-05-24 23:16:00 UTC,,,Andre Rossetti,SRID=4326;POINT(-54.521795 -15.345845),-15.345845,-54.521795,7,"Mato Grosso,Primavera do Leste",Sequeiro,R3 (grão leitoso / milk),45,3. Média / Fair,28,14,20,32,15,16,37,16,20,35,10,5,16,10,6,15,13,5,14,11,"386a33c5-03e5-4854-b925-4b89a91402f1,0f891e5a-c602-4bde-9dd2-0fd52845cc08","09e78e40-985a-4760-bac7-96fd9618cec1,ef01a730-88c3-407e-87fc-8a24ae7ca63a",01d9aeb6-6306-4c1c-8e42-fdc89346ac2a,81.4146550472041
fc45ecdd-a8c5-421b-a14d-29e11c3588e6,7,2026-05-23 23:22:54 UTC,,,Bruno Schultz,SRID=4326;POINT(-53.6414088 -16.7671723),-16.7671723,-53.6414088,7,"Mato Grosso,Alto Garcas",Sequeiro,R3 (grão leitoso / milk),45,4. Boa / Good,31,16,18,36,16,18,37,15,16,34,32,17,14,39,16,16,36,9,16,22,2e4525ea-7240-4234-8475-10ffda5d46e5,"5aa23886-8ff0-48d0-a182-0e2ac991ccc4,0b441f2f-0be2-44a8-ad1d-d4437d241144",0a703fcd-52aa-40a7-81e8-a01ad7dfb7dc,193.604444444444
0493af14-ca88-4992-a112-24dda75322db,7,2026-05-22 16:46:42 UTC,,,Bruno Schultz,SRID=4326;POINT(-54.1416133 -16.789785),-16.789785,-54.1416133,7,"Mato Grosso,Pedra Preta",Sequeiro,R4 (grão pastoso / dough),45,4. Boa / Good,30,16,18,36,15,16,34,16,18,36,33,8,14,17,14,16,34,14,16,36,038ae2b2-3e44-44d1-9acd-f077bc8cf82a,"2d93af89-cbaf-4fb4-9af7-e0ce4d065fff,3c36ec33-6576-4dc2-b363-452f99e07014",8440c6ef-b5e3-428f-9d37-a69e59e6fc38,183.16498910675378
c3909c4b-0d12-4131-825c-c8a6a10009e8,7,2026-05-22 15:27:34 UTC,,,Bruno Schultz,SRID=4326;POINT(-53.6928583 -16.871215),-16.871215,-53.6928583,7,"Mato Grosso,Alto Garcas",Sequeiro,R3 (grão leitoso / milk),50,4. Boa / Good,34,15,16,33,15,16,33,16,16,36,33,15,16,35,15,14,33,15,18,35,eb6ec3ab-6e69-4d07-99c3-067acfdd867c,"7eb7fed8-413f-4273-ac74-e73963875055,fc071dda-5fd4-40b5-bdca-8cc904ccabc9",32c18e5c-a664-426b-ba65-e7f7b2cb9ca5,182.41516339869278
478b9641-b754-4a53-ae98-cd0ee5ff5515,7,2026-05-22 14:31:56 UTC,,,Bruno Schultz,SRID=4326;POINT(-54.0511112 -16.8497013),-16.8497013,-54.0511112,7,"Mato Grosso,Pedra Preta",Sequeiro,R5 (formação de dentes / dent),45,4. Boa / Good,23,18,14,36,17,14,35,17,16,35,27,18,12,38,19,14,39,19,16,34,d5571933-fb23-4e1b-850d-27929c265828,"d8cedad7-0b5f-48a1-b7bc-1f4485e3f7e3,d01669c4-d2ae-4295-b859-bbbcf219db85",f73ee26d-05a0-487e-84b4-072742cea058,143.432219801501
809722be-29e6-48e7-9ff5-dca3b09bc3ce,7,2026-05-22 14:31:48 UTC,,,Bruno Schultz,SRID=4326;POINT(-54.4343197 -17.3890591),-17.3890591,-54.4343197,7,"Mato Grosso,Itiquira",Sequeiro,R3 (grão leitoso / milk),40,4. Boa / Good,32,12,18,26,14,16,36,15,18,35,26,14,16,35,16,18,36,14,18,34,4de569b4-cac9-42c1-9487-6a2891df515a,07cfa042-f979-4a25-9210-34e598a34c83,9d980a7f-6973-4367-93de-4783964830a0,210.709324618736
4f033283-e049-4a35-b1da-d4f8ccbf620b,7,2026-05-22 14:31:42 UTC,,,Bruno Schultz,SRID=4326;POINT(-54.7619877 -17.3196679),-17.3196679,-54.7619877,7,"Mato Grosso,Itiquira",Sequeiro,R5 (formação de dentes / dent),45,5. Excelente / Excellent,29,16,14,32,19,14,37,16,12,36,27,17,16,34,22,16,46,20,14,39,9f2c1def-5b05-49d4-84c7-ba8aa96c24c9,"4b4e44b8-5346-4239-8420-6968a7a1dbad,a1d6c940-ee67-4a6a-9088-48c6cb447ea7",585576fa-d35b-4f47-9efb-ee77b1c5ae8e,165.826153473735
bb8bd2e9-ce98-49ec-b13b-a92bb630699a,7,2026-05-22 14:19:26 UTC,,,Bruno Schultz,SRID=4326;POINT(-53.4903762 -17.0200823),-17.0200823,-53.4903762,7,"Mato Grosso,Alto Garcas",Sequeiro,R6 (maturação fisiológica / physiological maturity),45,3. Média / Fair,31,13,16,28,12,14,27,12,14,28,25,9,14,23,8,16,18,8,16,17,e6488837-ef7f-4581-bb0c-ce1f1f28a766,"54538c58-c4a0-42a4-b85b-e6a2c79a5dcb,56f64eaa-db8a-4f4f-9225-f05a50a62aec",2c644742-cd21-4b9f-a32b-af0dcf971ba0,109.23660130718953
436abdff-50a6-471a-8eec-05748aa9c0b0,7,2026-05-22 14:19:26 UTC,,,Bruno Schultz,SRID=4326;POINT(-53.4544817 -17.1024717),-17.1024717,-53.4544817,7,"Mato Grosso,Alto Garcas",Sequeiro,R2 (bolha d'agua / blister),45,3. Média / Fair,21,14,16,32,14,14,34,16,16,36,24,9,12,35,14,14,38,13,14,38,42b1ae2c-c9fa-4b7f-8be5-d0ad73a9ca4b,"1c1d8c8d-9ff2-4a80-b6ce-d496830f96b2,d93c0760-2568-4997-852c-9cd8f45ed00d",89ad5d5b-b181-4b27-bdaf-9edd33a505c0,126.709477124183
37beee32-1c76-4857-a572-f7244a627604,7,2026-05-21 22:40:53 UTC,,,Bruno Schultz,SRID=4326;POINT(-53.5985467 -16.933325),-16.933325,-53.5985467,7,"Mato Grosso,Alto Garcas",Sequeiro,R3 (grão leitoso / milk),40,4. Boa / Good,27,18,14,35,16,16,36,17,14,35,34,12,14,26,14,16,27,17,14,37,467653a8-9a78-4efd-ba6e-57c0260ace77,"80ca4382-c7b2-4186-979e-a486debcfc98,614d2ea4-a4e8-408d-b1ac-439f9539a09d",e4250a3d-eac4-4c6e-a969-2bdcd20aaee5,181.9447930283224
732bae3a-2b26-4dd5-be76-8ed6d9eb2bb9,7,2026-05-21 22:40:52 UTC,,,Bruno Schultz,SRID=4326;POINT(-53.6834267 -16.7145983),-16.7145983,-53.6834267,7,"Mato Grosso,Guiratinga",Sequeiro,R5 (formação de dentes / dent),45,3. Média / Fair,30,14,20,34,14,18,34,14,18,33,46,13,16,28,9,18,17,12,16,29,13997afc-dab4-4a8a-a1d6-0ef396ac6032,"915c5ea5-a05b-4b47-adfe-cc2beec4195b,e09a061b-f1c2-4d29-8365-3086eefeacdd",e33f1b65-a3bc-425d-867c-5e32fcf449d5,216.70854514645364
8943ac51-d800-4344-886e-06504a4b8215,7,2026-05-21 22:40:51 UTC,,,Bruno Schultz,SRID=4326;POINT(-53.7599383 -16.7548833),-16.7548833,-53.7599383,7,"Mato Grosso,Guiratinga",Sequeiro,R6 (maturação fisiológica / physiological maturity),45,3. Média / Fair,34,16,16,28,16,16,30,16,14,29,35,16,16,26,16,14,28,14,12,30,5fdf6fa0-440d-47e1-ba40-a9ec1f50176e,"e72004eb-3e47-44f7-b7d5-c07308b83cbc,c8d78834-849a-43b3-b37f-c2976533c6a2",243d1124-f03a-4436-9b4d-e7925ec88866,159.60496732026144
058affae-aa3c-4917-b0d7-51ecfd53a635,Sequeiro,2026-05-21 22:40:50 UTC,,,Bruno Schultz,SRID=4326;POINT(-53.82449 -16.8211983),-16.8211983,-53.82449,Sequeiro,"Mato Grosso,Alto Garcas",Sequeiro,R2 (bolha d'agua / blister),45,5. Excelente / Excellent,26,18,14,39,22,16,48,19,16,40,25,20,14,41,19,18,41,18,16,42,f055e9ad-f62b-4345-aa5d-5d7640576452,"595ce458-9f01-4971-a3c5-07c2c997f74b,634354de-bdfb-4628-ab57-d953b4e89ee4",1c9a6cac-5f0d-4166-b44d-24713491b070,184.96530864197533
aa5b717f-06ab-4bb6-bc9e-d8518b9cf189,7,2026-05-21 18:32:59 UTC,,,Bruno Schultz,SRID=4326;POINT(-53.9381732 -16.8432854),-16.8432854,-53.9381732,7,"Mato Grosso,Alto Garcas",Sequeiro,R2 (bolha d'agua / blister),45,5. Excelente / Excellent,31,12,20,43,11,18,37,12,16,41,28,10,14,36,11,20,36,11,20,39,3a4d73de-7cee-4619-b690-203c7599aeea,"5968f89c-ddd8-42ef-b48a-1398ea5527ef,2bf5ad15-e988-48d1-a46c-3fb97c2fab1e","d78afcda-021e-4d8d-ba6b-fa0d0fcc5aaa,41dbc379-afef-451a-9fa4-3ebadd3278ec",227.23869281045748
eab64b3a-0235-45dd-bae3-7c9b4b4f378a,7,2026-05-21 18:32:57 UTC,,,Bruno Schultz,SRID=4326;POINT(-54.0531917 -16.948265),-16.948265,-54.0531917,7,"Mato Grosso,Pedra Preta",Sequeiro,R3 (grão leitoso / milk),50,4. Boa / Good,32,18,16,39,17,18,35,17,18,35,31,16,18,36,18,16,39,16,16,38,4e813626-f496-4cec-96ab-a2708458de95,"ef926e5c-e264-42dd-a1d6-ed851035b821,7fa9ba12-b88e-4afb-8f0c-6f337a8cd73c","629196f9-01a3-45c1-a60e-12cbc8246008,135dea2c-b8a8-47c5-8f12-2755e5e2795d",197.358
df61d027-d931-4368-90da-98349f1127f5,7,2026-05-21 18:32:57 UTC,,,Bruno Schultz,SRID=4326;POINT(-54.2012685 -17.1030486),-17.1030486,-54.2012685,7,"Mato Grosso,Itiquira",Sequeiro,R6 (maturação fisiológica / physiological maturity),45,2. Ruim / Poor,26,12,16,22,12,16,23,9,18,18,27,9,16,20,7,14,14,11,16,25,8e799e97-6f54-4d58-8b12-0c9d3a6d4c37,"0ac390ae-aeae-405d-88ac-6c4219aefb33,c1c54c53-8444-40a4-ba62-e13a1832659a",547dc6d2-35dc-4b2b-9ddd-b95de7bd19fb,95.4169353667393
c9e4f276-3d31-4c92-8f72-190a48872ebb,7,2026-05-21 15:37:27 UTC,,,Bruno Schultz,SRID=4326;POINT(-54.334673 -17.3756772),-17.3756772,-54.334673,7,"Mato Grosso,Itiquira",Sequeiro,R6 (maturação fisiológica / physiological maturity),45,1. Muito ruim / Very Poor,29,4,12,9,8,16,17,7,16,15,21,7,15,14,8,16,15,5,12,10,08ac96a1-222f-49b7-a780-e6f92c24359a,"b6060c9a-b19c-4aa5-bdbc-a2265a6ee9bb,b9bf701b-eb8c-410b-8a5d-d557c9a6712f","dec17d7d-01f3-4c51-b0db-c9601e2973c4,95ee62ae-0e34-4479-965a-00352d718fe8",53.493100944081334
85eaa730-d3f6-43d9-bd38-677dba6d759e,7,2026-05-21 15:37:24 UTC,,,Bruno Schultz,SRID=4326;POINT(-54.5444083 -17.392735),-17.392735,-54.5444083,7,"Mato Grosso,Itiquira",Sequeiro,R2 (bolha d'agua / blister),50,3. Média / Fair,13,8,14,36,14,16,39,11,16,34,16,12,14,36,11,18,34,12,14,37,938a9ab6-fe24-4287-9135-f8e74b539e18,abb8be8c-dc6d-4fc6-ad6c-e52c89b6998f,8cfc8148-232d-4fc7-8fd9-4e69701592e1,79.72611764705883
b0872fa6-e462-44d9-9d24-639dc77d42c5,7,2026-05-21 15:37:23 UTC,,,Bruno Schultz,SRID=4326;POINT(-54.6880696 -17.4123772),-17.4123772,-54.6880696,7,"Mato Grosso,Itiquira",Sequeiro,R3 (grão leitoso / milk),50,4. Boa / Good,31,17,16,34,17,14,38,16,16,35,31,16,16,35,16,14,37,16,12,36,4eff391b-8736-4250-ab94-cfff21ec3c87,"ca0ef1c1-e4fd-4e54-8eaa-156f6a6fb11a,00129876-c745-4eec-8e52-fbcaf0cd10a5",791efae0-eaba-4d49-8db6-22a5cac86ab1,162.28331154684096
c18f6f3c-537a-4879-a913-850b2e4a1db7,7,2026-05-21 15:37:18 UTC,,,Bruno Schultz,SRID=4326;POINT(-54.7595867 -17.2037117),-17.2037117,-54.7595867,7,"Mato Grosso,Itiquira",Sequeiro,R2 (bolha d'agua / blister),50,5. Excelente / Excellent,30,15,16,41,13,16,39,12,18,38,28,10,16,35,13,16,40,10,18,39,"8008ad51-e2cb-40c1-b191-01af813fcf75,7d9d38ea-ee97-46c5-aae9-efcde766e779","6550bdfc-ba44-4d6d-8c91-9ce6aa9b950a,2d3d477f-4788-4bbd-b862-d483a2476253",c007f295-83e8-44f9-a364-013c5da328fb,186.15599128540305
ffc894db-9cdb-4df2-863d-0825cd270888,7,2026-05-21 15:37:16 UTC,,,Bruno Schultz,SRID=4326;POINT(-54.7622197 -17.0513618),-17.0513618,-54.7622197,7,"Mato Grosso,Itiquira",Sequeiro,R2 (bolha d'agua / blister),45,5. Excelente / Excellent,28,16,16,35,16,16,37,18,14,41,27,15,14,35,16,16,36,15,18,36,3a79a526-72d1-469a-a7ae-b92a5ba70741,"c08baea2-fddc-42ad-aea5-a37389db3225,014f9a83-358b-4616-8a8a-93994ebce784",85905ee6-ba05-4244-905a-185e3625cdd4,174.83635923505202
0c62bf9a-ed8a-4c92-a576-792afe7672c3,7,2026-05-21 15:37:15 UTC,,,Bruno Schultz,SRID=4326;POINT(-54.7132283 -16.8741417),-16.8741417,-54.7132283,7,"Mato Grosso,Rondonopolis",Sequeiro,R2 (bolha d'agua / blister),45,2. Ruim / Poor,19,16,16,36,17,18,37,16,18,37,19,16,14,36,17,16,38,14,16,35,ee72e2ad-6ad7-450c-bcde-babcbfa29ebd,"efb2f5a0-21b9-4723-bc95-10c6fb2c75ae,05ac3b6e-3646-40af-95f6-49d092261201",cb13134f-8328-493c-a796-32627b5dd111,125.36384894698618
8e853787-4b6e-4df8-a58e-6afac4493253,7,2026-05-20 20:56:00 UTC,,,Bruno Schultz,SRID=4326;POINT(-55.0173617 -16.3582117),-16.3582117,-55.0173617,7,"Mato Grosso,Juscimeira",Sequeiro,R4 (grão pastoso / dough),45,3. Média / Fair,25,14,14,36,16,16,37,14,16,37,29,15,16,37,10,16,26,11,14,30,837fc952-1623-401b-8d64-acabc36de9b9,"4745a0aa-7c81-4ffe-8769-c9624d546781,fd7a1e2d-5255-481f-abfc-fe71213e98ce","7d2ef006-5b9a-4f0d-a1af-2aff5972353d,6c788bfd-3d0b-4a49-b9f4-89946bf5cdca",155.02300653594773
ee582971-1d9e-4a34-b003-5cee52ae1bb0,7,2026-05-20 20:55:59 UTC,,,Bruno Schultz,SRID=4326;POINT(-55.2058896 -16.3680082),-16.3680082,-55.2058896,7,"Mato Grosso,Juscimeira",Sequeiro,R3 (grão leitoso / milk),45,5. Excelente / Excellent,32,17,14,33,15,20,32,17,16,32,30,15,20,31,15,16,28,16,14,36,1ec2f8cb-6562-4736-bf76-11dfd7c97c0f,"f6f44ba5-f764-4513-988f-e39663e738ba,03ba12d1-cf73-4ecd-885a-2644a935594c",28eba4b6-a234-4d34-98c1-8392f551d9df,182.9832970225127
f5d58d89-a217-4eb1-8da9-f7dcdf8fe1b6,7,2026-05-20 20:55:59 UTC,,,Bruno Schultz,SRID=4326;POINT(-55.2780377 -16.3054631),-16.3054631,-55.2780377,7,"Mato Grosso,Cuiaba",Sequeiro,R5 (formação de dentes / dent),45,4. Boa / Good,24,13,18,30,13,16,28,12,16,28,33,13,16,28,11,16,25,13,16,30,44b766f8-4264-47ef-864e-fae0b15d121c,"652bad0f-01ba-4433-bc0d-84395803b71e,e6412be7-92d3-486f-a2f2-36fa7df222c4",6d6220be-25f3-4587-a82b-52c57ae88d67,145.1129484386347
70a1c6e5-4588-4aee-b672-8824c01b04ad,7,2026-05-20 20:55:58 UTC,,,Bruno Schultz,SRID=4326;POINT(-55.2971717 -16.08077),-16.08077,-55.2971717,7,"Mato Grosso,Jaciara",Sequeiro,R3 (grão leitoso / milk),45,4. Boa / Good,27,15,18,38,18,18,40,17,16,39,28,18,18,39,17,16,39,17,18,36,144b3566-c429-4156-a0b3-d17378a30511,"6cec5a86-a331-4e9a-bcc1-9addb711ab39,80d59750-2c15-4630-a3b7-c37e63820327","fcbd680f-4270-44b4-80dd-0eae7cc12da3,67b339e3-4dd8-40fd-a955-971786637282",203.10777051561362
7bde6294-5ebc-4078-a47c-28564d147346,7,2026-05-20 20:55:57 UTC,,,Bruno Schultz,SRID=4326;POINT(-55.3071829 -15.9796941),-15.9796941,-55.3071829,7,"Mato Grosso,Jaciara",Sequeiro,R6 (maturação fisiológica / physiological maturity),45,2. Ruim / Poor,24,16,20,33,15,16,31,14,14,25,20,10,20,17,9,16,14,9,16,14,ea4c6a4f-e934-42a4-8f11-0125e6eb6c1a,"495c8384-c481-49dd-9652-e232921de4ba,7fc5335a-759f-4d4d-9b29-1bffdfb6ee52",468a171b-e8c0-4658-98dd-2bf66e01c9b4,92.44345679012346
5b22f980-50ee-4b1e-9f8c-7a7abdceb456,7,2026-05-20 20:55:57 UTC,,,Bruno Schultz,SRID=4326;POINT(-55.2718718 -15.8484969),-15.8484969,-55.2718718,7,"Mato Grosso,Jaciara",Sequeiro,R3 (grão leitoso / milk),45,2. Ruim / Poor,30,16,16,28,16,16,30,12,12,17,28,15,16,26,17,12,29,19,16,27,742cc55d-0c6e-473b-8416-6ee9fdc8cb23,"e609a6a7-fde6-4da5-8f62-1cf273017a43,2865ce00-a9ef-43ab-b7ee-58be144bcd74",b39f9128-4554-45e7-9ff9-aeb09d21b6f2,123.17678044057129
378fabb2-1cec-4d7b-91d2-f8d2ee35adc2,7,2026-05-20 20:55:56 UTC,,,Bruno Schultz,SRID=4326;POINT(-55.2637783 -15.6966383),-15.6966383,-55.2637783,7,"Mato Grosso,Campo Verde",Sequeiro,R3 (grão leitoso / milk),45,4. Boa / Good,27,17,18,40,15,20,34,17,18,35,23,16,18,36,16,18,36,15,18,38,daa5ac31-3863-4ddd-9454-5cd2ed360c7d,"03da8be7-6db8-4d40-ba55-d9df946257e0,9eccf48d-4c14-4fb2-8306-e501659580d7",1dc6a050-c113-411c-954a-e9adf9564a38,185.15068990559183
c0b57a03-f3e4-48aa-9c6b-f800ac547237,7,2026-05-20 20:55:55 UTC,,,Bruno Schultz,SRID=4326;POINT(-55.1968633 -15.6261467),-15.6261467,-55.1968633,7,"Mato Grosso,Campo Verde",Sequeiro,R5 (formação de dentes / dent),45,2. Ruim / Poor,23,16,18,34,16,16,36,13,16,29,30,14,16,31,10,18,24,17,14,37,0880baa5-2370-45ae-9b27-d13eda763eb1,"bcb5fa89-6d01-4b29-9bd7-bcfea96b42e2,9b673031-585f-4ae2-8b95-bb421a2ecae0",3783cd73-fa47-47b4-9c50-8b28337ddb05,152.49438150568866
ead40a6f-a692-48c4-bd2e-13e712a08906,7,2026-05-20 15:47:24 UTC,,,Bruno Schultz,SRID=4326;POINT(-55.0354129 -15.3870662),-15.3870662,-55.0354129,7,"Mato Grosso,Campo Verde",Sequeiro,R3 (grão leitoso / milk),50,4. Boa / Good,30,15,20,34,14,18,34,13,16,30,27,17,18,38,9,20,18,17,16,38,a9ed86db-f67f-4ca6-a9ce-7e50ca6ee246,"789ac0d7-eb04-4ef4-a269-fc6dd6693701,cb2b7760-995f-49ac-9b3a-4b575e049785",11d04be8-18c2-4d17-863b-ac558d055446,163.51623529411762
8f707bac-3a0e-4399-9d13-80b1a830d2d7,7,2026-05-20 15:47:23 UTC,,,Bruno Schultz,SRID=4326;POINT(-55.0822299 -15.4745442),-15.4745442,-55.0822299,7,"Mato Grosso,Campo Verde",Sequeiro,R5 (formação de dentes / dent),45,3. Média / Fair,25,9,14,21,15,18,36,11,20,24,27,13,16,30,15,20,35,13,22,30,"19e98870-f434-4ca5-a4af-9a8d882275aa,40a6e888-2558-4e1e-9bd5-279e8b28ee3c","f533e497-c718-472f-aa3a-cb43b97490d3,d1b19389-6908-4fa9-907a-8f4e4aee15c6","bcc545f7-a15b-486c-a196-f122f47874b8,a24f4e58-6de2-4cb6-ad8c-9a94911adf41",154.74877753570564
7a5d1b28-9242-4cdd-80d8-8a1d43b106a8,7,2026-05-20 15:47:23 UTC,,,Bruno Schultz,SRID=4326;POINT(-54.9686599 -15.4822535),-15.4822535,-54.9686599,7,"Mato Grosso,Campo Verde",Sequeiro,R4 (grão pastoso / dough),45,2. Ruim / Poor,26,17,14,37,12,14,24,6,14,12,27,8,16,16,14,14,30,10,14,19,c4d0006a-5103-4ef9-9e92-fe624450fdfb,"e5d72e55-54f0-49bb-b115-fea94ed1104d,c05b9d2c-ba40-4706-86f5-d3f5a6dccacb",6c5d2536-052b-4aee-9690-43280498d5cc,96.68785766158315
5721b22b-8fe9-4f82-a9f8-acef5c8b1b82,7,2026-05-20 15:47:22 UTC,,,Bruno Schultz,SRID=4326;POINT(-54.8662267 -15.4861967),-15.4861967,-54.8662267,7,"Mato Grosso,Dom Aquino",Sequeiro,R3 (grão leitoso / milk),45,5. Excelente / Excellent,28,17,16,36,16,18,35,16,18,36,31,15,16,34,15,14,32,17,16,38,cda8cbaf-1db4-4419-99ea-7581021e0edf,"49ae89c5-22fe-4f31-a236-2ac778c3f956,f469c312-dc4b-4fdc-ac40-7fd5270e7e25",197ff3b7-a24f-4444-915e-5f5feb70f195,187.53359235052042
63f00072-45b9-4440-9ca7-5608619fd485,7,2026-05-20 15:47:21 UTC,,,Bruno Schultz,SRID=4326;POINT(-54.7704117 -15.4550533),-15.4550533,-54.7704117,7,"Mato Grosso,Dom Aquino",Sequeiro,R4 (grão pastoso / dough),90,5. Excelente / Excellent,24,17,14,35,19,14,36,15,14,33,25,13,16,24,19,16,34,20,14,38,"86764f34-734d-4591-83f7-df156af861f8,26be1449-0d44-46df-8d8d-915122b6eaa9","71c8402a-23c8-4dde-873a-3f36fffc5067,a49ba6b4-f4de-4980-a142-e065960ce081",9d4f6418-1269-438c-81f1-3ae53eb14173,66.28225611232148
9a7c199e-936a-4250-b037-c754fc68c7a6,7,2026-05-20 15:47:09 UTC,,,Bruno Schultz,SRID=4326;POINT(-54.6792105 -15.448886),-15.448886,-54.6792105,7,"Mato Grosso,Dom Aquino",Sequeiro,R5 (formação de dentes / dent),75,4. Boa / Good,54,16,16,37,16,18,33,15,14,31,54,13,16,31,15,16,33,12,18,25,b16611cb-69af-4535-ad6b-12aba7c049fe,60857842-0693-4f22-94b4-57e0856be485,6b40e543-859c-4494-828d-d61a11bcd6e4,185.46980392156863
991b4a07-6e4b-4a52-9b1c-b161361fec0e,7,2026-05-20 15:47:08 UTC,,,Bruno Schultz,SRID=4326;POINT(-54.5982667 -15.39946),-15.39946,-54.5982667,7,"Mato Grosso,Dom Aquino",Sequeiro,R2 (bolha d'agua / blister),90,5. Excelente / Excellent,57,20,16,41,16,18,33,19,14,39,65,15,18,31,18,18,35,16,18,32,710afb2c-297f-45bf-818d-8e72d1e02e4d,"b34f56ca-af2c-4065-894d-42ad7fea7370,18cbf837-765b-47a0-9ce7-9625ea7838b0","7efae50a-33c1-493a-b712-2fd41156778f,e94ccd47-f6f7-4c84-9c11-555756683f03",201.80456790123455
50acccc1-eb3c-4632-b5cd-23418a9b8f4b,7,2026-05-20 15:47:07 UTC,,,Bruno Schultz,SRID=4326;POINT(-54.440144 -15.3631028),-15.3631028,-54.440144,7,"Mato Grosso,Primavera do Leste",Irrigado,R3 (grão leitoso / milk),60,4. Boa / Good,62,15,16,30,14,20,31,13,16,25,59,13,20,31,12,18,24,10,16,21,"4351b63e-6b28-4713-b723-2f657837a3da,42474bcb-764d-438e-975e-53d71becc091","cd4501fe-5282-4878-8b07-8ab90d998dca,bc37c2b9-6ba3-4cd6-a49e-bef4e6af8c0a","8f1431b6-86dc-490d-a09d-b19e8a2c01cf,3fe08c8e-630d-4a8c-8985-6059adb2b367,cc10d9a8-9cb9-41de-9c1b-9993e77ecc72",239.54441176470587
60e2fa0e-265a-46ab-8e67-1ac954755139,7,2026-05-20 15:47:06 UTC,,,Bruno Schultz,SRID=4326;POINT(-54.3529467 -15.42471),-15.42471,-54.3529467,7,"Mato Grosso,Poxoreu",Sequeiro,R5 (formação de dentes / dent),45,5. Excelente / Excellent,32,17,16,35,17,16,34,15,14,33,36,15,16,30,15,16,31,15,16,31,2b3a902e-02b6-42e5-a502-6940e1ea0317,"a956bf98-4b3e-4377-b3b6-35c030c9f4d6,27af7119-5db6-467f-8930-6049e20356f6","12ffe720-1b88-4b97-b523-fe5cf0032d9e,c524b311-03d2-4b2e-aeb6-1d82d9ec4738",190.6149794238683
28e1adc2-e688-48ee-98c2-864fe22a8bc5,7,2026-05-19 20:19:56 UTC,,,Bruno Schultz,SRID=4326;POINT(-54.2507783 -15.4584967),-15.4584967,-54.2507783,7,"Mato Grosso,Primavera do Leste",Sequeiro,R5 (formação de dentes / dent),45,3. Média / Fair,23,16,14,28,16,16,38,14,18,32,29,15,16,36,13,20,29,10,18,24,bd5c88e5-5eb1-477a-a8db-656c7bb06a84,128b5f49-ef40-41d9-b897-07386cd79894,"169b9970-67fc-475f-9e52-32ee88a0753e,ecdabc03-6a28-4ec5-a407-bc46a32ee1e8",152.46271604938275
611d5657-3c22-469b-9edd-6ce9be155251,7,2026-05-19 20:19:56 UTC,,,Bruno Schultz,SRID=4326;POINT(-54.1919115 -15.3246994),-15.3246994,-54.1919115,7,"Mato Grosso,Primavera do Leste",Sequeiro,R4 (grão pastoso / dough),45,3. Média / Fair,27,12,18,24,10,16,18,12,16,28,33,14,16,35,10,16,20,10,15,20,53c5b577-fe3e-47f3-a2e2-78bb2b437db6,"8fbb5077-a36d-413a-a280-bead5bd73c6f,ab66706e-2d47-4a2a-a1b3-49eb9c39dce5","ca80958d-f01d-4842-93da-73720abcfc56,f9fc4681-5168-47a6-80af-8620e264665f",129.72076978939725
2d6fe2f4-8940-4867-a11f-e7592004777e,7,2026-05-19 20:19:55 UTC,,,Bruno Schultz,SRID=4326;POINT(-54.1150197 -15.1701412),-15.1701412,-54.1150197,7,"Mato Grosso,Primavera do Leste",Sequeiro,R3 (grão leitoso / milk),45,3. Média / Fair,26,14,16,26,15,16,32,14,18,26,29,15,16,32,12,16,23,14,16,28,11d511e8-a127-4ae8-ac3c-8c17d5ce9983,4a573afe-2d53-4fc5-a73d-f2b8c86b3c48,"19baea2a-d602-40b0-887b-3099f14b9faf,61b78d85-14fa-4b1d-9746-3593845f33f1",138.36420963447105
aabbdb80-1bdc-41d0-aa83-4f20e491fb61,7,2026-05-19 19:02:47 UTC,,,Bruno Schultz,SRID=4326;POINT(-53.9897192 -15.1036198),-15.1036198,-53.9897192,7,"Mato Grosso,Primavera do Leste",Sequeiro,R4 (grão pastoso / dough),45,4. Boa / Good,34,16,16,32,15,16,34,13,16,28,35,14,16,30,13,14,28,15,14,31,b0fd7484-09e9-4156-a2c8-7bce76d17a4c,"426856f7-bca2-4705-b2a7-744cf25f7a46,1789c64c-85f6-44c5-b523-fadd263168f3",3570f5ef-ed99-4531-a1f3-cdd75dae45eb,178.56919389978214
f16a97db-8fdf-4bcf-b55e-3e719c942a6a,7,2026-05-19 19:02:44 UTC,,,Bruno Schultz,SRID=4326;POINT(-53.8633954 -15.0994492),-15.0994492,-53.8633954,7,"Mato Grosso,Santo Antonio do Leste",Sequeiro,R5 (formação de dentes / dent),90,1. Muito ruim / Very Poor,20,9,16,17,11,16,24,7,16,14,23,10,16,21,7,16,13,7,11,11,1efc8dbf-5c41-4761-8671-e58cde2aa532,"937c0fe5-98fe-4ed7-b8c8-1dece7342592,bbf1c32b-64e2-4c1b-8b9e-6d115801c3ad",37454bc9-dd80-410e-a3de-774e30f7b84d,30.074497700314694
ae57ba4d-2927-4661-a582-34e6f09c4795,7,2026-05-19 19:02:44 UTC,,,Bruno Schultz,SRID=4326;POINT(-53.6653333 -15.1887083),-15.1887083,-53.6653333,7,"Mato Grosso,Novo Sao Joaquim",Sequeiro,R6 (maturação fisiológica / physiological maturity),45,5. Excelente / Excellent,28,19,20,37,17,22,30,15,20,29,34,17,18,32,10,18,21,18,20,35,df4c929e-bc77-49f4-99a7-1e0d52e0a838,"bd8ef44e-f865-4321-a43e-afff85f73823,30b7c1eb-c2ac-464e-aa65-577084495bcc",2cd2c2f2-0129-4ffe-8548-39575759de70,206.92361171629148
63650481-3ec4-4987-b413-e36dc9350c63,7,2026-05-19 19:02:43 UTC,,,Bruno Schultz,SRID=4326;POINT(-53.5519533 -15.1617994),-15.1617994,-53.5519533,7,"Mato Grosso,Novo Sao Joaquim",Sequeiro,R5 (formação de dentes / dent),45,5. Excelente / Excellent,34,17,18,37,14,18,30,17,16,35,36,14,18,32,12,18,24,11,20,24,256c6538-2eca-456c-a819-8a2d9fc1f032,4fc67959-77b8-41e3-ae03-cdc92884709f,b090e77d-30ce-4604-8ac8-918ff4298499,211.50065359477128
d2e82c84-fba6-42d9-859d-56a013483b2a,7,2026-05-19 19:02:42 UTC,,,Bruno Schultz,SRID=4326;POINT(-53.4515978 -15.1187079),-15.1187079,-53.4515978,7,"Mato Grosso,Novo Sao Joaquim",Sequeiro,R6 (maturação fisiológica / physiological maturity),45,4. Boa / Good,27,15,16,34,12,18,28,13,18,30,29,12,18,28,17,16,39,12,16,27,b69d9475-1391-4a8d-8069-f59023b21c50,"3ea77f82-9994-48b7-8903-ad5ad722a8c3,5580a726-23cb-4c7b-9fc2-80f203238d18,d2bf775a-11b5-485e-804c-35972c9e13f8",f4a51ec5-1920-4a81-b8b1-9d294a3d3335,163.31259259259258
f9ca4e0b-0d5e-410b-abdc-48212f75bf54,7,2026-05-19 19:02:41 UTC,,,Bruno Schultz,SRID=4326;POINT(-53.3402217 -15.1016733),-15.1016733,-53.3402217,7,"Mato Grosso,Novo Sao Joaquim",Sequeiro,R4 (grão pastoso / dough),45,3. Média / Fair,27,15,20,36,13,18,30,13,20,30,27,14,20,32,11,20,24,14,20,31,23f34c9c-b71b-40bb-bec7-69747d142f9e,"21f22ace-6997-4aa7-9901-add25b788708,72c78ae7-f5c1-48d3-9af4-7804873bca1b",49207fde-68d6-4520-a8c2-50b31c1ee7ad,179.24431372549017
d81a902d-5bdf-408e-b090-6f2888ffe540,7,2026-05-19 19:02:41 UTC,,,Bruno Schultz,SRID=4326;POINT(-53.4295938 -15.016309),-15.016309,-53.4295938,7,"Mato Grosso,Novo Sao Joaquim",Sequeiro,R4 (grão pastoso / dough),50,3. Média / Fair,30,15,16,34,18,16,37,15,20,36,33,15,16,32,13,18,31,16,14,32,2ba036b5-02ef-4048-b34f-202903aff102,"0685cdb4-e3cf-4d6f-b622-7c5cde071c03,0b219849-4872-4e43-b350-3e2f8410538b","6d15fd5b-1731-4a09-98e8-39c4607cfe99,557b203c-9c1f-42ce-a913-16ba3e369ed3",176.05686274509802
d2daba3d-e3f3-4eeb-ba3b-100ea62bca87,7,2026-05-19 19:02:40 UTC,,,Bruno Schultz,SRID=4326;POINT(-53.5299098 -14.9187113),-14.9187113,-53.5299098,7,"Mato Grosso,Santo Antonio do Leste",Sequeiro,R6 (maturação fisiológica / physiological maturity),45,4. Boa / Good,26,14,16,29,18,16,37,13,18,31,32,13,16,32,13,16,31,13,18,29,69b2ae2d-4242-402c-9bee-8eda7b758a07,"f95279d9-4082-4abb-8e4a-adf74f342589,13e4de6b-5e4a-4af9-a914-8d24a22e71c9","a5c3a603-12de-4bf8-81af-c6a96ac59b43,1e057a52-cd6d-4d4e-a8c7-7284e0e8acdd",168.5032679738562
573df755-b624-48e4-a1b0-ba7752265048,7,2026-05-19 14:45:02 UTC,,,Bruno Schultz,SRID=4326;POINT(-53.6194717 -14.8651946),-14.8651946,-53.6194717,7,"Mato Grosso,Santo Antonio do Leste",Sequeiro,R5 (formação de dentes / dent),40,4. Boa / Good,31,16,16,31,15,18,30,14,16,28,28,13,16,25,14,14,32,14,16,27,78e963fa-4b80-4dae-9d42-84e3c0314c57,"053e7c64-34fa-499d-b36c-9d13dd265b9f,1f4237b4-c90a-4975-817e-b3a3feea7173","6e7612a8-35a9-4e08-8baf-df43d93988e9,6d9baa17-d6e2-430d-8e86-a77c1fa24343",169.44954248366008
f78fac0b-3a2c-4966-8fe6-734e71a029d8,7,2026-05-19 14:44:56 UTC,,,Bruno Schultz,SRID=4326;POINT(-53.7242418 -14.8974483),-14.8974483,-53.7242418,7,"Mato Grosso,Santo Antonio do Leste",Sequeiro,R4 (grão pastoso / dough),45,4. Boa / Good,31,16,14,36,13,16,29,12,18,29,35,11,16,24,12,14,29,18,16,39,711ec8af-0ec0-431e-9d93-c13e7239c9b2,1f749f25-ca2d-4b0f-9a62-d73ea434ae6b,"b4391410-4b77-491d-a1a6-a5de9abae49b,6aab5fb0-09dc-469e-8ea6-1e4b130ab57d",177.37943355119825
c1de2584-0406-4055-8961-5c7f463dbdf0,7,2026-05-19 14:44:51 UTC,,,Bruno Schultz,SRID=4326;POINT(-53.8205532 -14.9192285),-14.9192285,-53.8205532,7,"Mato Grosso,Santo Antonio do Leste",Sequeiro,R6 (maturação fisiológica / physiological maturity),40,4. Boa / Good,32,14,14,33,13,14,28,14,14,31,27,10,14,26,16,14,37,15,14,30,f8c83543-9378-4d11-b9d9-f1f94449cbc8,"a0e582e4-0ff6-4f62-bef3-4c68302a4d4d,5c90fb77-70f2-4b13-948e-83ad19419aff","6a2791ce-f43b-41e5-9ee9-3499ac0424f3,bdca7838-99fc-42a1-9c3a-7042629eb1e1",158.55285947712414
8d1ceb67-277f-433b-afef-af87c60e63f1,7,2026-05-19 14:44:45 UTC,,,Bruno Schultz,SRID=4326;POINT(-53.9552661 -15.002736),-15.002736,-53.9552661,7,"Mato Grosso,Primavera do Leste",Irrigado,R6 (maturação fisiológica / physiological maturity),60,3. Média / Fair,61,11,12,24,10,12,21,10,12,18,62,10,14,20,12,14,21,10,14,22,2e507173-c4ff-40c9-b5bb-67e4fe625d9d,236f4c8c-3c89-4df3-b32f-1a4ef55b018c,"a1550827-d7ec-4a4e-b777-92210e771c60,62991678-4a1f-4d82-8bb0-62c78bbd3990",139.36382352941175
aa0687e2-8cb8-4dd7-ae43-5acdf029365f,7,2026-05-19 14:44:40 UTC,,,Bruno Schultz,SRID=4326;POINT(-54.0684286 -14.9844313),-14.9844313,-54.0684286,7,"Mato Grosso,Primavera do Leste",Sequeiro,R5 (formação de dentes / dent),70,3. Média / Fair,38,18,16,37,17,16,32,13,18,27,39,16,14,31,18,18,35,16,12,35,509a3cd7-b613-4f82-b7e9-ae54bc6cc85a,a4cdd056-993d-477c-a886-47d54e8359f8,"b94a5883-6b98-4376-9b07-3b899e30e0e8,b133b7b4-a8bf-42ec-a905-b03d3a1912fb",140.90221132897605
e2f55a19-15cc-4c72-961b-6d3d2f28a071,7,2026-05-19 14:44:37 UTC,,,Bruno Schultz,SRID=4326;POINT(-54.090568 -14.7417504),-14.7417504,-54.090568,7,"Mato Grosso,Primavera do Leste",Sequeiro,R3 (grão leitoso / milk),45,1. Muito ruim / Very Poor,23,12,16,22,11,16,20,9,16,19,18,8,13,19,14,18,29,13,18,27,4b207447-8f8f-4c8c-99b4-7ad9584738c3,"b832570c-de74-44e4-b9ce-bb2bc5bb99c2,ea665871-edc3-43f1-96ec-5ccbbdfb957b","314e7958-bfb7-46e6-a208-96af83ccc9a7,dd8ca027-74e5-4ab7-9ccd-214f99d953a2,d49e2108-fc21-4922-b49d-cc72899613c8",83.14057613168725
91fb2e1e-4e52-452d-89d1-effc91a12cbc,7,2026-05-19 14:44:29 UTC,,,Bruno Schultz,SRID=4326;POINT(-54.0378188 -14.4712977),-14.4712977,-54.0378188,7,"Mato Grosso,Paranatinga",Sequeiro,R6 (maturação fisiológica / physiological maturity),50,2. Ruim / Poor,29,7,16,17,12,16,28,10,18,22,34,12,16,25,13,18,28,12,13,26,70e1d321-11e4-4ab1-a56d-2a76cc7637e1,bd1b01bc-003f-461a-adfa-aed5e4a332c0,d411b561-5a24-4b9d-b09f-1a3c7886ffd7,123.43154901960784
40a2ee72-f821-4996-918e-f9c94df261db,7,2026-05-18 22:06:48 UTC,,,Bruno Schultz,SRID=4326;POINT(-54.1578767 -14.7800433),-14.7800433,-54.1578767,7,"Mato Grosso,Primavera do Leste",Sequeiro,R3 (grão leitoso / milk),45,4. Boa / Good,36,18,18,36,17,18,36,17,20,36,36,13,16,30,18,18,38,15,16,35,e5aded7a-596c-4951-925a-eda6a466d2b8,"caba4ebf-bcce-4c62-8d55-9973954b7d83,1f7e16ec-b341-43cf-a19e-0d27105f9837","863a0158-5816-4a32-b6fd-cefad2877047,04d3d698-c0f4-405c-8303-28b4edf2bedc",247.53655773420476
5e4ce6f1-e869-4229-8951-1ef812e8a537,7,2026-05-18 22:06:48 UTC,,,Bruno Schultz,SRID=4326;POINT(-54.2679617 -14.8116083),-14.8116083,-54.2679617,7,"Mato Grosso,Primavera do Leste",Sequeiro,R4 (grão pastoso / dough),90,2. Ruim / Poor,48,16,12,28,12,20,27,15,12,33,45,15,16,29,14,12,27,14,12,29,3e7d1ada-6080-4a4f-89c2-eb40837bc3dc,"c4de0255-4963-436b-9f32-1e29d0facaf6,00682c99-1743-49d9-9c80-de5b748e3ab4","ef764718-39c7-4baa-88a9-1b70020d1ddc,660ab7ec-b67f-4d37-8dbd-13eb309648df",103.87161220043572
d0b4921d-6fb1-4e60-a119-c6e01966abaa,7,2026-05-18 22:06:47 UTC,,,Bruno Schultz,SRID=4326;POINT(-54.7960416 -15.0233299),-15.0233299,-54.7960416,7,"Mato Grosso,Campo Verde",Sequeiro,R6 (maturação fisiológica / physiological maturity),80,1. Muito ruim / Very Poor,34,16,14,35,15,14,21,12,18,24,32,13,14,29,17,18,38,16,16,31,e0309a24-9dc4-4c63-9b9a-165d2cf1e6ac,17210cbc-06f9-429b-ae7e-ad0a3a8157c3,8eb11ea0-3989-4f44-a1bc-5bdce8c2a998,95.48449346405228
25f5f65b-98b7-45a8-9693-a1dff8447a8b,7,2026-05-18 22:06:47 UTC,,,Bruno Schultz,SRID=4326;POINT(-54.949095 -15.090055),-15.090055,-54.949095,7,"Mato Grosso,Campo Verde",Sequeiro,R4 (grão pastoso / dough),45,3. Média / Fair,40,14,16,32,15,16,36,14,16,36,36,14,16,33,13,16,31,13,14,31,61493fab-97d4-4f2f-890a-52377e8b1feb,"ece64fe2-c95e-4864-b503-8c1d606c0ea4,1bcc8a66-8f24-4b44-bc72-3942cc7dc41f","b8fb1e90-0c2d-404b-a280-3acbcf64b217,019eccbe-775f-4336-90c8-211a5b79dfac,8a8a14e6-2a11-4b2a-84de-1abc9e9810bc,1e8acd7b-ad4d-42e8-ace3-f78d9f45b871,62566d94-fcb3-490b-b672-ae1940244dbc",218.53099975792784
97ad351c-9f55-4c18-beeb-87c53022873c,7,2026-05-18 16:50:53 UTC,,,Bruno Schultz,SRID=4326;POINT(-55.0812833 -15.04929),-15.04929,-55.0812833,7,"Mato Grosso,Nova Brasilandia",Sequeiro,R5 (formação de dentes / dent),45,2. Ruim / Poor,35,18,16,29,18,16,35,16,14,37,38,17,16,36,16,16,35,17,14,36,84d4046f-28c8-4edc-8c4c-49ab9c2ad2af,"09720f25-32aa-48e9-bb5f-addf23f97c11,6952af8a-116a-4582-9e40-18bf7b764fcd","31cd277c-94d4-4255-b6c7-f3f1421f99de,41489ca1-3ea6-40e2-9f6c-093144bbae92",214.72991527475185
6cf4b8bf-2d65-47b7-a0d6-cc6784662acd,7,2026-05-18 16:50:52 UTC,,,Bruno Schultz,SRID=4326;POINT(-55.1233657 -15.2060456),-15.2060456,-55.1233657,7,"Mato Grosso,Campo Verde",Sequeiro,R3 (grão leitoso / milk),50,4. Boa / Good,27,11,16,28,17,18,36,13,20,27,24,15,18,37,14,18,33,16,18,39,2a22d9ee-39cf-4096-8dc9-319cfe9d704f,ecb1605d-669c-400b-93f4-c8c059be3c71,"d12bafb9-834f-4232-8780-9947454f133b,9e441e15-8b4a-49bb-9683-184a316bbda0",152.40000000000003
7df670f4-8da5-4daa-ba3b-e3996e06235c,7,2026-05-18 16:50:52 UTC,,,Bruno Schultz,SRID=4326;POINT(-55.1746178 -15.3316768),-15.3316768,-55.1746178,7,"Mato Grosso,Campo Verde",Sequeiro,R4 (grão pastoso / dough),50,4. Boa / Good,35,17,18,33,17,22,35,14,22,31,36,17,18,37,17,18,38,15,18,32,25e9d1f1-2bf7-4f68-9544-f6450ca15287,"a12e40a2-cd3d-4047-b950-2d079e1ef754,262d93a5-7708-4ec5-ba47-36894b59d139",5adcfcce-b22f-42f6-a2a3-2d60ae99b798,234.71702832244006
1d7211a4-6e75-4963-a561-8ff1d997395b,7,2026-05-18 16:50:51 UTC,,,Bruno Schultz,SRID=4326;POINT(-55.2232262 -15.4266261),-15.4266261,-55.2232262,7,"Mato Grosso,Campo Verde",Sequeiro,R2 (bolha d'agua / blister),45,4. Boa / Good,35,16,18,39,13,16,30,15,16,34,27,14,16,32,16,16,36,16,18,37,770c63cb-9d08-4ede-8826-65f4555a3595,"841b7f25-87b7-42cc-83b4-c7f6d25da5e1,e6aec55f-c7ab-4e04-b025-6cbee54d489a",a0b9f17d-aeb7-44f8-9692-f8e663707681,198.2319051077221
22449cd1-2907-4d80-8ec1-6a989fd836f6,7,2026-05-18 14:39:04 UTC,,,Bruno Schultz,SRID=4326;POINT(-55.3103437 -15.5121303),-15.5121303,-55.3103437,7,"Mato Grosso,Campo Verde",Sequeiro,R4 (grão pastoso / dough),50,3. Média / Fair,34,17,16,38,8,16,16,14,16,28,35,17,18,34,14,16,26,13,18,27,cf28d4a2-1c52-4221-b2b2-3030cf947276,"12705717-3b7e-47a2-a34d-e7c9f0330727,e09bf1af-57c0-40dc-966d-ae639b81ad78","efaf8a13-da76-4118-8d4e-e917a4b78845,5c619950-adf2-43f8-8fba-4cfe4f5225d3,92e44e44-12f9-46c7-8a66-1458ad400a80",161.32320261437908
9e3fc1cb-7b01-4de6-bd69-f9691aafd2b6,7,2026-05-18 14:39:03 UTC,,,Bruno Schultz,SRID=4326;POINT(-55.4108817 -15.510105),-15.510105,-55.4108817,7,"Mato Grosso,Chapada dos Guimaraes",Sequeiro,R3 (grão leitoso / milk),45,4. Boa / Good,26,13,16,30,14,16,32,14,16,32,32,15,16,33,14,18,32,16,16,32,2606aa59-2c1b-43da-85cc-6d189fefb4b2,"2a22525b-04b0-464b-b76d-2745b5a708de,f1a63754-21f3-4c53-a4cb-a9400e9338cf",90e37a19-7f54-46ee-959a-9e0a1d6e5f38,166.88064391188573
d4b3f620-d20b-422d-905b-8a09e1285311,7,2026-05-18 14:39:02 UTC,,,Bruno Schultz,SRID=4326;POINT(-55.5062283 -15.5125733),-15.5125733,-55.5062283,7,"Mato Grosso,Chapada dos Guimaraes",Sequeiro,R3 (grão leitoso / milk),45,3. Média / Fair,38,13,22,28,15,24,33,16,22,32,27,15,24,33,15,22,34,12,26,35,d839ca29-125c-4475-9e35-30e0fbd6f47b,"1add3444-76e7-4b4c-90d0-108f0a5ed729,a0e09d16-d45c-4725-a303-9c341234d3a7","283a4991-46bb-42d4-90d1-9caf3d44c26f,f5392817-2b42-4959-9c0c-d735697cdcb3,33eb2f53-ff18-4db0-9833-071d1c0db925",272.7687000726216
becf8971-28bc-4d4f-b2a1-02144c081fdf,7,2026-05-18 14:39:01 UTC,,,Bruno Schultz,SRID=4326;POINT(-55.641115 -15.4667267),-15.4667267,-55.641115,7,"Mato Grosso,Chapada dos Guimaraes",Sequeiro,R5 (formação de dentes / dent),90,5. Excelente / Excellent,64,19,16,36,20,16,38,19,14,38,67,18,16,34,17,16,32,20,14,38,7f5ee0f0-d484-4f6c-998e-73c9745fe9ae,"bbe07cf2-a8b7-4c62-84f2-5bf359f11315,a707d44d-b95f-4420-b5fb-873bea10df59",f162a85d-1abe-4905-b0c7-3dbb21d0fb67,200.07895424836605
b4292237-2fa2-4d07-92b9-5be53cfc3bc0,1,2026-05-14 20:13:28 UTC,,,Celso Roseghini,SRID=4326;POINT(-56.47885894495661 -14.289588498647491),-14.2895884986,-56.478858945,1,"Mato Grosso,Diamantino",Sequeiro,R6 (maturação fisiológica / physiological maturity),50,4. Boa / Good,27,17,16,33,17,16,35,20,16,38,29,20,16,42,17,16,36,14,16,31,684f93ba-c951-4af6-bee5-013bc85a34dc,4f2c3db7-e4e3-495a-bf56-f2f6eb595e55,b87545ed-25db-47a6-a214-75ecc79b36c4,159.903790849673
f4512be6-c047-4d46-a803-61722e0fe779,1,2026-05-14 20:02:17 UTC,,,Celso Roseghini,SRID=4326;POINT(-56.532105137534074 -13.970703267705165),-13.9707032677,-56.5321051375,1,"Mato Grosso,Diamantino",Sequeiro,R5 (formação de dentes / dent),45,4. Boa / Good,33,16,16,33,13,16,29,15,16,30,35,10,14,24,13,16,27,13,18,30,00ab856a-1bc1-4935-adf5-1cc16b22b4d7,93d634e0-a0fa-4331-858f-e8a4302a8b93,,173.598024691358
4f4dca1a-5d90-40ae-a935-60e0a38e4411,1,2026-05-14 19:55:06 UTC,,,Celso Roseghini,SRID=4326;POINT(-60.31337687359301 -12.767031878870611),-12.7670318789,-60.3133768736,1,"Rondonia,Vilhena",Sequeiro,R5 (formação de dentes / dent),45,4. Boa / Good,29,11,18,27,11,16,27,15,18,35,29,11,16,28,13,18,28,13,16,32,e9d7d537-eda5-44a6-b11c-f4f4efb0c946,a42e1756-4909-4cff-9e66-d438b0bd5ac9,ede9c75a-a94b-4741-b74c-9d8d60d8c055,160.960740740741
c00846ce-c184-4caf-adb9-932442af1365,1,2026-05-14 19:49:08 UTC,,,Celso Roseghini,SRID=4326;POINT(-56.62608847836779 -14.183880529766626),-14.1838805298,-56.6260884784,1,"Mato Grosso,Diamantino",Sequeiro,R6 (maturação fisiológica / physiological maturity),50,4. Boa / Good,28,20,14,39,22,14,41,17,13,36,34,17,12,34,16,16,32,17,14,36,8ac155f8-6c71-4491-983c-fd8592a953e6,96fd2198-f134-4ee0-b77b-472817910eac,33ed7c6b-b8c4-407a-92c8-d1d7152b20e2,155.198427015251
5dd1536e-f961-41db-957d-900a43cd0b49,1,2026-05-14 19:20:56 UTC,,,Celso Roseghini,SRID=4326;POINT(-56.81290871793985 -14.152541762151987),-14.1525417622,-56.8129087179,1,"Mato Grosso,Diamantino",Sequeiro,R4 (grão pastoso / dough),50,4. Boa / Good,33,17,18,33,16,18,31,15,18,34,30,15,18,30,12,18,26,12,14,30,2d40f4df-cc5c-4ea3-a5e7-35da2f74b070,8b9963d7-a671-4c7c-bf26-5a39aba8c648,d9282c4f-bcc5-4bc9-82e1-531745cae859,166.78337254902
7d9d6537-99ad-4c1e-917a-d89b592a0511,1,2026-05-14 19:06:44 UTC,,,Celso Roseghini,SRID=4326;POINT(-56.98194638744673 -14.163520312311562),-14.1635203123,-56.9819463874,1,"Mato Grosso,Diamantino",Sequeiro,R4 (grão pastoso / dough),45,3. Média / Fair,30,14,16,30,13,18,25,15,18,28,31,14,18,27,14,16,27,14,16,30,8c57aa7e-aee1-4564-9532-7a33dc776cc5,b84bfb6d-6316-4179-aac8-af8b77ea071e,075cff7e-991b-4872-aec0-0d8c508d298f,159.722098765432
5d10af9c-c4b2-43e6-af6a-fb7ac71327a3,1,2026-05-14 18:53:04 UTC,,,Celso Roseghini,SRID=4326;POINT(-57.10243392061472 -14.167492488586776),-14.1674924886,-57.1024339206,1,"Mato Grosso,Diamantino",Sequeiro,R6 (maturação fisiológica / physiological maturity),45,3. Média / Fair,26,10,16,20,18,16,32,17,14,37,25,14,14,29,13,16,27,17,16,32,17466700-079f-4069-bcde-3ef65ad09942,9f902458-35ab-4ae0-bf96-326530060674,322657f8-3f6e-456f-88d8-3f2825af1503,127.658518518519
458fe515-cee3-4287-a2f6-aff5e7564d0e,1,2026-05-14 18:36:28 UTC,,,Celso Roseghini,SRID=4326;POINT(-57.48809715088351 -14.184347688306927),-14.1843476883,-57.4880971509,1,"Mato Grosso,Campo Novo do Parecis",Sequeiro,R5 (formação de dentes / dent),45,3. Média / Fair,25,15,14,36,11,16,23,14,16,36,28,14,14,30,12,14,22,15,16,30,7350c75e-cd90-463a-b300-32e8ac1bd682,0e921bd4-ea32-4cb4-b4f2-2aa5ce4c0d1a,8115f207-4384-44b0-a428-424c3dc169d1,129.780718954248
a3bacf9d-3345-4598-b824-7355abb0ad52,1,2026-05-14 18:35:42 UTC,,,Celso Roseghini,SRID=4326;POINT(-57.2980532532935 -14.173715907357256),-14.1737159074,-57.2980532533,1,"Mato Grosso,Diamantino",Sequeiro,R4 (grão pastoso / dough),45,3. Média / Fair,28,16,16,39,16,14,28,14,16,38,30,12,16,31,13,18,33,12,16,33,8a2f7d9c-4697-44d8-9067-55f92e323d32,18a06f78-312f-4e18-b83c-2f9d7248dd4c,12e72009-bf3b-4e58-b4ba-dcc8552f12e3,172.889702251271
c3c1c682-88bf-4cf7-a847-4435c37e2e60,1,2026-05-14 17:54:34 UTC,,,Celso Roseghini,SRID=4326;POINT(-57.65487080955896 -14.234089330681485),-14.2340893307,-57.6548708096,1,"Mato Grosso,Campo Novo do Parecis",Sequeiro,R6 (maturação fisiológica / physiological maturity),45,4. Boa / Good,30,17,16,40,18,16,39,17,18,36,32,15,16,30,16,14,32,14,16,29,a5cf1bca-8e01-4032-b196-5d7fcf9d4f03,5f2b6bbf-7f66-4211-bce7-1e2c9c7b72a3,c8ba063b-4ab2-4c22-8317-cf9f609824e1,188.472795933188
8019d695-0f2a-4d36-8bd9-c3ff9af7666f,1,2026-05-14 17:35:11 UTC,,,Celso Roseghini,SRID=4326;POINT(-57.816539403257494 -14.303750715030453),-14.303750715,-57.8165394033,1,"Mato Grosso,Campo Novo do Parecis",Sequeiro,R6 (maturação fisiológica / physiological maturity),45,4. Boa / Good,30,15,16,38,14,18,32,13,16,32,28,15,16,34,14,16,36,16,16,33,472f89d7-378a-436f-819b-c9d92ec86b89,d0703638-0a10-4a56-8d34-449953851ed8,44c57f02-9285-4787-9f37-83f998e3e9de,179.112732994432
30b0a67f-f8da-4f2a-a9a6-22102ce3c0e7,1,2026-05-14 17:20:24 UTC,,,Celso Roseghini,SRID=4326;POINT(-57.988480474919356 -14.079502551956683),-14.079502552,-57.9884804749,1,"Mato Grosso,Campo Novo do Parecis",Sequeiro,R4 (grão pastoso / dough),45,4. Boa / Good,42,14,18,25,15,16,35,15,16,29,36,17,16,30,17,16,36,15,18,26,7f489971-7778-42f9-8379-3e234112c43f,882c0d62-775e-456e-8785-982e4cf83da8,56c1664a-b448-4788-a22e-2480b5893024,217.015976761075
f3ecfcdf-e3b4-43b7-86f7-1a86ce6b0b91,1,2026-05-14 17:16:04 UTC,,,Celso Roseghini,SRID=4326;POINT(-57.94661169129901 -14.393842521127088),-14.3938425211,-57.9466116913,1,"Mato Grosso,Campo Novo do Parecis",Sequeiro,R4 (grão pastoso / dough),45,4. Boa / Good,28,21,16,41,18,14,36,15,14,34,27,15,16,29,20,16,40,16,14,29,ad64edf7-99fb-4889-a0b9-b7d1eaba7503,405212b5-8489-497d-9337-ab3b9c868e38,6419918f-d408-43ec-b602-52dcf7ed2997,159.026688453159
07ce945e-5778-497b-b9eb-3910d6316e05,1,2026-05-14 16:25:32 UTC,,,Celso Roseghini,SRID=4326;POINT(-57.89236820680498 -13.667737915026157),-13.667737915,-57.8923682068,1,"Mato Grosso,Campo Novo do Parecis",Sequeiro,R6 (maturação fisiológica / physiological maturity),50,4. Boa / Good,28,16,16,38,22,14,44,16,16,28,27,19,14,42,18,14,38,15,14,32,9074ea3d-78c9-4fd1-88c9-d7e0ca08ba69,c41f73ec-544f-4b6b-8227-69f0a9ad117e,,148.648104575163
23a7bb8e-dc3e-4ff6-ad50-b02afc516a92,1,2026-05-13 17:11:44 UTC,,,Celso Roseghini,SRID=4326;POINT(-60.08207067234115 -12.581993087750345),-12.5819930878,-60.0820706723,1,"Rondonia,Vilhena",Sequeiro,R6 (maturação fisiológica / physiological maturity),50,4. Boa / Good,30,19,20,37,18,12,38,18,14,38,30,18,14,36,18,14,38,18,16,34,77a4ab48-15cd-412c-912f-b032f14f7020,ab1e3759-7554-4793-8e81-a506045d1120,,165.1
7a637ed5-df45-408c-bb80-90fd6349e095,1,2026-05-13 16:46:00 UTC,,,Celso Roseghini,SRID=4326;POINT(-60.07898390084951 -12.81966019618773),-12.8196601962,-60.0789839008,1,"Rondonia,Vilhena",Sequeiro,R5 (formação de dentes / dent),50,4. Boa / Good,29,16,12,39,17,18,30,16,16,36,26,16,16,26,15,16,26,15,12,34,40f9a4a2-4bc5-41cf-b1ce-81f44ff2caeb,8b0a4d8b-b15a-4cac-a1f6-a7d7ae44caae,11541254-eef2-4683-93e1-9dbfb933d44b,130.797549019608
371f0f09-64e6-46ce-9e68-737fd061462a,1,2026-05-13 15:57:59 UTC,,,Celso Roseghini,SRID=4326;POINT(-59.86667665517187 -13.26087516458765),-13.2608751646,-59.8666766552,1,"Mato Grosso,Comodoro",Sequeiro,R5 (formação de dentes / dent),50,4. Boa / Good,28,16,16,32,14,16,29,14,16,30,24,13,16,26,14,14,28,15,16,35,10fb671a-55be-4214-8dc9-4239f7b7cd12,ad414c82-034c-478d-91b7-a2aac1ea3f1d,,121.720784313725
5986e6c5-f071-4297-b113-439a1cd25146,1,2026-05-13 15:40:18 UTC,,,Celso Roseghini,SRID=4326;POINT(-59.74191606780088 -13.672352694462386),-13.6723526945,-59.7419160678,1,"Mato Grosso,Comodoro",Sequeiro,R4 (grão pastoso / dough),50,4. Boa / Good,27,17,16,28,13,16,32,15,16,33,28,15,16,32,18,14,34,14,16,31,cb397abe-99fc-4b26-b522-6f23d2b01d00,7dd54b60-74e1-4eb2-8f0a-83a2057f4906,86f97919-b04e-47e3-a2df-85af8cfff3c3,135.895533769063
a244b4c9-046e-4a8f-a1b8-0cd493e3aca6,1,2026-05-13 15:37:35 UTC,,,Celso Roseghini,SRID=4326;POINT(-59.8413040276932 -13.473803121178028),-13.4738031212,-59.8413040277,1,"Mato Grosso,Comodoro",Sequeiro,R4 (grão pastoso / dough),50,4. Boa / Good,29,18,12,36,22,18,40,19,16,36,28,16,14,30,20,14,40,22,16,39,256374cc-535f-41af-828c-a08df733deec,bda785da-6d86-4ea5-aded-60e14157386c,515dfc4b-891c-4bcb-9b68-bd33cd68235e,156.845
8f60e26d-d8e9-464f-9f68-2181016cc834,1,2026-05-13 14:24:29 UTC,,,Celso Roseghini,SRID=4326;POINT(-59.297859639974845 -13.879781645963494),-13.879781646,-59.29785964,1,"Mato Grosso,Campos de Julio",Sequeiro,R6 (maturação fisiológica / physiological maturity),45,3. Média / Fair,28,14,14,36,16,14,36,14,14,31,31,14,12,26,14,16,30,13,12,32,709b35a0-8886-4951-bf93-a293ade321f5,15003798-4796-4920-98af-d902ac07d218,fe6f726a-7888-4428-a60a-c2410abc2b06,142.042321471799
47151288-f055-4ce8-b495-f5a9af676d5c,1,2026-05-13 14:08:28 UTC,,,Celso Roseghini,SRID=4326;POINT(-59.18500308218612 -13.994292582848548),-13.9942925828,-59.1850030822,1,"Mato Grosso,Campos de Julio",Sequeiro,R6 (maturação fisiológica / physiological maturity),50,4. Boa / Good,34,15,16,29,10,16,13,15,16,30,35,13,16,27,17,16,34,15,16,32,67ceeca7-5c5e-41d2-bceb-bf97b819c3b7,ea842b3d-9a2d-4d2c-a763-c0853a3e343c,2424967a-df3f-4a90-8eda-97ae551b1971,151.204705882353
84fc6073-d64b-4e96-91fb-17edddd1cd08,1,2026-05-13 13:54:05 UTC,,,Celso Roseghini,SRID=4326;POINT(-59.21133955154203 -14.134596450054815),-14.1345964501,-59.2113395515,1,"Mato Grosso,Campos de Julio",Sequeiro,R6 (maturação fisiológica / physiological maturity),50,3. Média / Fair,30,16,16,31,17,16,36,14,16,31,35,15,14,34,17,14,38,13,16,32,9fe75c7c-2988-49ef-8d96-17deda501680,a32a3aa4-8b18-4dc1-a561-e2bd10d1b5fd,be363ae3-a7d4-467f-a75b-f675537c2043,167.114291938998
4eacf54d-f778-4c84-9e39-29870f982e2d,1,2026-05-13 13:34:17 UTC,,,Celso Roseghini,SRID=4326;POINT(-59.231578889735424 -14.26836565561542),-14.2683656556,-59.2315788897,1,"Mato Grosso,Campos de Julio",Sequeiro,R6 (maturação fisiológica / physiological maturity),45,4. Boa / Good,36,16,16,32,17,14,37,17,16,36,31,14,14,32,17,16,32,13,14,31,a7400e76-74d4-469d-b31e-fc38b7059fc2,61e91464-3ece-4c93-a850-6cecaa9b43b8,3c910d73-c814-4695-8711-b9172b52e83a,185.381263616558
f9e90270-fe77-4077-b504-4515029754ed,1,2026-05-13 12:35:21 UTC,,,Celso Roseghini,SRID=4326;POINT(-59.290370249319295 -13.601115501914505),-13.6011155019,-59.2903702493,1,"Mato Grosso,Campos de Julio",Sequeiro,R6 (maturação fisiológica / physiological maturity),45,4. Boa / Good,26,17,16,36,17,18,30,13,16,27,27,15,18,31,16,16,34,18,16,35,89b94c6b-a2d9-4037-94f7-5da5b69d8ce7,cf2dfc7e-ae13-4cfb-9cfc-35015590d8be,,157.235899297991
d7345f64-7e65-443f-8c83-d80f3f37966c,1,2026-05-13 12:14:50 UTC,,,Celso Roseghini,SRID=4326;POINT(-59.292620037844955 -13.483346691475628),-13.4833466915,-59.2926200378,1,"Mato Grosso,Campos de Julio",Sequeiro,R6 (maturação fisiológica / physiological maturity),45,5. Excelente / Excellent,36,15,16,36,14,16,30,15,16,31,32,14,18,29,15,16,33,13,18,25,b1ef0ece-ab27-4403-b048-5b927e72bae5,55b98b1f-2f53-4f07-9607-ce53a5be1b01,b305f214-9dee-452f-9d3c-725bc9cc6b6d,192.329218106996
864878e9-64f7-4e73-987c-1608106eaf04,1,2026-05-13 11:47:58 UTC,,,Celso Roseghini,SRID=4326;POINT(-59.23463280497168 -13.35463841521466),-13.3546384152,-59.234632805,1,"Mato Grosso,Campos de Julio",Sequeiro,R5 (formação de dentes / dent),45,4. Boa / Good,28,14,16,31,18,16,37,17,16,38,26,13,18,27,16,16,35,14,16,32,1fce88db-39d4-4b72-aecb-3bebbf249974,6b94e52e-0fdb-47ea-9faa-16dcdf3313d4,a0ae84af-8763-4b44-829f-5cd441453446,162.692810457516
27379b63-5a04-4e45-bc4b-6bd915a0b513,1,2026-05-12 22:10:35 UTC,,,Celso Roseghini,SRID=4326;POINT(-59.272207633314224 -13.731998994424337),-13.7319989944,-59.2722076333,1,"Mato Grosso,Campos de Julio",Sequeiro,R6 (maturação fisiológica / physiological maturity),45,4. Boa / Good,29,15,20,31,14,16,35,15,22,33,26,14,18,32,15,16,35,13,20,31,37048a33-2c0d-423f-a382-09bc8b74a151,a15f6d1e-bacd-4b34-a051-f3dc40c9fe7d,,186.537206487533
5ecac134-691c-40da-942f-9e3523b7cd38,1,2026-05-12 21:53:09 UTC,,,Celso Roseghini,SRID=4326;POINT(-59.0639218152494 -13.57700097354082),-13.5770009735,-59.0639218152,1,"Mato Grosso,Campos de Julio",Sequeiro,R4 (grão pastoso / dough),50,3. Média / Fair,31,17,16,38,20,16,43,16,16,35,31,16,16,35,16,18,36,15,16,36,98baa2f1-f304-43cd-ac20-2374c6e60123,6a0b1dce-686a-47b5-a3c9-f75184caccda,7b8af137-c0e5-4307-b27b-bd939d22b5a5,187.449233115468
0720f059-efce-4236-a90b-2bf69f165837,1,2026-05-12 21:41:40 UTC,,,Celso Roseghini,SRID=4326;POINT(-58.85294680451417 -13.721394033649396),-13.7213940336,-58.8529468045,1,"Mato Grosso,Sapezal",Sequeiro,R6 (maturação fisiológica / physiological maturity),50,5. Excelente / Excellent,28,17,18,32,18,18,38,12,18,18,33,14,18,32,16,18,32,15,16,31,fe052fba-bf9d-45ea-aaf4-beb622b2503e,cb6bdb59-54d2-417a-8368-6c695b0c5df6,,163.699679738562
39dd5176-d75f-4114-96a8-37e106f295de,1,2026-05-12 20:21:29 UTC,,,Celso Roseghini,SRID=4326;POINT(-58.82059795414297 -13.556124876139426),-13.5561248761,-58.8205979541,1,"Mato Grosso,Sapezal",Sequeiro,R4 (grão pastoso / dough),50,4. Boa / Good,30,15,18,32,16,16,37,16,18,40,30,16,16,37,13,18,33,16,16,40,65b66c7f-fd48-4d0f-bc0a-d06c08695dc6,beb45ea0-6900-4ce0-bedd-243720b6e7d6,1f2beec3-9ef0-40f1-a38a-999dcc299acd,185.42
0410b2ff-d810-4dc4-8209-697891cb4bf4,1,2026-05-12 19:54:04 UTC,,,Celso Roseghini,SRID=4326;POINT(-58.768157459014546 -13.412102169307754),-13.4121021693,-58.768157459,1,"Mato Grosso,Sapezal",Sequeiro,R5 (formação de dentes / dent),50,5. Excelente / Excellent,32,19,16,37,20,14,37,16,14,34,32,20,14,39,17,18,32,16,16,31,928fd1b1-4f51-4ee4-9bb6-cc741dc4906f,f711bd71-7b10-49d4-868a-8c5e60c200fc,6fd6b966-50f2-4f4b-a09a-9b514661b44e,171.059869281046
6ff01a60-a87f-4f7b-8c9d-10ee09ad9c98,1,2026-05-12 19:31:14 UTC,,,Celso Roseghini,SRID=4326;POINT(-58.737520918125654 -13.140442136384069),-13.1404421364,-58.7375209181,1,"Mato Grosso,Sapezal",Sequeiro,R6 (maturação fisiológica / physiological maturity),45,4. Boa / Good,25,16,18,36,9,14,22,15,20,31,25,13,18,30,13,18,27,11,16,24,bfb88558-b995-4efd-9e3a-33f45b7c5b42,1296ac1f-5b48-4e5d-92cd-e16ae9e999da,,135.884773662551
81e012a6-abbf-4305-8ce4-610daa030693,1,2026-05-12 19:30:27 UTC,,,Celso Roseghini,SRID=4326;POINT(-58.77153061254613 -13.29862324962957),-13.2986232496,-58.7715306125,1,"Mato Grosso,Sapezal",Sequeiro,R6 (maturação fisiológica / physiological maturity),45,5. Excelente / Excellent,29,19,18,35,19,16,31,19,18,36,29,19,16,37,15,16,30,15,14,33,7d599169-f072-4519-8a13-9ec1a005693f,7d61cec8-58ce-4935-bf45-507920168f82,67a30a05-ca9c-463d-8fee-057815171528,176.491571048172
482d2f43-8dde-4531-9f12-7ead681cdaf7,1,2026-05-12 19:15:43 UTC,,,Celso Roseghini,SRID=4326;POINT(-58.592357020210976 -12.995297661844115),-12.9952976618,-58.5923570202,1,"Mato Grosso,Sapezal",Sequeiro,R6 (maturação fisiológica / physiological maturity),45,5. Excelente / Excellent,29,21,16,39,22,16,41,16,16,30,31,19,16,33,19,16,36,19,14,36,"d2a8fb98-5532-470d-b68c-5c5c9a5c8f96,aadaefec-9872-4aa2-b237-b60732ffed44",40de0c02-a6e4-4633-b107-48a717b71e83,,186.395787944808
f89d0029-a923-4b6f-9edd-e05adf1856a2,1,2026-05-12 18:37:57 UTC,,,Celso Roseghini,SRID=4326;POINT(-58.507249560632914 -12.842337709487206),-12.8423377095,-58.5072495606,1,"Mato Grosso,Sapezal",Sequeiro,R6 (maturação fisiológica / physiological maturity),45,4. Boa / Good,30,17,12,32,19,16,36,16,16,30,31,19,16,33,16,14,33,17,14,31,8c37fd8f-53a2-4ff9-a5d5-bb804d92833b,882922f1-1ea5-4a1e-9005-2170ce397a4d,,160.903558460421
f8edde47-887d-46e2-a156-f97471f1fa55,1,2026-05-12 16:07:04 UTC,,,Celso Roseghini,SRID=4326;POINT(-57.99331479432436 -12.20481549456652),-12.2048154946,-57.9933147943,1,"Mato Grosso,Brasnorte",Sequeiro,R6 (maturação fisiológica / physiological maturity),50,4. Boa / Good,30,17,16,34,16,18,30,16,18,27,27,12,16,23,15,16,31,14,16,25,2cf9dd12-1712-4fcc-be1f-2a26fc1c7dd7,fda6802e-3b9d-4ac1-aaef-097f4a1230c8,d3441b7d-1556-4baa-93b2-c068a1488b0b,134.055555555556
9c658559-02e7-476f-92a3-e4c1e4e9f31e,1,2026-05-12 15:20:34 UTC,,,Celso Roseghini,SRID=4326;POINT(-58.05200057075028 -12.689626820691627),-12.6896268207,-58.0520005708,1,"Mato Grosso,Campo Novo do Parecis",Sequeiro,R5 (formação de dentes / dent),50,4. Boa / Good,22,17,20,35,19,16,37,19,16,39,28,15,18,32,17,18,37,16,16,35,b7ece474-1863-4895-91c0-bb81c1b63627,2a4d1433-0b22-4fb7-adb1-782cf3d59b61,56406c4a-231a-4151-b06d-406d866df9a3,154.668845315904
a729c81d-2412-4377-9670-5ce1c574949e,1,2026-05-12 15:04:03 UTC,,,Celso Roseghini,SRID=4326;POINT(-58.09094823521164 -12.81808959044331),-12.8180895904,-58.0909482352,1,"Mato Grosso,Campo Novo do Parecis",Sequeiro,R6 (maturação fisiológica / physiological maturity),50,4. Boa / Good,32,17,18,38,17,18,39,16,18,41,32,16,16,36,15,16,36,14,18,34,6188f333-6ab0-4da4-abb4-73619593b35c,be72c339-5ace-477e-aace-95b5143b71b8,70b7ae2d-8025-4ddd-ae44-f56158b3c042,206.263494553377
7b1d8358-fd4c-4aad-a3c3-d394a6481945,1,2026-05-12 14:42:08 UTC,,,Celso Roseghini,SRID=4326;POINT(-58.122269631114385 -12.929140933947943),-12.9291409339,-58.1222696311,1,"Mato Grosso,Campo Novo do Parecis",Sequeiro,R6 (maturação fisiológica / physiological maturity),45,4. Boa / Good,34,18,18,35,9,18,17,16,16,32,31,12,18,22,17,16,35,14,16,16,67d17465-dbf7-4927-a666-fdf9d8033c6d,e13aec40-fb12-4d26-bf0c-5dcf75a71abd,8f018cd9-b5a9-4700-84fb-4120698674a5,160.004320987654
0bf6cb91-7f00-4293-b83f-3bfbc2bc19fb,1,2026-05-12 12:48:11 UTC,,,Celso Roseghini,SRID=4326;POINT(-58.12429207414752 -13.085767160177161),-13.0857671602,-58.1242920741,1,"Mato Grosso,Campo Novo do Parecis",Sequeiro,R6 (maturação fisiológica / physiological maturity),45,4. Boa / Good,31,16,18,31,13,18,32,14,18,29,33,14,18,25,13,18,29,13,18,22,bd99a798-f4e0-45ad-9f56-6b1f0ab865b2,ff539a79-9e44-480a-b2fd-12275b6fb033,,178.497254901961
87089606-e1a7-4ab4-b46d-dfdfb67b234b,1,2026-05-12 12:30:08 UTC,,,Celso Roseghini,SRID=4326;POINT(-58.093881626298746 -13.150545471787337),-13.1505454718,-58.0938816263,1,"Mato Grosso,Campo Novo do Parecis",Sequeiro,R6 (maturação fisiológica / physiological maturity),45,4. Boa / Good,28,15,18,35,19,20,37,18,16,38,25,12,18,24,16,20,36,13,18,28,"d9f470b3-67e7-46e2-a5b7-79e6f9c1b841,a3f64ab1-4d7c-491b-8dd4-08906bf3040d",ee8c8126-759a-485c-a4b0-ae80f122c244,,177.440305010893
daf2fa14-9b83-4cd6-8623-53e8c4982ec1,1,2026-05-12 12:25:33 UTC,,,Celso Roseghini,SRID=4326;POINT(-57.92808014904887 -13.542163646792567),-13.5421636468,-57.928080149,1,"Mato Grosso,Campo Novo do Parecis",Sequeiro,R6 (maturação fisiológica / physiological maturity),45,5. Excelente / Excellent,30,14,16,30,19,14,37,14,20,30,29,16,14,35,16,15,32,17,16,33,6df794d2-8a83-4157-bacc-291c139dbcb7,97dd5493-9716-4951-9f3e-4ddcdbadbfa9,abba1013-d065-4e6b-913f-9255a487ead5,169.730688695231
cdd748df-3717-4df2-850f-26628074eeb1,1,2026-05-12 12:11:39 UTC,,,Celso Roseghini,SRID=4326;POINT(-58.045829570424566 -13.270448054235803),-13.2704480542,-58.0458295704,1,"Mato Grosso,Campo Novo do Parecis",Sequeiro,R6 (maturação fisiológica / physiological maturity),45,4. Boa / Good,23,19,14,36,22,16,37,20,16,35,24,19,14,37,19,14,38,19,14,36,32f02c40-7a51-456c-a408-264852cc6b36,a96a9897-6439-415c-94ab-69058e4d7681,e2d13f40-7517-4aad-8a0b-25529e03588a,139.233318809005
9440bebd-6541-4b36-b147-7c003aace3e8,1,2026-05-12 11:55:48 UTC,,,Celso Roseghini,SRID=4326;POINT(-58.000092599594964 -13.399587222387455),-13.3995872224,-58.0000925996,1,"Mato Grosso,Campo Novo do Parecis",Sequeiro,R6 (maturação fisiológica / physiological maturity),50,5. Excelente / Excellent,28,20,18,32,20,18,41,21,16,46,30,19,16,39,16,16,33,12,16,27,a1d23594-486f-4358-8137-2305ba017313,981a1963-2c08-4e12-86fa-815c37294e91,5b9257e7-2612-41f4-a093-1d8560d20e1c,174.922440087146
e46a96aa-a336-4602-801a-4194362fba41,1,2026-05-11 22:21:55 UTC,,,Celso Roseghini,SRID=4326;POINT(-57.972305081055126 -13.885721506876129),-13.8857215069,-57.9723050811,1,"Mato Grosso,Campo Novo do Parecis",Sequeiro,R5 (formação de dentes / dent),50,4. Boa / Good,31,16,20,33,17,18,35,16,16,36,31,16,16,38,16,16,33,16,18,35,0b422731-3949-4b03-9420-74209175374b,45cea699-8bfe-4ee0-a09b-8d2a9e364c9d,,187.329150326797
1f6d964d-b77c-40a6-907a-c627d33a5d25,1,2026-05-11 22:02:17 UTC,,,Celso Roseghini,SRID=4326;POINT(-57.895459715950985 -13.755432567841643),-13.7554325678,-57.895459716,1,"Rondonia,Parecis",Sequeiro,R4 (grão pastoso / dough),45,4. Boa / Good,29,21,18,40,22,16,40,16,16,33,33,14,18,34,13,18,33,13,12,30,4050b510-6e87-4854-8182-254251f01049,61d84bc7-6403-49e2-974c-54853f833f70,,196.135221496006
b0e84f20-30e0-4504-a0dd-f5e2fdc4923d,1,2026-05-11 21:16:10 UTC,,,Celso Roseghini,SRID=4326;POINT(-57.473012795725346 -13.77380952705925),-13.7738095271,-57.4730127957,1,"Mato Grosso,Campo Novo do Parecis",Sequeiro,R4 (grão pastoso / dough),50,4. Boa / Good,25,12,18,32,12,16,28,10,16,27,26,13,18,32,15,18,37,15,16,35,5afed2e5-74ba-47fa-ac6a-a6eedc1e0f9e,1e0e2ec0-868f-42de-8eb8-08e57d9a8bdd,,137.456333333333
3002c160-5db0-4dc2-8272-0734593ae54b,1,2026-05-11 20:56:42 UTC,,,Celso Roseghini,SRID=4326;POINT(-57.359821412774984 -13.851207232191582),-13.8512072322,-57.3598214128,1,"Mato Grosso,Campo Novo do Parecis",Sequeiro,R5 (formação de dentes / dent),50,5. Excelente / Excellent,29,16,16,33,14,16,29,14,16,31,29,14,16,31,15,16,34,16,14,36,5810b22b-c824-4612-9d8c-83737405fb44,eebb2ef5-8806-47ab-b371-67c8f99dad51,,146.32502832244
f41d4982-f96f-4306-b586-aba635988887,1,2026-05-11 20:35:17 UTC,,,Celso Roseghini,SRID=4326;POINT(-57.481604173658944 -14.03452587149017),-14.0345258715,-57.4816041737,1,"Mato Grosso,Campo Novo do Parecis",Sequeiro,R6 (maturação fisiológica / physiological maturity),45,3. Média / Fair,35,12,18,26,15,16,31,13,16,26,30,14,18,28,14,14,26,13,22,14,a9c810c0-d071-4dd8-8649-b0fbbacac29b,37a6f66e-3125-4afa-9ef2-10f8dd7c8e65,,156.906947470346
08da7595-663b-4bf5-aec2-7d97b447096f,1,2026-05-11 19:55:04 UTC,,,Celso Roseghini,SRID=4326;POINT(-57.14627411789856 -13.899501425152712),-13.8995014252,-57.1462741179,1,"Mato Grosso,Sao Jose do Rio Claro",Sequeiro,R6 (maturação fisiológica / physiological maturity),45,4. Boa / Good,25,18,16,39,16,16,37,15,16,32,26,13,14,30,14,14,34,14,18,30,28aa60e7-2a9b-41c2-8188-e3239343d812,70d00394-12ef-429f-9272-8b0a374c3478,,148.856543209877
602fb9a0-ac57-472b-8f6f-d97c27fe2380,1,2026-05-11 18:50:36 UTC,,,Celso Roseghini,SRID=4326;POINT(-56.988479614257834 -13.828872680664064),-13.8288726807,-56.9884796143,1,"Mato Grosso,Sao Jose do Rio Claro",Sequeiro,R5 (formação de dentes / dent),90,4. Boa / Good,58,13,14,26,13,14,31,15,16,30,59,17,14,37,14,14,30,16,14,33,86ae29c3-5e3f-4cd2-a077-01b5720a926c,143c4fae-e10a-47b8-92b6-8f5fcc1f201d,27bbcdb2-3fd5-4b00-bc98-094bacbface7,144.61537037037
9738115d-882d-4d14-b488-52901dbba182,1,2026-05-11 18:50:36 UTC,,,Celso Roseghini,SRID=4326;POINT(-56.89071331603946 -13.615896147874405),-13.6158961479,-56.890713316,1,"Mato Grosso,Sao Jose do Rio Claro",Sequeiro,R5 (formação de dentes / dent),50,3. Média / Fair,29,15,16,35,15,16,33,13,16,30,33,13,18,34,13,16,29,12,16,26,7a8e2014-0d53-4059-a6f3-75533af35e8b,47f87871-da12-4574-9c23-a59f4b6ccdd5,0858050b-62ad-4a59-9993-f76596c2d579,157.18837037037
f04a90e2-95c3-485f-9200-933423d1b00b,1,2026-05-11 16:15:35 UTC,,,Celso Roseghini,,,,1,"Mato Grosso,Diamantino",Sequeiro,R5 (formação de dentes / dent),50,4. Boa / Good,34,12,16,26,12,18,29,11,14,24,34,11,16,22,12,16,25,10,16,17,cf72e127-677f-4af7-a4d6-e350151f07a9,e7babbf2-d853-4165-bef9-b08763f1e76e,68bfc678-2fce-4957-9be9-2aab445e8ee3,129.144888888889
bfab4fba-4858-49e5-a9f7-9327ac526fbd,1,2026-05-11 16:15:34 UTC,,,Celso Roseghini,,,,1,"Mato Grosso,Diamantino",Sequeiro,R5 (formação de dentes / dent),50,4. Boa / Good,35,14,16,28,19,14,36,17,16,35,36,18,16,36,15,16,27,18,14,35,4fd1666c-461b-4abb-b7a7-9c1b73a35b0d,0f4a5c8a-b553-4bd7-85c3-98462933ad66,d39c431a-67ec-4b9c-ad40-a57c6c32602c,178.021904139434
c7c2f927-1fff-401a-ba02-bb0e2fe62f4a,5,2026-05-08 23:59:27 UTC,,,João Lopes,SRID=4326;POINT(-52.1401724 -10.5419953),-10.5419953,-52.1401724,5,"Mato Grosso,Sao Jose do Xingu",Sequeiro,R6 (maturação fisiológica / physiological maturity),45,3. Média / Fair,32,16,14,31,16,14,33,16,16,31,30,14,12,26,14,14,31,13,12,26,339aab82-3969-4db6-9833-f30f29a15a4a,88f70a5d-bbee-474e-8b25-24f4d78c3355,2afc4331-f7e5-443b-bfb9-6afb35124c59,139.10542725732267
8ad8a60d-0b92-4015-8b7e-7614fb1d8b54,5,2026-05-08 23:58:19 UTC,,,João Lopes,SRID=4326;POINT(-52.27671 -10.5983733),-10.5983733,-52.27671,5,"Mato Grosso,Sao Jose do Xingu",Sequeiro,R6 (maturação fisiológica / physiological maturity),90,4. Boa / Good,48,18,18,39,16,18,33,16,18,29,49,17,18,36,14,20,30,15,18,30,a6a4e137-bd21-406b-85bb-54d5dece4ff7,c3273414-b987-4571-900f-f2a1f28e11a1,d0152f45-37c7-460f-b8db-aefc63983a78,161.55454490438152
a164ec4c-f16e-497f-95b8-7330b8bb62b2,5,2026-05-08 23:58:19 UTC,,,João Lopes,SRID=4326;POINT(-52.3883567 -10.59821),-10.59821,-52.3883567,5,"Mato Grosso,Sao Jose do Xingu",Sequeiro,R6 (maturação fisiológica / physiological maturity),90,4. Boa / Good,51,16,16,28,16,16,31,14,18,27,60,14,16,26,15,16,30,16,16,33,c89fd71e-4113-47ba-9c80-43b710ced832,2cbba2c7-5289-47d7-8cd9-18d73b73d8aa,d88e978c-1617-4eaa-a9e3-ecf452494dd8,146.3105482933914
270b3349-51bc-41ca-9995-36e1f5105cec,5,2026-05-08 23:58:18 UTC,,,João Lopes,SRID=4326;POINT(-52.3810717 -10.1654667),-10.1654667,-52.3810717,5,"Mato Grosso,Santa Cruz do Xingu",Sequeiro,R5 (formação de dentes / dent),45,3. Média / Fair,21,13,18,25,16,16,32,13,14,25,22,12,14,19,13,14,27,10,18,20,8fda2ccd-d9cd-4e97-9084-f694b645e3da,18c05dda-a476-4b11-8028-babc0aaa3482,273c36f6-9ac4-46a5-b61a-d58c017a60cd,91.95525538610507
c1f3993a-ae11-445c-82a8-7b653dc5968a,5,2026-05-08 23:58:18 UTC,,,João Lopes,SRID=4326;POINT(-52.4444824 -10.2644967),-10.2644967,-52.4444824,5,"Mato Grosso,Santa Cruz do Xingu",Sequeiro,R6 (maturação fisiológica / physiological maturity),45,4. Boa / Good,28,15,16,33,14,20,28,14,16,33,29,15,16,33,15,18,31,12,18,25,ace79f7d-db0b-4598-b7a2-c811837b1e34,9520356c-f6ab-4c5e-abfe-f5a56c47a1d2,78ddbb5c-0e95-4e0a-ae04-c61bbec3627b,166.75459694989104
30a45bff-457f-4950-bb76-7c881646b698,5,2026-05-08 23:58:17 UTC,,,João Lopes,SRID=4326;POINT(-52.5136567 -10.32641),-10.32641,-52.5136567,5,"Mato Grosso,Santa Cruz do Xingu",Sequeiro,R3 (grão leitoso / milk),50,4. Boa / Good,28,14,14,35,15,16,34,15,16,33,31,15,16,34,12,14,28,12,18,27,f53f9fdd-3f46-4115-8efa-296eadf3dadb,3b37aeb4-8ff5-4d26-a233-7bbfbd5fc376,17e465b9-91ea-4366-a1b3-ef14604078d2,146.54610239651413
b8942352-69e6-4ed6-9f09-79fcddb8d123,5,2026-05-08 23:58:16 UTC,,,João Lopes,SRID=4326;POINT(-52.528735 -10.4985283),-10.4985283,-52.528735,5,"Mato Grosso,Santa Cruz do Xingu",Sequeiro,R2 (bolha d'agua / blister),50,4. Boa / Good,29,10,16,23,16,14,33,13,16,30,31,17,14,34,14,14,30,15,18,32,45e7a77d-10ee-4a46-b2c4-5d3d4c237895,21537a6e-e488-4564-8a3b-67504fd8d493,bdec1eb9-7204-43fc-9c7f-06e295147e1f,138.98614379084967
6dd239c8-4c74-4f49-9147-c407d4f288fd,5,2026-05-08 23:58:14 UTC,,,João Lopes,SRID=4326;POINT(-52.5137756 -10.6287354),-10.6287354,-52.5137756,5,"Mato Grosso,Santa Cruz do Xingu",Sequeiro,R3 (grão leitoso / milk),90,4. Boa / Good,41,15,18,31,13,14,30,13,20,30,46,18,16,39,15,18,32,9,18,19,b63c28c8-9c87-455b-b9ed-39e1a2c19ae2,fefc475a-c5c8-4c81-b342-476bad6d4bde,6f27109b-2c30-48c4-8d36-3b8494002b34,125.86926652142338
915487fb-1715-4f1f-b674-157f10c31e24,5,2026-05-08 23:58:13 UTC,,,João Lopes,SRID=4326;POINT(-52.4539383 -10.77944),-10.77944,-52.4539383,5,"Mato Grosso,Sao Jose do Xingu",Sequeiro,R6 (maturação fisiológica / physiological maturity),45,3. Média / Fair,25,14,16,28,15,18,30,17,14,33,27,15,18,31,13,16,23,16,16,30,acc6f7fe-b54e-4842-8771-8cb49c232c0c,8be3a5d1-ce59-4735-9601-f014ba39a833,b40dc97d-b92f-4c8c-a058-9924f15f6af4,137.08375695957395
676b0151-5f27-4fc5-8323-68aa3cc06526,5,2026-05-08 23:58:13 UTC,,,João Lopes,SRID=4326;POINT(-52.4101617 -11.0954083),-11.0954083,-52.4101617,5,"Mato Grosso,Sao Jose do Xingu",Sequeiro,R5 (formação de dentes / dent),50,4. Boa / Good,29,15,14,31,18,14,37,12,14,26,31,16,16,33,16,14,33,17,14,35,9835a0b8-c548-43de-a832-1a8f205dcd5f,ddd0967e-dd72-4626-a678-e46ac0d4d756,1953bfed-8458-4fe1-8455-780b56dafa4c,139.2019607843137
c4c52f2b-8bec-4a5b-b0b9-43227259b154,5,2026-05-08 23:58:12 UTC,,,João Lopes,SRID=4326;POINT(-52.3382183 -11.2657967),-11.2657967,-52.3382183,5,"Mato Grosso,Sao Jose do Xingu",Sequeiro,R6 (maturação fisiológica / physiological maturity),45,5. Excelente / Excellent,24,19,18,40,19,20,37,14,18,28,23,17,22,37,20,18,42,18,18,41,74259c6d-b4b2-4e24-9eb7-bd1e7dc6ae02,53a80d6c-e8c5-4df4-abc3-d9d37023b655,cceebc86-5543-4253-89d6-971ea531bfa5,185.31209150326796
d8ac9fc0-e754-46b2-954f-1f4bb2abafb8,5,2026-05-08 23:58:06 UTC,,,João Lopes,SRID=4326;POINT(-52.2481217 -11.3670117),-11.3670117,-52.2481217,5,"Mato Grosso,Sao Jose do Xingu",Sequeiro,R3 (grão leitoso / milk),45,4. Boa / Good,25,17,14,36,18,14,38,19,16,35,21,15,16,31,16,16,38,17,18,34,732f2f44-dac0-49e1-b977-b355af3eaf78,4561cb56-d4d3-41e6-b545-22e4961acfaf,a9d7afd2-5e46-4b8d-a3c3-7ad539bc94e8,140.90943597191963
817cdc1a-e296-4768-b549-ea1aa143f39c,5,2026-05-08 23:58:06 UTC,,,João Lopes,SRID=4326;POINT(-52.1599933 -11.4652167),-11.4652167,-52.1599933,5,"Mato Grosso,Sao Jose do Xingu",Sequeiro,R4 (grão pastoso / dough),45,4. Boa / Good,28,15.5,12,30,16,14,32,16,29,12,29,15.5,12,33,14,12,30,13,12,29,a56fafb9-891e-4e50-82c2-037f7409f580,f09f231e-35ef-41d6-aa7a-579465755296,ef11ba43-8f89-4be0-bb41-9026628439b9,132.35576615831516
475bc1cf-9d05-4f2c-a6b1-619eee6211a8,5,2026-05-08 23:58:05 UTC,,,João Lopes,SRID=4326;POINT(-52.0622283 -11.6087217),-11.6087217,-52.0622283,5,"Mato Grosso,Sao Jose do Xingu",Sequeiro,R3 (grão leitoso / milk),45,4. Boa / Good,23,14,18,30,14.5,16,30,14,18,30,24,12,20,29,10,18,20,15,16,37,7ae88f25-11a6-4e1a-b63a-4738110f6866,b1e8f6a3-1176-48d9-b679-c0e314f255af,fad866c5-eb70-409c-8095-5b3bbbf18d9d,134.78293875574923
654ec648-ace0-4a1a-9e25-2b15b4fdf6a6,5,2026-05-08 23:58:05 UTC,,,João Lopes,SRID=4326;POINT(-51.9980773 -11.7056473),-11.7056473,-51.9980773,5,"Mato Grosso,Sao Jose do Xingu",Sequeiro,R2 (bolha d'agua / blister),45,4. Boa / Good,21,14,12,29,15,16,26,14,14,28,22,10,16,24,15,16,32,10,16,22,ef5d6801-2917-48b0-b6d2-5ba1706fcb7c,e4a70d87-9565-4f06-ae77-c078de2cd5ad,6b20afc6-5f0d-4c92-ab8b-030b1ac62446,95.77570806100218
7c981160-7f06-4236-9257-bdf70fb0e761,5,2026-05-08 23:58:04 UTC,,,João Lopes,SRID=4326;POINT(-51.8855233 -11.878925),-11.878925,-51.8855233,5,"Mato Grosso,Sao Jose do Xingu",Sequeiro,R3 (grão leitoso / milk),45,4. Boa / Good,21,16,14,37,16,14,34,15,18,34,22,16,16,36,15,16,34,15.5,16,36,32605096-4503-4590-890e-ddf02e85a403,b6d98c11-0679-40fe-bb0f-fbaa75caef2c,b2a5bae8-594d-423c-9faf-082c2507f610,131.09837085451463
dbd9cf9b-9312-4359-a217-1fe3e216870f,5,2026-05-08 23:58:04 UTC,,,João Lopes,SRID=4326;POINT(-51.7855967 -12.033595),-12.033595,-51.7855967,5,"Mato Grosso,Sao Jose do Xingu",Sequeiro,R3 (grão leitoso / milk),45,4. Boa / Good,23,14,16,30,17,16,35,16,18,34,21,16.5,16,36,15,12,36,15,16,32,64b26eac-4736-45ae-894e-1618ac0aed3a,b906cdc1-2505-4185-bd4a-4f449f9aaf8c,060f416c-b09f-4daa-934f-a52519044fa5,129.0610215444202
858fcbed-35ae-40e7-9d46-7612135d6b30,5,2026-05-08 23:58:03 UTC,,,João Lopes,SRID=4326;POINT(-51.7282667 -12.316085),-12.316085,-51.7282667,5,"Mato Grosso,Querencia",Sequeiro,R5 (formação de dentes / dent),45,4. Boa / Good,24,8,14,18,12,14,33,12,16,27,24,15,14,34,14,14,31,14,16,35,1d6310f9-1f10-46b4-b979-dbf1d535271a,5896a693-ac40-4a81-b8c6-ba5c36d38cc3,932e008a-4308-4935-b2d0-7361857ac0f7,115.57461147421932
f0482c64-6f96-402b-ad0d-793237395834,5,2026-05-08 23:58:02 UTC,,,João Lopes,SRID=4326;POINT(-51.7832417 -12.6588083),-12.6588083,-51.7832417,5,"Mato Grosso,Querencia",Sequeiro,R4 (grão pastoso / dough),50,4. Boa / Good,32,9,14,24,16.5,14,28,17,16,36,29,14,16,26,18,18,32,16,16,34,66fc2db0-2f7f-4d72-9007-3f2d76062f7c,8cdd8ccc-207d-48a6-9c57-4cf4cc75c7cf,16319193-d9a5-458e-b688-a6a8d9ef7e5b,142.78784313725492
79aa86b0-297d-4cfb-a5be-d714a7acb1ee,4,2026-05-08 00:21:17 UTC,,,Jhonatan Negreiros,SRID=4326;POINT(-55.79832802455523 -13.089161352550345),-13.0891613526,-55.7983280246,4,"Mato Grosso,Sorriso",Sequeiro,R5 (formação de dentes / dent),45,5. Excelente / Excellent,35,16,14,30,14,16,28,14,16,28,28,10,16,18,12,16,23,13,16,25,9c1e4cfb-dc4a-4466-b0a3-f8411ea7f6bb,41a7ea61-54f7-4c32-baca-4ac562211327,ecea73bc-6481-45c6-a1ae-b70513ebc3f4,138.366361655773
4560be79-1974-4357-9359-fb358bf8cccd,4,2026-05-08 00:21:09 UTC,,,Jhonatan Negreiros,SRID=4326;POINT(-55.720746016969834 -13.19638499735114),-13.1963849974,-55.720746017,4,"Mato Grosso,Sorriso",Sequeiro,R6 (maturação fisiológica / physiological maturity),48,4. Boa / Good,25,12,16,28,17,16,33,18,18,38,30,17,14,37,13,16,28,15,18,32,f85ca3d5-ae87-4fb4-8c52-3da64eaf78b2,2fd203d4-83e2-45d7-a556-14994657f1ce,a6492535-af91-4fb3-a13f-039707f2ec45,152.242057007988
ff0bdf81-8ced-401a-a9cb-f26cc9c2f4c9,4,2026-05-08 00:20:54 UTC,,,Jhonatan Negreiros,SRID=4326;POINT(-55.64975952154462 -13.329341270393241),-13.3293412704,-55.6497595215,4,"Mato Grosso,Sorriso",Sequeiro,R5 (formação de dentes / dent),45,4. Boa / Good,27,15,18,35,13,18,31,17,17,33,27,15,20,30,12,20,26,13,20,29,bdda0ae9-8161-49d6-aab1-ecab8245079c,d45655a1-0a4f-4059-a2fa-6bec9a7b7b5d,326065e2-62a4-4c58-8842-128d97c0dc84,172.587189542484
d7f46845-7e88-4238-b8a2-2e50621d939f,4,2026-05-08 00:20:40 UTC,,,Jhonatan Negreiros,SRID=4326;POINT(-55.577051329291734 -13.451056216495545),-13.4510562165,-55.5770513293,4,"Mato Grosso,Santa Rita do Trivelato",Sequeiro,R6 (maturação fisiológica / physiological maturity),48,4. Boa / Good,26,16,18,33,12,18,24,14,14,29,30,12,18,26,18,13,37,15,16,30,44f1a52d-af42-4b10-9858-698d13ca54d8,4a057d69-6b77-4f7c-843a-430144999b97,03cd03a9-20df-429c-965b-85148d12aa3c,140.120797022513
ab3025b3-8330-42d9-b0af-f4395f8e25e0,4,2026-05-07 23:04:11 UTC,,,Jhonatan Negreiros,SRID=4326;POINT(-55.3819985171926 -13.733379421125166),-13.7333794211,-55.3819985172,4,"Mato Grosso,Santa Rita do Trivelato",Sequeiro,R6 (maturação fisiológica / physiological maturity),50,4. Boa / Good,25,11,14,23,10,16,19,12,14,26,26,13,14,28,12,16,25,9,14,21,f0560366-1296-4281-bb7d-fcf572ba0e94,c63af9ea-033a-4098-a9ca-96550450ce32,79a0fc75-24ee-4d07-b142-686a760da549,88.1662222222222
4c78ad3c-b736-4b0d-be30-2aa20eb8d4b8,4,2026-05-07 23:04:11 UTC,,,Jhonatan Negreiros,SRID=4326;POINT(-55.459307072175925 -13.584167214384244),-13.5841672144,-55.4593070722,4,"Mato Grosso,Santa Rita do Trivelato",Sequeiro,R6 (maturação fisiológica / physiological maturity),50,4. Boa / Good,32,16,16,33,13,18,34,14,16,28,31,17,16,33,15,16,31,16,14,32,dec5cf02-c8f8-49ff-a45d-fce1324f5bd9,a622638b-36aa-47ee-837a-18ca5ce713a6,252e0683-84d3-456f-8a66-c0d2983b0be4,159.810823529412
ef28cdca-2f9e-4bd6-b971-f7b65f96df81,4,2026-05-07 23:04:07 UTC,,,Jhonatan Negreiros,SRID=4326;POINT(-56.1925571172374 -13.041974051534062),-13.0419740515,-56.1925571172,4,"Mato Grosso,Lucas do Rio Verde",Sequeiro,R6 (maturação fisiológica / physiological maturity),48,5. Excelente / Excellent,27,17,18,35,17,18,34,20,16,39,30,14,22,28,17,15,33,18,20,40,262e97ae-dbc9-4cb3-85f1-d319bc8b8d48,66ac0c14-a12a-4c19-82c6-9008ddabc221,c0c749c3-9d0f-43a4-b0d5-b42049cecdaf,187.127427151416
4d5b3d93-dc03-48bf-8614-df1fc643f454,4,2026-05-07 23:04:07 UTC,,,Jhonatan Negreiros,SRID=4326;POINT(-56.357051465129665 -12.922287829167608),-12.9222878292,-56.3570514651,4,"Mato Grosso,Tapurah",Sequeiro,R5 (formação de dentes / dent),45,5. Excelente / Excellent,31,17,16,35,12,18,27,12,20,27,27,15,18,26,15,18,32,16,16,33,8beb880b-ed97-4993-85e6-48b41febd9d0,66aaa751-81bd-4293-9004-f76637e2b729,2c01e6f8-9c11-4311-b31d-6365333f47af,170.108061002179
1137f9da-24e6-409a-99be-b4dcbe739b9c,4,2026-05-07 23:04:06 UTC,,,Jhonatan Negreiros,SRID=4326;POINT(-56.460170232018335 -12.82771585837657),-12.8277158584,-56.460170232,4,"Mato Grosso,Tapurah",Sequeiro,R6 (maturação fisiológica / physiological maturity),45,5. Excelente / Excellent,24,18,16,34,21,14,39,20,16,37,27,20,14,36,17,14,33,21,14,40,06c95abf-e376-45b2-99ed-245a9bbf3f6e,845b1136-c9e0-41b3-a099-5073e29429a4,b92f3973-a864-49c6-9bae-e5379f364227,151.082962962963
f2859d75-f56b-49fb-a9af-0dceb8d8f9cd,4,2026-05-07 23:04:06 UTC,,,Jhonatan Negreiros,SRID=4326;POINT(-56.45277282475269 -12.249938183822056),-12.2499381838,-56.4527728248,4,"Mato Grosso,Itanhanga",Sequeiro,R6 (maturação fisiológica / physiological maturity),45,5. Excelente / Excellent,26,19,16,38,18,18,36,15,16,32,29,15,18,33,18,28,33,18,18,37,041d3eb1-f76e-4ecd-a288-128b315fb395,1a37a3d4-21c3-4445-b3cb-5883f534e5ea,17bcc5d2-3c53-415f-9ec9-8d5ab4be7f36,201.433805374001
b72bf168-8bb0-4a81-a799-ce81732ea93a,4,2026-05-07 23:04:05 UTC,,,Jhonatan Negreiros,SRID=4326;POINT(-56.600978712277985 -12.23229950136539),-12.2322995014,-56.6009787123,4,"Mato Grosso,Itanhanga",Sequeiro,R5 (formação de dentes / dent),50,5. Excelente / Excellent,29,18,16,36,15,16,29,15,14,33,33,13,16,27,13,16,30,11,14,18,a44421b7-ad65-48ef-a7c4-65acef25dbb7,dd576455-bf55-4d30-8676-18337617ff24,f23762dc-1047-4236-a8e6-88b7386d5669,136.516976034858
2212dd88-8c8b-491f-98f8-b18e851df6c9,4,2026-05-07 23:04:05 UTC,,,Jhonatan Negreiros,SRID=4326;POINT(-56.68515141142475 -12.351900232218986),-12.3519002322,-56.6851514114,4,"Mato Grosso,Itanhanga",Sequeiro,R6 (maturação fisiológica / physiological maturity),45,5. Excelente / Excellent,25,18,18,39,18,22,38,18,18,37,24,17,20,34,14,11,29,17,18,34,b4b3386e-7e5f-44e7-a5f4-ff2848d1028d,6dddfed3-b196-4205-a769-b627a1a12c33,d172bbcb-71b2-46ee-842c-29e854f2fb85,170.051647300896
06070537-91f4-4d20-8c3c-e9fbc13a031b,4,2026-05-07 23:04:04 UTC,,,Jhonatan Negreiros,SRID=4326;POINT(-56.65755568221138 -12.530297293069365),-12.5302972931,-56.6575556822,4,"Mato Grosso,Tapurah",Sequeiro,R6 (maturação fisiológica / physiological maturity),50,4. Boa / Good,32,17,16,34,17,16,37,19,16,37,33,18,14,40,12,14,25,12,14,24,ccef7bb2-e363-4a5f-8d46-9cc1a3363a9c,f2ee0c1d-8d5d-4c2a-849f-27c156ea25a9,f287b105-3d5c-4af8-a805-0b68ab5d8a1d,159.434803921569
3118a49c-98f6-4df7-9c2d-1aa5378bdf8d,4,2026-05-07 23:04:03 UTC,,,Jhonatan Negreiros,SRID=4326;POINT(-56.558477627978334 -12.679257625182382),-12.6792576252,-56.558477628,4,"Mato Grosso,Tapurah",Sequeiro,R5 (formação de dentes / dent),50,3. Média / Fair,27,13,16,27,11,16,24,16,18,29,27,16,18,34,18,16,34,12,16,21,f91b9fb3-a544-4c6e-984c-92e41b184efe,2d2a6aea-bac7-4d64-97c1-a25e24e57295,d738e188-1922-409d-8b2b-3e6a83c9d596,126.252941176471
c8b2b45b-afba-4398-80f4-0d92ea6ae029,4,2026-05-07 23:04:03 UTC,,,Jhonatan Negreiros,SRID=4326;POINT(-55.97897711012471 -12.962299009325552),-12.9622990093,-55.9789771101,4,"Mato Grosso,Lucas do Rio Verde",Sequeiro,R6 (maturação fisiológica / physiological maturity),50,4. Boa / Good,34,19,16,34,17,14,35,20,14,38,30,19,16,32,21,14,48,16,16,29,0eb95ec2-c750-49c3-af10-f8f6a0bb68cd,918eceea-5694-4a71-87f0-621d0e1fa3e1,2d533802-291d-4905-a115-c441c024315b,172.122352941176
2f473353-4f04-44c8-bcf9-15c67939ebc9,4,2026-05-07 23:04:03 UTC,,,Jhonatan Negreiros,SRID=4326;POINT(-56.02453278016037 -12.853880269887087),-12.8538802699,-56.0245327802,4,"Mato Grosso,Lucas do Rio Verde",Sequeiro,R5 (formação de dentes / dent),50,4. Boa / Good,31,16,14,30,16,16,30,16,18,30,33,14,16,29,16,16,30,16,16,30,b3689eda-2c77-4879-968d-940a762dda08,a53458ed-6cde-4e71-9c9d-c114eff2504b,c218fe26-a99b-4371-9487-32f2bff60d43,152.147660130719
3a8e54fb-456c-43e0-a2c1-144208de30da,4,2026-05-07 23:04:02 UTC,,,Jhonatan Negreiros,SRID=4326;POINT(-56.08908242097828 -12.721777206025939),-12.721777206,-56.089082421,4,"Mato Grosso,Lucas do Rio Verde",Sequeiro,R6 (maturação fisiológica / physiological maturity),50,3. Média / Fair,38,13,18,24,15,16,35,13,16,25,38,17,16,32,14,16,29,10,14,20,3ea5cf48-2d28-469f-8009-7c58186984fa,dcf3e591-6463-42d9-b7ba-c343f93583f4,155a0ca4-44bc-4e4b-a5c9-ffddc50e47b6,166.54431372549
a9e55464-f914-4928-8f48-4a712ad109f9,4,2026-05-07 23:04:02 UTC,,,Jhonatan Negreiros,SRID=4326;POINT(-56.171579927660716 -12.60434613229211),-12.6043461323,-56.1715799277,4,"Mato Grosso,Lucas do Rio Verde",Sequeiro,R5 (formação de dentes / dent),50,5. Excelente / Excellent,27,19,16,41,19,16,41,17,14,38,29,17,14,39,18,14,42,15,16,36,37d01d00-69ed-4931-93f3-5201e0e79fd2,0f615b4c-487d-4f2f-9573-f134b9f0eff5,cb98677d-ab58-43eb-8d62-6d4d425550db,165.249411764706
cc7cfcb3-3ca9-41ce-bbd5-5e8b5311ae93,4,2026-05-07 23:04:00 UTC,,,Jhonatan Negreiros,SRID=4326;POINT(-56.23863410133752 -12.394209502573082),-12.3942095026,-56.2386341013,4,"Mato Grosso,Lucas do Rio Verde",Sequeiro,R6 (maturação fisiológica / physiological maturity),50,4. Boa / Good,26,17,18,30,15,14,22,18,16,33,29,18,14,31,17,18,32,16,18,29,f2dbd0f0-bcd2-4eac-a8eb-7c80a601b97d,3d9bb577-070b-45be-a9b0-8eb195d9d498,c7335c37-b286-4269-a95d-3f166f2d8d53,131.98454248366
33461bc4-e8b1-40d7-b3ff-cccad5f08a75,4,2026-05-07 23:03:59 UTC,,,Jhonatan Negreiros,SRID=4326;POINT(-56.25008151922799 -12.24964273820186),-12.2496427382,-56.2500815192,4,"Mato Grosso,Ipiranga do Norte",Sequeiro,R6 (maturação fisiológica / physiological maturity),50,4. Boa / Good,35,15,12,29,16,16,27,20,12,37,34,19,14,34,20,14,37,16,13,28,c0eb9278-1d8c-4cb2-8c9b-9d15d626a4a1,984018bb-6566-4b61-baf9-d142b4f0e01e,401e3711-9088-4314-a1d3-4293edb99527,148.455529411765
54cc7f04-9b0a-4e57-8012-fa748fafee53,4,2026-05-07 23:03:58 UTC,,,Jhonatan Negreiros,SRID=4326;POINT(-56.09581936391322 -12.251990948729677),-12.2519909487,-56.0958193639,4,"Mato Grosso,Ipiranga do Norte",Sequeiro,R5 (formação de dentes / dent),50,5. Excelente / Excellent,31,22,12,37,17,14,31,16,14,30,37,15,18,27,15,18,29,12,14,18,85adaa3d-c1a6-446f-bdda-fe74963b41c3,59968ea8-a31e-4da4-9aad-81ad6abcd13d,06619661-4c69-4c8c-a688-15967ccddf5a,145.626666666667
e4cee1c9-9963-435f-aded-64935376016b,4,2026-05-07 23:03:58 UTC,,,Jhonatan Negreiros,SRID=4326;POINT(-55.881168185622315 -12.30816301050212),-12.3081630105,-55.8811681856,4,"Mato Grosso,Sorriso",Sequeiro,R6 (maturação fisiológica / physiological maturity),50,5. Excelente / Excellent,30,17,16,35,16,16,34,15,12,35,32,17,18,34,17,16,25,18,14,38,34e86e73-c0c2-47ac-87c3-b72c44a638fd,764abfcd-9168-4eca-b92a-772ef8cde87a,c6e2e234-aa13-4987-83c4-d1e642399964,158.612209150327
07061441-0d68-4ca7-87e8-77cd525847dc,4,2026-05-07 23:03:57 UTC,,,Jhonatan Negreiros,SRID=4326;POINT(-55.81566906389423 -12.44891090504036),-12.448910905,-55.8156690639,4,"Mato Grosso,Sorriso",Sequeiro,R5 (formação de dentes / dent),50,4. Boa / Good,35,15,16,29,16,14,32,18,14,38,33,16,14,32,13,14,24,16,16,34,1ca11eb5-e6d5-4f57-bcd0-a2ab95e534f7,2ff5f915-a329-4a94-a053-ade289a39677,95f7c631-201c-49e3-8f5c-ab926f0528a8,156.464
105b415a-085f-42ad-8632-179a26aa6898,4,2026-05-06 22:32:36 UTC,,,Jhonatan Negreiros,SRID=4326;POINT(-55.60256460765515 -12.629097206218344),-12.6290972062,-55.6025646077,4,"Mato Grosso,Sorriso",Sequeiro,R6 (maturação fisiológica / physiological maturity),50,4. Boa / Good,32,17,16,35,16,16,32,13,14,26,30,14,14,26,13,14,22,8,14,16,66ed69f4-c4cf-466e-834e-3948d1dbe742,f241be66-b48c-4a3b-acb9-dc1eb013ad14,827acde6-fa2b-48fd-acc3-f74b7ef94259,118.504557734205
78f422ff-6041-447c-8936-7aa8a6132562,4,2026-05-06 22:32:35 UTC,,,Jhonatan Negreiros,SRID=4326;POINT(-55.529701234824515 -12.758230352786144),-12.7582303528,-55.5297012348,4,"Mato Grosso,Sorriso",Sequeiro,R6 (maturação fisiológica / physiological maturity),45,5. Excelente / Excellent,25,18,18,39,18,22,32,20,16,3,29,20,18,36,17,18,36,14,16,31,fb6cae99-1151-4bf6-9a51-bc76452d2681,d82f2756-470c-4b0b-a5a1-7598753e6fd0,07d8962d-7218-420f-96c2-750d3b9b73c3,158.675294117647
2a421588-65c1-4153-a28a-0141117d8d43,4,2026-05-06 22:32:35 UTC,,,Jhonatan Negreiros,SRID=4326;POINT(-55.47775224901178 -12.902700392275213),-12.9027003923,-55.477752249,4,"Mato Grosso,Sorriso",Sequeiro,R5 (formação de dentes / dent),65,5. Excelente / Excellent,46,18,14,35,18,14,38,18,16,35,45,18,16,37,16,16,34,15,14,31,40eb3198-819b-4a3f-a90f-9f0d0568f766,6f1c24f3-6427-4701-8501-faf7914615da,8b3aad19-44fb-4747-8a64-1c09a184eab6,183.029411764706
aa251009-8a4b-4e1a-b8a9-788ea36ae3b5,4,2026-05-06 22:32:34 UTC,,,Jhonatan Negreiros,SRID=4326;POINT(-55.40837198850814 -13.00746150910497),-13.0074615091,-55.4083719885,4,"Mato Grosso,Sorriso",Sequeiro,R6 (maturação fisiológica / physiological maturity),50,5. Excelente / Excellent,32,19,20,38,18,16,36,15,16,34,31,17,20,33,14,16,31,15,16,35,0af8fb08-1835-4243-90f9-14b93c554a18,cb87a0a8-60b5-42b9-b2f6-9f62b54b9dc3,a43f0efc-cb16-45e3-8591-a22025708e11,187.631294117647
675de434-c369-424f-a210-3463b5c1a5c9,4,2026-05-06 22:32:18 UTC,,,Jhonatan Negreiros,SRID=4326;POINT(-55.292007132194776 -13.284245793942608),-13.2842457939,-55.2920071322,4,"Mato Grosso,Nova Ubirata",Sequeiro,R6 (maturação fisiológica / physiological maturity),50,4. Boa / Good,29,17,16,34,15,16,33,16,16,32,28,17,16,33,16,18,29,12,18,23,eeb7a0ce-10d9-46fa-a482-302c8150cb06,07769fbd-fe74-405b-957f-8d419c1fb5b8,0efcf07f-de88-473e-adfd-a9faeffe304a,145.095424836601
7e474f24-4563-4fd3-b26e-0506be69182a,4,2026-05-06 22:32:18 UTC,,,Jhonatan Negreiros,SRID=4326;POINT(-55.23589221359516 -13.393437973938834),-13.3934379739,-55.2358922136,4,"Mato Grosso,Nova Ubirata",Sequeiro,R6 (maturação fisiológica / physiological maturity),50,5. Excelente / Excellent,34,20,14,37,20,14,39,19,14,39,31,17,16,33,17,12,34,16,14,28,66e07a60-bc82-4e53-883c-3e2aaad54a31,29510d5f-de93-4e94-a985-d5d861775f73,acd87a18-f914-4adc-ac19-2a9f281955b5,158.625490196078
22674d9c-53fd-4c1b-bc31-51442f99f926,4,2026-05-06 22:32:17 UTC,,,Jhonatan Negreiros,SRID=4326;POINT(-55.21600188692586 -13.273535426718437),-13.2735354267,-55.2160018869,4,"Mato Grosso,Nova Ubirata",Sequeiro,R5 (formação de dentes / dent),50,2. Ruim / Poor,33,15,16,28,9,14,17,7,14,12,27,5,10,8,11,14,16,6,8,12,387cb327-143e-44c2-93a1-4c2d401e7113,02b2ff10-c2c4-483a-8991-86e978f5062a,da0f06b8-4307-4417-b704-7659a8c7797d,58.6690196078431
148c4647-53b9-4f22-b645-644b5efcbbe9,4,2026-05-06 22:32:16 UTC,,,Jhonatan Negreiros,SRID=4326;POINT(-55.183947940603254 -13.159661951615714),-13.1596619516,-55.1839479406,4,"Mato Grosso,Nova Ubirata",Sequeiro,R6 (maturação fisiológica / physiological maturity),50,5. Excelente / Excellent,37,17,12,37,15,14,30,15,12,32,34,15,14,27,16,16,35,14,14,25,7712d5e4-850d-4f65-8456-98de70f5727f,ae30942f-af30-4a56-8d4c-7fa9ef936563,28a02513-26d6-4b8a-9785-bffcf9973870,149.81185620915
ebed0da4-d465-4628-bb93-005fb77aa091,4,2026-05-06 22:32:16 UTC,,,Jhonatan Negreiros,SRID=4326;POINT(-55.234203184432275 -12.76974876806333),-12.7697487681,-55.2342031844,4,"Mato Grosso,Vera",Sequeiro,R6 (maturação fisiológica / physiological maturity),50,4. Boa / Good,33,18,14,32,17,14,33,16,14,31,33,18,16,32,17,14,30,13,14,28,7f4a77a6-67b3-4dd5-9407-ba4bdbc359e1,56df8eb6-dd23-4d6d-ba3c-ede9ac227c17,05ea20ac-1ee1-4214-b4ac-bd4bea8c3ae2,146.054980392157
0cde6813-1431-4fca-bb10-459c7241f430,4,2026-05-06 22:32:15 UTC,,,Jhonatan Negreiros,SRID=4326;POINT(-55.19073220906331 -12.871678071108526),-12.8716780711,-55.1907322091,4,"Mato Grosso,Nova Ubirata",Sequeiro,R6 (maturação fisiológica / physiological maturity),50,5. Excelente / Excellent,32,16,14,29,16,14,35,18,16,37,30,18,18,40,17,14,31,16,16,31,3ed1edcf-1dec-43b9-bf19-f2b67f4769e0,e44684a4-85a5-4eba-95d2-2ef845a04213,1eb340a9-a0db-4c83-a339-e83bb1c34cc8,160.190440087146
3e7fe355-1eab-4384-9711-91d5f19a9813,4,2026-05-06 22:32:15 UTC,,,Jhonatan Negreiros,SRID=4326;POINT(-55.25369388056477 -12.996782041166906),-12.9967820412,-55.2536938806,4,"Mato Grosso,Nova Ubirata",Sequeiro,R5 (formação de dentes / dent),50,4. Boa / Good,30,17,14,38,15,16,36,16,20,38,30,16,18,35,12,16,25,14,16,30,9f27c574-fbc3-4847-a73e-d04a57a26feb,baa0f7d1-61cd-4d14-8fbe-324d893e9edd,ece233c7-e0ad-4b67-ad42-ac9b43c9a30f,167.673202614379
8282fc25-77bb-4862-96b4-c6abd38b68f4,4,2026-05-06 22:32:14 UTC,,,Jhonatan Negreiros,SRID=4326;POINT(-55.06097221752169 -13.067311607313405),-13.0673116073,-55.0609722175,4,"Mato Grosso,Nova Ubirata",Sequeiro,R6 (maturação fisiológica / physiological maturity),50,5. Excelente / Excellent,32,16,14,38,18,14,43,15,16,36,30,16,14,38,15,14,33,15,36,14,c882afce-fd41-4e0e-88fe-3fcda218bb34,6d4b8e52-405d-40cb-8ef3-77c67040e267,8ca95737-8e77-4ef5-9e3d-e91afd301da3,187.123294117647
ec66c928-e01f-4f84-a152-2078a8788163,5,2026-05-06 21:50:16 UTC,,,João Lopes,SRID=4326;POINT(-52.01827 -12.6925267),-12.6925267,-52.01827,5,"Mato Grosso,Querencia",Sequeiro,R5 (formação de dentes / dent),50,4. Boa / Good,33,16,14,32,14,12,30,15,12,32,33,14,12,30,13,14,26,9,14,18,2df715ab-f5a5-4a37-a364-4b8a85250c40,1147bd8e-7cf9-43ff-86e0-5b33ede3afff,899cc507-480d-4f61-a1e3-01922b23e24c,119.64894117647057
ed51d390-0c13-4f70-84ee-6c5bd00d114a,5,2026-05-06 21:48:31 UTC,,,João Lopes,SRID=4326;POINT(-52.0487217 -12.6404833),-12.6404833,-52.0487217,5,"Mato Grosso,Querencia",Sequeiro,R5 (formação de dentes / dent),50,4. Boa / Good,23,16,20,31,12,18,27,14,18,28,25,11,20,27,11,18,25,16,16,33,07f11bab-cc77-42aa-8a43-2a7597e2511c,164bd408-dd1b-4c76-9023-c247a3584312,2ba640ed-ee1f-4acc-a876-a7f987ef96b4,124.90823529411765
baa11bb3-d44b-4cbe-9a43-0793cd337598,5,2026-05-06 21:48:29 UTC,,,João Lopes,SRID=4326;POINT(-51.972585 -12.64262),-12.64262,-51.972585,5,"Mato Grosso,Querencia",Sequeiro,R4 (grão pastoso / dough),50,3. Média / Fair,21,14,18,31,12,16,27,15,14,34,23,13,14,30,13,16,31,15,16,35,3be1ce6d-55c9-4c4c-9330-16232a945ab6,f6f9429e-04e5-4073-9cab-d2ca56f86fe5,04831a64-5498-4a96-b848-51930a2acb71,107.57204357298474
456ee6df-b799-4875-beae-074fb26e43f9,5,2026-05-06 21:48:29 UTC,,,João Lopes,SRID=4326;POINT(-51.9426783 -13.229125),-13.229125,-51.9426783,5,"Mato Grosso,Ribeirao Cascalheira",Sequeiro,R6 (maturação fisiológica / physiological maturity),50,3. Média / Fair,26,14,14,34,13,14,32,13,14,32,29,12,14,25,11,16,25,12,16,30,eb796e09-484f-4f10-8d9b-dba9b8365a90,2bc05937-b51f-427e-8c4e-0bdcccdea982,0bf8f149-e580-4b43-af07-486c2ec2ce85,119.18631808278867
ff0ca090-b74d-4cc0-875e-0baabc39d68a,5,2026-05-06 21:48:28 UTC,,,João Lopes,SRID=4326;POINT(-51.9849633 -13.4605533),-13.4605533,-51.9849633,5,"Mato Grosso,Ribeirao Cascalheira",Sequeiro,R6 (maturação fisiológica / physiological maturity),45,4. Boa / Good,23,14,18,30,13,14,29,17,14,36,28,18,12,38,15,16,25,14,12,22,3c5d9447-70a6-4dd4-94b1-45d4d6d464f5,464ecc7f-93ac-41a1-9eee-eb72cfb7eb3f,f54d91cd-6bf3-4223-880a-193994a3c273,121.35555555555558
7b49d6e0-ac4b-4b9d-bc29-c8504f304d00,5,2026-05-06 21:48:28 UTC,,,João Lopes,SRID=4326;POINT(-52.090565 -13.4983383),-13.4983383,-52.090565,5,"Mato Grosso,Canarana",Sequeiro,R6 (maturação fisiológica / physiological maturity),45,4. Boa / Good,25,16,18,34,11,16,25,18,16,39,25,13,18,32,19,14,42,8,14,17,3f05ed9d-2cfa-4c71-b3d9-f2e779146397,428b99cc-6ecc-427b-a681-d26d88d9bdaa,7da4ddcf-d3a3-4808-8caa-c496e38a8516,139.45098039215688
6ca6f3eb-a64c-4081-a3c9-8cf0caec5a16,5,2026-05-06 21:48:27 UTC,,,João Lopes,SRID=4326;POINT(-52.2017817 -13.47052),-13.47052,-52.2017817,5,"Mato Grosso,Canarana",Sequeiro,R6 (maturação fisiológica / physiological maturity),45,4. Boa / Good,23,13,20,24,14,18,25,11,18,21,27,14,20,26,12,18,22,13,16,26,09cdf410-127b-47d1-8f94-5b71f2e00f8b,5db8c7d8-3f74-4bc2-a14d-532c68956905,c6451ba4-b52f-4ccb-b7e8-c78b16c2befa,121.74291938997818
efecb5da-2306-445d-b77c-1f89989b3c70,5,2026-05-06 21:48:26 UTC,,,João Lopes,SRID=4326;POINT(-52.2660417 -13.3593883),-13.3593883,-52.2660417,5,"Mato Grosso,Canarana",Sequeiro,R3 (grão leitoso / milk),45,4. Boa / Good,25,15,16,34,15,16,34,15,14,35,25,12,14,30,12,14,28,12,14,32,be642805-56c0-4714-825d-8dffae11deb0,e24a1a96-818c-4f58-99f6-9ab75c3cdb4b,7ccc1e9a-1f09-4bea-bfa6-9e93282129ed,130.53546356814329
6ba3be30-8094-4c60-af1c-41582b7da566,5,2026-05-06 21:48:26 UTC,,,João Lopes,SRID=4326;POINT(-52.2371267 -13.22662),-13.22662,-52.2371267,5,"Mato Grosso,Querencia",Irrigado,R2 (bolha d'agua / blister),50,4. Boa / Good,26,16,18,32,19,18,33,17,20,32,26,16,18,33,16,16,32,15,20,31,4db207ab-d7bc-4a48-95d2-2e4fb31766cd,b40e1056-0232-425c-92be-16977c56623b,ebb1946a-d125-447a-ad38-547edbefa386,152.72649237472763
b10b819c-ad4e-4af1-bfd0-1e7779b76074,5,2026-05-06 21:48:25 UTC,,,João Lopes,SRID=4326;POINT(-52.206975 -13.0876167),-13.0876167,-52.206975,5,"Mato Grosso,Querencia",Irrigado,R4 (grão pastoso / dough),50,4. Boa / Good,23,16,14,38,16,14,34,18,18,37,29,16,14,37,15,16,35,14,16,29,8cf6d9de-6fcc-4810-a717-60d80c076b5f,0a9e1cdd-52b6-46ac-bf33-98c34323bac6,5501756d-a876-45c7-8e80-28f761bc0ec4,138.98614379084967
1157f230-9f5e-4c28-b0ce-ac2c03e9faa1,5,2026-05-06 21:48:25 UTC,,,João Lopes,SRID=4326;POINT(-52.207415 -12.958975),-12.958975,-52.207415,5,"Mato Grosso,Querencia",Irrigado,R5 (formação de dentes / dent),45,5. Excelente / Excellent,26,18,16,33,17,16,33,18,16,34,26,18,16,34,18,16,34,15,16,28,30de8840-6641-4124-b408-e69c77a69a41,be83a804-a2ea-4653-aa79-1f3e869c6186,5b2c021b-8442-450b-bf51-ddd68d52b8c7,150.40046477850402
dad376b2-eaa4-47b6-ba57-6226476a2e76,5,2026-05-06 21:48:24 UTC,,,João Lopes,SRID=4326;POINT(-52.1836433 -12.8213417),-12.8213417,-52.1836433,5,"Mato Grosso,Querencia",Sequeiro,R4 (grão pastoso / dough),50,5. Excelente / Excellent,24,18,20,39,17,24,35,16,20,33,21,18,22,39,17,22,37,17,24,35,8fc4fa96-ebd0-42e6-b9b5-9173ba883b0e,93578a4f-36b7-48cd-b46f-435c6d811778,4c2d5aa8-85d1-440e-adca-e82dcbf52423,179.14470588235292
dd2c80be-89a0-441c-93f8-bdc5067e8db2,5,2026-05-06 21:48:24 UTC,,,João Lopes,SRID=4326;POINT(-52.195555 -12.67462),-12.67462,-52.195555,5,"Mato Grosso,Querencia",Sequeiro,R4 (grão pastoso / dough),45,5. Excelente / Excellent,27,13,22,26,15,18,33,16,20,36,25,13,16,32,17,14,37,11,18,22,d03ea784-7a09-4bc6-a4a9-d67462183f5e,d546a3f6-1073-46b0-8682-c87db761e7b5,645c96bd-c628-4ef1-b0ae-20a6de34f185,160.5678431372549
fd0d8ea8-6262-4a3b-a82d-51da8834a464,5,2026-05-06 21:48:23 UTC,,,João Lopes,SRID=4326;POINT(-52.4911767 -12.6996817),-12.6996817,-52.4911767,5,"Mato Grosso,Querencia",Sequeiro,R4 (grão pastoso / dough),45,4. Boa / Good,27,13,18,26,13,18,30,13,18,29,27,12,14,28,11,16,23,17,16,32,e862e9c3-fe56-4fd4-b95e-e21316d27d9a,a63fa545-059b-4c66-b017-8f7537257bca,99142084-1880-47d7-8f50-1cd92dd1fa0b,139.45098039215688
9a22a6db-5369-44d6-a90a-8d5a5939a489,5,2026-05-06 21:48:22 UTC,,,João Lopes,SRID=4326;POINT(-52.48277 -12.5846633),-12.5846633,-52.48277,5,"Mato Grosso,Querencia",Sequeiro,R4 (grão pastoso / dough),50,4. Boa / Good,21,14,18,28,14,18,26,14.5,18,29,28,15,28,14,12,18,24,13.5,18,31,c7876127-74d0-44d5-a517-1344b3a8b9f4,5c42729b-ab75-4430-a98f-55a5919dc0d6,bf41a990-ef9c-4dda-b4b5-31261ad4780e,121.58576034858388
c2cdda56-90ff-46f9-b728-cda2dd3dc2b9,5,2026-05-06 21:48:22 UTC,,,João Lopes,SRID=4326;POINT(-52.4007233 -12.552645),-12.552645,-52.4007233,5,"Mato Grosso,Querencia",Sequeiro,R3 (grão leitoso / milk),45,3. Média / Fair,19,10,16,24,13,16,28,10,16,24,21,13,16,28,8,14,15,13,16,25,3afabdd7-488e-4b16-8e5e-881c07d99d6d,5e407798-9eff-4e55-922b-b2f60636aa1c,584f35d2-e07f-4bfc-8380-e39613bc7679,83.22788671023964
bd04f4dc-3c6a-42c7-9370-611801c4a8c3,5,2026-05-06 21:48:21 UTC,,,João Lopes,SRID=4326;POINT(-52.4909217 -12.1361117),-12.1361117,-52.4909217,5,"Mato Grosso,Querencia",Sequeiro,R3 (grão leitoso / milk),50,3. Média / Fair,30,18,12,36,15,12,32,15,14,26,26,12,16,26,17.5,14,33,18,14,32,048b9199-2672-4c08-bbc5-954649d3ea7b,540c9bd6-499f-46f4-b036-2fdc1161de2b,232a1617-f5f0-4b04-a838-3ff27e7f2b3d,117.52618736383441
d958eb93-ec41-4ead-8ba8-d234ccf36cc1,5,2026-05-06 21:48:20 UTC,,,João Lopes,SRID=4326;POINT(-52.4395717 -12.2956967),-12.2956967,-52.4395717,5,"Mato Grosso,Querencia",Sequeiro,R5 (formação de dentes / dent),45,3. Média / Fair,25,12,16,28,11,14,22,13.5,16,29,24,11,12,22,15,16,34,13.5,18,26,64f7ff35-33fe-4b9e-b8ec-82710a4264d2,b9d72393-99fa-446e-8d3a-25ade6d8085d,85bb8352-4daa-44b5-8283-467e6fc14e52,111.56508835633016
bb775083-5f9e-4b77-96e4-b5c5ffc76436,5,2026-05-06 21:48:20 UTC,,,João Lopes,SRID=4326;POINT(-52.3153833 -12.377195),-12.377195,-52.3153833,5,"Mato Grosso,Querencia",Sequeiro,R5 (formação de dentes / dent),45,5. Excelente / Excellent,24,12,16,27,13.5,18,29,14,20,28,25,14.5,16,30,15,18,36,17.5,18,35,b61abc7f-0f3a-4aa9-8e88-73ffed4ca6a8,5ad3116a-5367-4bd7-bb92-f4d487b6841e,c2b43be0-f26b-44a4-bc60-758c238186cd,147.7039820866618
10f4ce31-d973-4879-8fb2-dd175a965895,5,2026-05-06 21:48:19 UTC,,,João Lopes,SRID=4326;POINT(-52.305745 -12.5344217),-12.5344217,-52.305745,5,"Mato Grosso,Querencia",Sequeiro,R6 (maturação fisiológica / physiological maturity),50,5. Excelente / Excellent,27,14,12,31,18,14,36,18,18,34,32,15,16,30,15.5,16,32,12.5,16,26,61ab93cc-3fa7-467d-a78a-12fc1db17341,15a4a611-d212-40de-984e-af7b6f7994b7,f057dbfd-deec-4edd-b466-363a94dd83e7,141.92623529411765
d159b800-130f-4b4d-8f1d-8a4d74765f2b,4,2026-05-06 20:36:15 UTC,,,Jhonatan Negreiros,SRID=4326;POINT(-55.33874582074934 -13.145340486525685),-13.1453404865,-55.3387458207,4,"Mato Grosso,Sorriso",Sequeiro,R6 (maturação fisiológica / physiological maturity),50,5. Excelente / Excellent,36,18,16,38,16,18,30,15,16,33,35,15,16,31,14,14,28,14,16,38,842b8a5a-a8bd-4ea3-9284-630100f925d4,045df13e-b9e9-4654-ae7c-93dd5f593f18,73031149-d647-4761-a37c-2193762de112,186.704941176471
59837890-b514-4e1b-afc0-7bc015bfb521,4,2026-05-06 17:39:15 UTC,,,Jhonatan Negreiros,SRID=4326;POINT(-54.94482586165419 -12.980251922284234),-12.9802519223,-54.9448258617,4,"Mato Grosso,Nova Ubirata",Sequeiro,R6 (maturação fisiológica / physiological maturity),50,5. Excelente / Excellent,29,15,14,37,17,14,41,14,16,33,27,15,12,35,12,14,27,11,16,29,8b1e4ec7-9af1-41d9-849b-f30dad0b1d14,e9354007-f246-4b50-8dca-53e415e90ffb,4dfc5562-9d3f-4f9b-9855-89943ede95aa,134.585690631808
fabad8ee-eae6-4293-a71a-f14d4cf0f620,4,2026-05-06 17:39:15 UTC,,,Jhonatan Negreiros,SRID=4326;POINT(-54.838395975581214 -12.88715047762998),-12.8871504776,-54.8383959756,4,"Mato Grosso,Nova Ubirata",Sequeiro,R4 (grão pastoso / dough),45,4. Boa / Good,32,14,20,32,14,20,33,13,16,32,33,13,16,34,12,16,35,12,16,26,f05eae7a-6837-402c-99c4-6b6a37ae4551,3d829a7c-0fde-47ad-b63b-b99a53e1759a,12c14061-b1b4-4ef5-9f8e-3bbfbc2b152b,199.510820624546
f5e56696-0b20-4d58-ad51-a2a9e706b061,4,2026-05-06 17:39:14 UTC,,,Jhonatan Negreiros,SRID=4326;POINT(-54.745271019688566 -12.69567972981622),-12.6956797298,-54.7452710197,4,"Mato Grosso,Nova Ubirata",Sequeiro,R6 (maturação fisiológica / physiological maturity),50,4. Boa / Good,25,18,14,42,15,16,40,17,16,39,27,14,14,33,11,16,28,15,14,34,03fdf233-0dcb-41cc-b200-e0a7ab192b29,d47c4004-bc45-41cb-8e42-aaca69b144b5,e9772aa1-6781-401f-ba44-d22b03c17086,139.849411764706
cbce3770-c896-4ebd-8879-958950753101,4,2026-05-06 17:39:14 UTC,,,Jhonatan Negreiros,SRID=4326;POINT(-54.81739561490276 -12.540337703739672),-12.5403377037,-54.8173956149,4,"Mato Grosso,Feliz Natal",Sequeiro,R5 (formação de dentes / dent),50,4. Boa / Good,30,15,14,37,16,14,37,14,18,35,32,17,16,37,11,16,22,13,14,32,14cb1f67-c079-43cb-8987-e6abfe85d1c5,e63a3d35-1bef-4771-83fe-338051077377,7d1cb717-9157-449d-b2e1-190ea9ac4524,157.823093681917
31492bec-01ff-4c0a-8d07-4958ca129be7,4,2026-05-06 17:39:13 UTC,,,Jhonatan Negreiros,SRID=4326;POINT(-54.921587118930105 -12.434870819572764),-12.4348708196,-54.9215871189,4,"Mato Grosso,Feliz Natal",Sequeiro,R6 (maturação fisiológica / physiological maturity),50,4. Boa / Good,32,18,16,28,17,14,36,19,16,38,35,17,16,31,17.5,16,33,16,18,29,e19dda2a-8316-4ab1-ac7a-9289e233c532,06916c9e-90f1-4880-bbd5-a8fd2202d485,33658572-57d8-4b9c-9e46-fa48aee28429,173.516862745098
2938d464-87ca-42ac-a350-16040b41e73a,4,2026-05-06 14:12:19 UTC,,,Jhonatan Negreiros,SRID=4326;POINT(-55.099068613851884 -12.235672872438206),-12.2356728724,-55.0990686139,4,"Mato Grosso,Feliz Natal",Sequeiro,R4 (grão pastoso / dough),50,2. Ruim / Poor,23,17,14,37,16,14,40,16,16,35,27,16,14,39,12,12,26,10,12,23,faa0e0f3-d63c-4c5d-a1a7-c61c544c7811,ad4273ed-a09e-4ace-bb99-6d5a26a23443,d616c9e7-25a1-496a-9859-25e245290177,113.442265795207
ad2b31ac-2ff8-4445-b145-0345f6dcdfda,4,2026-05-06 14:12:18 UTC,,,Jhonatan Negreiros,SRID=4326;POINT(-55.242884990522406 -12.261457751794332),-12.2614577518,-55.2428849905,4,"Mato Grosso,Feliz Natal",Sequeiro,R6 (maturação fisiológica / physiological maturity),50,4. Boa / Good,28,17,14,38,16,13,37,14,14,35,29,11,16,20,11,14,21,12,12,27,ecc09bec-53ee-4f6e-a4ae-5b64ce248aa7,c6c1dd0c-ff55-4b24-a914-29c2d40c8089,8a664065-aae9-46da-a1d3-980ce8e0741a,116.502163398693
14d5df09-3a69-41af-8e9d-91762cb80237,4,2026-05-06 14:11:24 UTC,,,Jhonatan Negreiros,SRID=4326;POINT(-55.005794258802894 -12.341190287971436),-12.341190288,-55.0057942588,4,"Mato Grosso,Feliz Natal",Sequeiro,R6 (maturação fisiológica / physiological maturity),50,4. Boa / Good,32,18,14,34,16,16,33,15,16,29,34,15,14,32,14,16,27,13,16,26,a57c8d05-ddbb-43ea-85d6-54e863e7b154,73fc1239-b824-4bf1-9908-ae4f68bfcba2,981847e2-5977-4b19-a087-b08a54acb290,152.044732026144
c72f7976-b6f1-4ee1-8d80-dd108326e017,4,2026-05-06 13:17:47 UTC,,,Jhonatan Negreiros,SRID=4326;POINT(-55.308212925499554 -12.072050076048525),-12.072050076,-55.3082129255,4,"Mato Grosso,Santa Carmem",Sequeiro,R6 (maturação fisiológica / physiological maturity),50,4. Boa / Good,32,17,14,41,16,16,34,15,16,29,31,13,16,23,14,14,31,9,14,14,d797142b-1f5b-4346-b3b4-a11ca0fb4964,8dad05d1-8c18-4cdf-aefc-1fdedde0221e,9d952b21-ff64-4e2a-ac8b-1ed304251c5f,134.918823529412
84687d15-9f7e-4182-a684-cd64f18f6254,4,2026-05-06 13:17:46 UTC,,,Jhonatan Negreiros,SRID=4326;POINT(-55.16672791362549 -12.003379611511775),-12.0033796115,-55.1667279136,4,"Mato Grosso,Santa Carmem",Irrigado,R5 (formação de dentes / dent),50,5. Excelente / Excellent,30,17,20,35,17,22,38,16,22,34,32,15,26,34,17,22,39,13,22,27,152c517a-59a1-4357-b1e2-1af332c2b06f,99a8656b-eddb-4a06-9bcd-43087f59cdaa,bccd5751-3f96-4008-922d-14f86edfa52e,237.91831372549
ee992b8a-170d-4abb-a07f-13ff6b4f3127,4,2026-05-06 13:16:53 UTC,,,Jhonatan Negreiros,SRID=4326;POINT(-55.32992946406809 -12.20211734720109),-12.2021173472,-55.3299294641,4,"Mato Grosso,Vera",Sequeiro,R6 (maturação fisiológica / physiological maturity),50,5. Excelente / Excellent,30,14,18,29,15,16,36,14,18,30,30,14,20,31,12,18,26,13,18,31,594dbe4f-bd77-4693-aab5-7cbb0b04bf79,dd3523ed-dd55-4810-a576-77af0187675a,33823bca-12cd-4804-8060-b4362333cccc,164.054117647059
ac10430c-8e41-499f-aef3-20f0d1e078ee,4,2026-05-06 12:21:23 UTC,,,Jhonatan Negreiros,SRID=4326;POINT(-55.27767213496858 -11.993863153140891),-11.9938631531,-55.277672135,4,"Mato Grosso,Santa Carmem",Sequeiro,R6 (maturação fisiológica / physiological maturity),50,4. Boa / Good,30,17,16,38,16,14,37,17,14,38,29,15,18,35,13,14,33,12,16,30,4e8fc2a7-9d76-4fc9-9358-5a88a58ed443,8a62b2f3-8040-473e-b136-0cdce2be86a2,451ee3e1-ed1b-4acd-a52c-e2a8654346ad,158.446749455338
c5a44011-c080-4f01-a066-d2756cebe936,4,2026-05-06 12:05:41 UTC,,,Jhonatan Negreiros,SRID=4326;POINT(-55.353612964822005 -11.871920364239678),-11.8719203642,-55.3536129648,4,"Mato Grosso,Sinop",Sequeiro,R6 (maturação fisiológica / physiological maturity),50,5. Excelente / Excellent,36,17,14,34,17,12,37,16,16,30,37,15,16,31,14,14,27,15,14,31,f6a81354-c194-4230-92c4-09cbfcd22ea0,e7178148-c983-445e-920e-f957d88895b8,4799241b-e924-4056-98cd-67624a9d43fd,165.019760348584
affdcdd3-c473-4c28-8bd5-6bb132c82621,4,2026-05-05 23:12:11 UTC,,,João Lopes,SRID=4326;POINT(-56.67466443732857 -11.814986147557343),-11.8149861476,-56.6746644373,4,"Mato Grosso,Porto dos Gauchos",Sequeiro,R6 (maturação fisiológica / physiological maturity),50,5. Excelente / Excellent,33,15,16,35,18,12,39,15,16,29,29,16,16,32,16,16,35,13,12,26,4d8207f5-ad23-4c80-aea8-c35711f6fbe3,62141b46-e77b-4d71-825b-6405eac97a0d,9d4641df-3786-4635-9e5c-54615f279d20,147.9419956427015
13a11b92-1e13-4f33-91c0-7a2d2050277d,4,2026-05-05 21:44:15 UTC,,,Jhonatan Negreiros,SRID=4326;POINT(-56.03270278522532 -11.905592783069983),-11.9055927831,-56.0327027852,4,"Mato Grosso,Ipiranga do Norte",Sequeiro,R6 (maturação fisiológica / physiological maturity),50,5. Excelente / Excellent,31,18,12,37,19,12,37,22,12,39,33,20,12,41,15,12,28,16,12,33,61291de5-6981-47ea-a65e-ba14889857ab,cc2c36f5-5d1a-43cd-8a22-1e993d6f1be0,2f6d7617-bbe9-4081-bc81-205446a55f46,137.060392156863
026e0f30-0fbe-4d5c-82da-d42d7e77e7ff,4,2026-05-05 20:48:01 UTC,,,Jhonatan Negreiros,SRID=4326;POINT(-55.60043528036061 -11.801740478239681),-11.8017404782,-55.6004352804,4,"Mato Grosso,Sinop",Sequeiro,R5 (formação de dentes / dent),60,4. Boa / Good,30,16,18,31,17,16,33,16,16,29,36,18,18,35,12,16,16,8,12,17,4ff0e95f-2bcf-43e8-a51a-88ae2d7e8a54,67c67a9c-cce1-439d-8218-8c578f7a6b71,422da815-28b1-41a6-b8fa-ccf87cac8625,117.603660130719
c0965074-03f6-43cb-b65f-bebab96fea8d,4,2026-05-05 20:48:01 UTC,,,Jhonatan Negreiros,SRID=4326;POINT(-55.541235789129765 -11.680944784146126),-11.6809447841,-55.5412357891,4,"Mato Grosso,Sinop",Sequeiro,R5 (formação de dentes / dent),50,5. Excelente / Excellent,29,14,18,32,18,16,36,22,16,41,28,22,20,38,15,16,38,18,16,38,650501b1-0786-4c49-948f-5c3e0ec62896,2e873c3f-eacb-49fc-a0f4-aec7a31de0c0,2cdfe1a5-751b-4063-9f34-acfdbc46d24c,179.366333333333
7487329f-b0a2-48d1-84f4-74081767fe37,4,2026-05-05 20:48:00 UTC,,,Jhonatan Negreiros,SRID=4326;POINT(-55.65718664606231 -11.66900488312018),-11.6690048831,-55.6571866461,4,"Mato Grosso,Sinop",Sequeiro,R4 (grão pastoso / dough),60,5. Excelente / Excellent,35,15,18,33,17,18,40,15,18,37,38,14,18,32,16,22,33,14,20,29,7f4eb040-a66a-40c7-90a9-e8b955e02b3d,c0b9cc5c-d129-4ee3-8fa7-27550f7d01cc,3943de02-99d4-486c-9fb9-5fc14451b744,195.721111111111
101d80f7-9c20-46f4-9177-3c190524e17a,4,2026-05-05 20:48:00 UTC,,,Jhonatan Negreiros,SRID=4326;POINT(-56.00868411121925 -11.624093477616844),-11.6240934776,-56.0086841112,4,"Mato Grosso,Tabapora",Sequeiro,R6 (maturação fisiológica / physiological maturity),48,5. Excelente / Excellent,28,15,18,28,17,16,32,16,16,32,26,18,14,36,17,16,38,16,14,34,48391428-9ece-444a-88d8-803c01b91c93,84bf8d7e-93c0-460c-a780-51fb80554994,26fd0cc9-f20d-4566-b36d-a81be1704712,146.299019607843
a4e4afd5-78ea-4407-81c7-2450344ac530,4,2026-05-05 20:47:59 UTC,,,Jhonatan Negreiros,SRID=4326;POINT(-55.854770749033044 -11.608148107866118),-11.6081481079,-55.854770749,4,"Mato Grosso,Tabapora",Sequeiro,R6 (maturação fisiológica / physiological maturity),48,3. Média / Fair,28,12,16,25,12,16,27,15,16,34,29,13,16,28,8,18,15,10,16,21,34920145-95a8-4424-8af9-b8fdbf0839b1,5d0f3169-561e-45fb-8e6a-8591dcabcd4f,075974c1-cad3-4a2d-b603-e77672ef8f2b,120.748570261438
3500c5df-9601-460e-af33-9bf3b5319a3c,4,2026-05-05 20:47:58 UTC,,,Jhonatan Negreiros,SRID=4326;POINT(-56.18602718888857 -11.641201196401575),-11.6412011964,-56.1860271889,4,"Mato Grosso,Tabapora",Sequeiro,R5 (formação de dentes / dent),48,5. Excelente / Excellent,28,20,14,39,20,14,39,22,18,38,30,22,14,41,20,14,37,19,16,39,9dd381b0-a814-43e5-aa1c-4e5e5675e7dc,b8c22211-582d-4c38-a555-43502b4f557e,af70ced1-457f-405f-9f67-b7f6b81f3cf3,175.273488562092
e8434415-06c0-4f9f-af95-d5f5039653f2,4,2026-05-05 20:47:57 UTC,,,Jhonatan Negreiros,SRID=4326;POINT(-56.36093345645029 -11.571936448037823),-11.571936448,-56.3609334565,4,"Mato Grosso,Tabapora",Sequeiro,R6 (maturação fisiológica / physiological maturity),50,3. Média / Fair,32,14,14,35,14,16,25,14,14,28,32,12,14,29,11,14,25,13,14,31,8696d34b-0940-43f8-99f2-8b79f93e12fe,e5663b44-7cce-40ef-ac0a-1069f9a8a4fc,63c7339b-0a10-4488-8a07-935956dc39d3,131.730265795207
7809a4d1-9a0f-4387-b87f-4a88dfe5f058,4,2026-05-05 20:47:56 UTC,,,Jhonatan Negreiros,SRID=4326;POINT(-56.548894381831005 -11.558997226774633),-11.5589972268,-56.5488943818,4,"Mato Grosso,Tabapora",Sequeiro,R5 (formação de dentes / dent),48,5. Excelente / Excellent,27,15,22,40,17,21,37,18,22,34,28,16,22,37,18,24,38,17,22,37,26e707b9-3082-40ce-8705-7d40bda29ac9,65efb4f6-96a0-46e0-8878-8c4135a0206c,80a53901-9f12-41f9-9e1e-8681634ecbfc,235.076383215323
f18fd7fd-b2e7-4bff-9d75-1e44796e27dd,4,2026-05-05 20:47:56 UTC,,,Jhonatan Negreiros,SRID=4326;POINT(-56.85662938311101 -11.532855764608488),-11.5328557646,-56.8566293831,4,"Mato Grosso,Tabapora",Sequeiro,R5 (formação de dentes / dent),45,4. Boa / Good,26,16,16,31,15,16,31,13,18,26,29,15,16,33,16,18,32,12,14,28,b51ff9c5-c0d9-4765-89e3-3caa22084375,cddd8773-2e8a-479e-9a4d-a564bdf5c9da,2467d545-1f59-481d-a095-4f15686d3bc7,149.963604454127
1c29f639-8096-445e-8328-a51072fb343d,4,2026-05-05 20:47:55 UTC,,,Jhonatan Negreiros,SRID=4326;POINT(-57.204121568064444 -11.642580622605655),-11.6425806226,-57.2041215681,4,"Mato Grosso,Porto dos Gauchos",Sequeiro,R5 (formação de dentes / dent),45,4. Boa / Good,29,16,16,35,16,18,24,19,16,37,25,13,18,27,16,14,39,16,16,33,bb6862b5-1a6b-4216-868d-2be44055f10c,bb55066b-b845-4dd8-91a6-44c9dc971b7c,9be81579-c2bb-4031-920b-60f4e2d589b6,158.625490196078
d2020357-b848-426f-95f1-ec4551ffc937,4,2026-05-05 20:47:55 UTC,,,Jhonatan Negreiros,SRID=4326;POINT(-57.039825482134304 -11.721998494721078),-11.7219984947,-57.0398254821,4,"Mato Grosso,Porto dos Gauchos",Sequeiro,R6 (maturação fisiológica / physiological maturity),50,4. Boa / Good,30,14,18,27,12,16,25,12,18,28,29,12,14,25,15,16,32,15,18,35,a587078a-42be-4c3c-9d39-17bd00ac6a78,dff88a17-effb-47fe-94cb-862db7fb3730,fd1c72cc-f5be-4a7d-9fa0-bcc1e1473a25,140.391721132898
17cbfbba-bec0-42ed-b89d-014acde08e67,4,2026-05-05 20:47:54 UTC,,,Jhonatan Negreiros,SRID=4326;POINT(-56.870089352853626 -11.70796691870537),-11.7079669187,-56.8700893529,4,"Mato Grosso,Porto dos Gauchos",Sequeiro,R5 (formação de dentes / dent),45,2. Ruim / Poor,28,14,14,32,8,16,15,7,15,13,29,7,8,9,8,12,14,11,16,23,8068ff94-b6d7-4f1a-b80b-4ec1fae1384f,5c4b891a-7b00-4fd1-b463-dbd0d02ed8f9,ef91e8c0-886d-4a98-b486-592bfade6585,75.2288235294118
14969f5d-2132-491c-95ad-7f3d5f04f2cc,4,2026-05-05 20:47:37 UTC,,,Jhonatan Negreiros,SRID=4326;POINT(-56.559637431339546 -11.891968916775715),-11.8919689168,-56.5596374313,4,"Mato Grosso,Porto dos Gauchos",Sequeiro,R4 (grão pastoso / dough),50,5. Excelente / Excellent,30,20,16,38,13,16,24,21,18,39,29,19,18,37,18,14,36,13,16,24,26a075a2-10f6-4190-a3c7-f66d08e0c919,387e0d36-6b8f-4a0d-aaa3-7e0d48a3348f,7b0ef4e3-af8b-4766-9176-357046d1180b,158.381450980392
1f1d8df7-6ff4-49eb-a557-7ce73702d442,4,2026-05-05 20:47:36 UTC,,,Jhonatan Negreiros,SRID=4326;POINT(-56.48910914530594 -11.981267867995628),-11.981267868,-56.4891091453,4,"Mato Grosso,Porto dos Gauchos",Sequeiro,R4 (grão pastoso / dough),50,5. Excelente / Excellent,29,18,16,38,20,16,36,15,18,33,25,19,18,39,17,18,35,18,14,38,1d32f209-d144-457c-83d8-917cdebfa342,ed42e39b-0adc-4fdd-8a37-1b04d4b67a98,04803871-880a-49d6-bc79-776a43693813,163.605882352941
1250257e-0dff-419e-a3c5-441d7a228e0f,4,2026-05-05 20:47:36 UTC,,,Jhonatan Negreiros,SRID=4326;POINT(-56.36499783198941 -11.959981574345962),-11.9599815743,-56.364997832,4,"Mato Grosso,Porto dos Gauchos",Sequeiro,R6 (maturação fisiológica / physiological maturity),60,5. Excelente / Excellent,37,16,18,32,16,18,30,16,16,30,40,16,18,32,16,18,31,14,13,28,c1b04f93-8620-4e06-8640-54999fb0b0cc,f1c50b48-a6bf-40e8-943d-9ca607f64b3a,818644a2-798c-41f2-835c-f89e08a8ec7d,164.075215141612
f226142d-778a-4cd7-bf4c-7a2527c5d8f2,4,2026-05-05 20:47:35 UTC,,,Jhonatan Negreiros,SRID=4326;POINT(-56.1726324818176 -11.935041308081184),-11.9350413081,-56.1726324818,4,"Mato Grosso,Ipiranga do Norte",Sequeiro,R6 (maturação fisiológica / physiological maturity),48,5. Excelente / Excellent,27,12,14,27,13,16,34,20,18,39,25,18,18,31,19,16,39,13,16,31,411853bc-7c52-4df6-b1c4-e0507d8c4b36,284384e5-6391-49a1-9a70-e2d299a3b538,bab54f19-0a0a-4165-940b-c88af4df51c4,147.609831154684
833fc3a0-55b0-47a2-b6fc-09a28ed7384d,4,2026-05-05 20:47:34 UTC,,,Jhonatan Negreiros,SRID=4326;POINT(-55.89848670835385 -11.88918229594158),-11.8891822959,-55.8984867084,4,"Mato Grosso,Sinop",Sequeiro,R5 (formação de dentes / dent),48,5. Excelente / Excellent,27,17,16,35,17,16,41,17,16,44,27,17,12,44,14,14,36,16,14,34,b28c63c1-1921-47a6-b513-a1f94ffcd500,de619559-c2bd-46af-a392-8a55b046622a,a4fda7c1-57a5-4249-8bf6-436ab5cf3d4d,160.244117647059
f6b025d4-a8ca-44a6-9bbe-cd9d45147cb4,4,2026-05-05 20:47:33 UTC,,,Jhonatan Negreiros,SRID=4326;POINT(-55.74253631446509 -11.90513754091856),-11.9051375409,-55.7425363145,4,"Mato Grosso,Sinop",Sequeiro,R6 (maturação fisiológica / physiological maturity),45,5. Excelente / Excellent,28,17,16,37,18,18,36,17,20,33,32,14,16,29,14,16,30,14,18,34,b665db83-e6c1-400d-ad6f-546e4e2a5f6e,fbc02bad-b764-4f74-82a4-a37a2a16f6d9,9b1df1a6-166a-4364-8c8e-eadaf7c54c9c,190.878140885984
b5a07172-2363-4f04-a8ce-b33911ade663,4,2026-05-05 20:47:33 UTC,,,Jhonatan Negreiros,SRID=4326;POINT(-55.609575148000744 -11.882784751953896),-11.882784752,-55.609575148,4,"Mato Grosso,Sinop",Sequeiro,R5 (formação de dentes / dent),50,5. Excelente / Excellent,31,11,12,25,15,12,35,10,14,22,29,11,14,26,12,16,27,13,14,30,70d5f85a-4f94-4b00-9272-883ff94eab01,8f949268-15e4-4e0e-910d-6ec79edb135d,4acfd7d0-dc53-4e40-ac36-6beb50e9fe68,112.307843137255
64bd7a60-f693-448d-9914-8bb4f55f51f9,5,2026-05-05 20:38:03 UTC,,,João Lopes,SRID=4326;POINT(-52.5208917 -12.8346467),-12.8346467,-52.5208917,5,"Mato Grosso,Querencia",Sequeiro,R5 (formação de dentes / dent),50,4. Boa / Good,29,15,16,27,17,16,32,14,16,27,31,16.5,16,33,14,16,26,15,16,30,871e1e60-4007-476f-8c5b-a6622bd570e2,adb0396e-123f-4309-82e1-93a39956f46a,66964a5f-4477-4e15-97f5-746469d59abc,139.45098039215688
6bfc19c1-37fb-4ede-800a-4aa7ac955d54,5,2026-05-05 20:38:03 UTC,,,João Lopes,SRID=4326;POINT(-52.4939309 -13.0143001),-13.0143001,-52.4939309,5,"Mato Grosso,Canarana",Sequeiro,R3 (grão leitoso / milk),50,3. Média / Fair,26,16,16,34,14,16,32,16,18,30,25,15,14,35,16,16,34,15,18,34,03e27ff9-09cd-4675-bb17-e8c18fc3002d,12f15b2d-be30-447a-877b-86898ab086d7,53efb4a5-7eb9-4a4f-a99d-cfbbc78da4cb,137.59744444444442
1b9f3cc2-130e-4f7b-be47-5709ad257b77,5,2026-05-05 20:38:02 UTC,,,João Lopes,SRID=4326;POINT(-52.421215 -13.19591),-13.19591,-52.421215,5,"Mato Grosso,Canarana",Sequeiro,R4 (grão pastoso / dough),50,3. Média / Fair,21,16,14,34,16,14,34,15,18,33,27,15,32,18,9,14,21,16,18,35,0cfd6afe-c236-4a05-a514-4a84a2838445,003eac26-4b16-4fa5-89b3-6aa8d34ae22e,9e9dfdb1-68f2-48e0-a2b6-7075bd7085ca,127.83006535947712
1d784249-9d2d-4c19-a3f9-dbcc366234d4,5,2026-05-05 20:38:02 UTC,,,João Lopes,SRID=4326;POINT(-52.3686733 -13.3487817),-13.3487817,-52.3686733,5,"Mato Grosso,Canarana",Sequeiro,R3 (grão leitoso / milk),50,4. Boa / Good,28,15,18,24,13,16,32,13,18,26,28,14,14,25,14,16,27,14,16,29,e2523806-3cce-4b1b-a438-2646b201965b,0a5f9995-2305-440e-bd63-d06e0c1d934f,ac1d56d7-3bfc-4651-9a3c-8bb076adae75,123.75499782135076
0133d7b2-ef76-4a59-80bc-d59b6191db31,5,2026-05-05 20:38:01 UTC,,,João Lopes,SRID=4326;POINT(-52.3117517 -13.4783983),-13.4783983,-52.3117517,5,"Mato Grosso,Canarana",Sequeiro,R6 (maturação fisiológica / physiological maturity),45,5. Excelente / Excellent,21,15,16,32,15,34,20,15,18,31,21,15.5,20,36,15.5,18,39,15,18,37,09fa764e-5337-44fc-8229-32351d23287d,2c5b684b-2922-4841-9179-111cbe0ed949,05d16fe2-6ad4-4a44-8b4e-42d038ba4a35,156.10762527233115
af8869d2-49f3-460f-8763-9c019706eb85,5,2026-05-05 15:48:49 UTC,,,João Lopes,SRID=4326;POINT(-52.3908883 -13.5175917),-13.5175917,-52.3908883,5,"Mato Grosso,Canarana",Sequeiro,R5 (formação de dentes / dent),45,4. Boa / Good,27,14.5,20,30,12,16,29,14,18,30,27,12,18,25,16,16,36,12.5,18,29,fd954a60-3ac1-4dab-8c8b-ed7ec5f2ab56,2b64c9c0-4b67-4bd3-8a05-97673bd01b54,d22982db-3a10-4793-a105-3b91799565b8,157.49660130718954
2b29953c-6bbd-459a-a292-b4b43b7a775d,5,2026-05-05 15:48:49 UTC,,,João Lopes,SRID=4326;POINT(-52.55054 -13.5619617),-13.5619617,-52.55054,5,"Mato Grosso,Canarana",Sequeiro,R4 (grão pastoso / dough),45,3. Média / Fair,24,13,16,35,15,18,32,12,14,30,26,13,14,32,14,16,35,13.8,16,34,601395bc-b4b6-4bb0-95f8-ceb64a2d4e19,3b839d9e-ab6c-4651-942c-a76566d69ffd,87833ab0-f1c8-4648-a508-4efec127952a,143.0479302832244
2a04934a-0134-451f-9805-3a478da83f4d,5,2026-05-05 15:48:48 UTC,,,João Lopes,SRID=4326;POINT(-52.53988 -13.45979),-13.45979,-52.53988,5,"Mato Grosso,Canarana",Sequeiro,R3 (grão leitoso / milk),45,4. Boa / Good,24,11,16,24,14,16,34,15,14,15,25,15,14,33,12.5,14,36,11,16,26,b9bac380-2d17-49d6-bf39-26fbb5fd68eb,be0f15ef-3942-4dd7-b944-2e1511cc28f3,622b8136-8a52-4e62-a177-99f95b8b7c8f,113.88496732026145
860c0291-2229-4d1a-ba72-c4dff72818d8,5,2026-05-05 15:48:48 UTC,,,João Lopes,SRID=4326;POINT(-52.4302005 -13.6783244),-13.6783244,-52.4302005,5,"Mato Grosso,Agua Boa",Sequeiro,R5 (formação de dentes / dent),45,4. Boa / Good,25,13,14,28,18,18,38,13,18,28,21,12,18,24,16.5,18,35,16,18,31,5ab13790-bbf9-41c2-ab51-f85645d041a2,bcc7cf2c-c5e6-4adb-97b1-0beb49eeb00d,9b6bcac6-d971-4f5b-86af-ee94a82bcfcd,135.3092616799806
731a67ea-16b6-45d3-91b3-756f72c1d404,5,2026-05-05 15:48:47 UTC,,,João Lopes,SRID=4326;POINT(-52.45851 -13.8171233),-13.8171233,-52.45851,5,"Mato Grosso,Agua Boa",Sequeiro,R3 (grão leitoso / milk),45,4. Boa / Good,25,15,16,35,15,35,16,16,16,36,27,16,14,40,15,14,36,15,14,32,25889d53-0f50-4cc9-9269-33a64936c758,62c90d4d-733c-44ae-afcf-b151bcc297e2,e7af4b9d-920d-43f2-ac5e-d5eeea911d11,169.89593318809008
6a280afc-45b8-4a0f-8d7a-84df8c955fca,5,2026-05-05 15:48:47 UTC,,,João Lopes,SRID=4326;POINT(-52.4754383 -13.927705),-13.927705,-52.4754383,5,"Mato Grosso,Agua Boa",Sequeiro,R5 (formação de dentes / dent),45,4. Boa / Good,25,25,18,35,14.5,16,35,13,16,30,27,14,18,28,13.5,16,31,14.5,18,31,6a26a7cb-c4f9-4c2b-bffc-cdc914f4a563,f4ff69c7-f0f3-45ae-bbd7-e720156ef95a,a3f0b9ac-7b87-4261-8cb7-a2983749a03f,154.90864197530865
9f12142e-7baa-49e6-aee4-c737d06b48ff,5,2026-05-05 15:48:46 UTC,,,João Lopes,SRID=4326;POINT(-52.505995 -14.0308617),-14.0308617,-52.505995,5,"Mato Grosso,Agua Boa",Sequeiro,R3 (grão leitoso / milk),50,3. Média / Fair,27,12.5,16,28,12,16,30,13,18,29,28,10,18,27,13.4,18,29,12,16,26,da75dbfd-ce5f-44b6-a97c-dcb306bca188,818e8228-d653-4733-8a46-40c59e3d4210,e5ddbd88-7861-4d2a-b5e1-61feecc94bef,131.1627777777778
4746c0a3-b377-4931-ae02-02a088ea33e2,5,2026-05-05 15:48:45 UTC,,,João Lopes,SRID=4326;POINT(-52.42111 -14.0851567),-14.0851567,-52.42111,5,"Mato Grosso,Agua Boa",Sequeiro,R3 (grão leitoso / milk),50,3. Média / Fair,25,15,14,34,14,18,30,15,16,31,25,14.5,16,31,15.5,16,30,1,18,33,7b43d1cf-05b7-4b24-8ca8-ea09ca17ec2c,aeb5c8d1-e698-45bc-a55c-62440b66861b,c2dac94f-3203-470c-a462-aacf741da37f,128.1205882352941
007b2910-a2d9-46d7-bcd8-e413202ded79,5,2026-05-05 15:48:44 UTC,,,João Lopes,SRID=4326;POINT(-52.3115831 -14.0457153),-14.0457153,-52.3115831,5,"Mato Grosso,Agua Boa",Sequeiro,R3 (grão leitoso / milk),45,4. Boa / Good,19,9,18,17,14.5,16,28,17,16,32,22,17,16,34,16.5,18,34,13,18,28,90c63f5f-6dad-451c-8f67-d50ce34e6b89,178d330c-7323-47a5-a010-7e25823f3cd9,27656917-3ec0-4506-8247-b9c71fc28662,111.21123456790123
933e48a9-07fc-45b6-8916-29d45aedb11c,4,2026-05-04 21:12:43 UTC,,,Jhonatan Negreiros,SRID=4326;POINT(-55.517061911161996 -12.077471402980233),-12.077471403,-55.5170619112,4,"Mato Grosso,Sinop",Sequeiro,R5 (formação de dentes / dent),50,3. Média / Fair,35,14,18,29,11,16,23,8,20,16,37,11,20,18,11,16,24,10,18,21,ba6ef447-4972-4555-9133-acaafa6111f3,9b04e8ff-00ca-4fcd-b006-e2d1ff528c3b,84d7ecea-7cfc-45d3-9cdb-50bbd3cd7b71,140.925176470588
0a73f4b5-735c-4cd4-9a33-0f0e4e2f0402,4,2026-05-04 21:12:42 UTC,,,Jhonatan Negreiros,SRID=4326;POINT(-55.54556616587149 -12.229336202156011),-12.2293362022,-55.5455661659,4,"Mato Grosso,Vera",Sequeiro,R6 (maturação fisiológica / physiological maturity),50,2. Ruim / Poor,30,18,12,35,18,12,36,16,12,33,30,15,12,30,13,14,29,12,12,25,139d0456-2bf2-4c08-a5c6-5641b069fe67,2ac4accd-d1cb-4e5c-af18-730120a95f6d,43124694-8b3d-4f21-b4a2-8f449b701fd2,115.478692810458
742b5064-09cf-4e28-aab4-e67fcdcc9ef8,4,2026-05-04 21:12:42 UTC,,,Jhonatan Negreiros,SRID=4326;POINT(-55.60588520457796 -12.369002674134505),-12.3690026741,-55.6058852046,4,"Mato Grosso,Sorriso",Sequeiro,R5 (formação de dentes / dent),50,5. Excelente / Excellent,32,18,16,31,16,16,32,17,16,31,32,15,16,32,14,16,28,11,16,22,eb9a15ba-a41d-47d8-9c94-95572480bad8,a3405a3e-c930-4693-bd5c-4d32d8997ef2,bca7d39b-29ed-4dc2-a983-8a72cb53cf0a,149.597699346405
a1ae8fa6-1bf8-41f6-8cdc-98aaeb435f1e,4,2026-05-04 21:12:41 UTC,,,Jhonatan Negreiros,SRID=4326;POINT(-55.694662977095255 -12.512364772230205),-12.5123647722,-55.6946629771,4,"Mato Grosso,Sorriso",Sequeiro,R6 (maturação fisiológica / physiological maturity),50,4. Boa / Good,35,16,16,36,16,16,31,17,14,37,35,15,14,32,14,16,29,13,16,26,0cca9866-e2c8-4678-859d-50f46ef6e65a,595ea4a2-c460-41c1-ba81-a5ee713a2440,2b29487c-8bb5-448b-ba54-3b344787bb93,170.168932461874
3078218e-1481-4ccc-a682-99a1c76a4c8d,4,2026-05-04 19:46:34 UTC,,,Jhonatan Negreiros,SRID=4326;POINT(-55.828862355918815 -12.727411059697236),-12.7274110597,-55.8288623559,4,"Mato Grosso,Sorriso",Sequeiro,R6 (maturação fisiológica / physiological maturity),50,3. Média / Fair,34,15,16,36,16,16,38,15,16,34,33,13,16,29,12,14,28,12,18,27,f16a8dba-2a5c-4cbb-9f3b-ceff9b972da0,6a0bd53c-1074-4325-9310-cf76b423be36,713610f3-26f8-4fce-a99e-ac6bd1cf88ab,170.84737254902
6834d033-5a1e-4ced-b2b3-d2f18d5bf19c,4,2026-05-04 19:46:33 UTC,,,Jhonatan Negreiros,SRID=4326;POINT(-55.829729233192566 -12.854455132857547),-12.8544551329,-55.8297292332,4,"Mato Grosso,Sorriso",Sequeiro,R6 (maturação fisiológica / physiological maturity),60,4. Boa / Good,43,13,18,27,13,18,31,13,14,28,43,12,16,29,11,18,27,9,14,14,5c087b99-62ad-4a37-83dc-01bb42cb11b8,ab4403da-3e79-4859-ad50-355591e0bd11,73568570-a4bc-4896-853c-f4ccc636b520,151.575468409586
4752c3d0-b6f0-4676-9884-88ea8966c317,4,2026-05-04 19:46:33 UTC,,,Jhonatan Negreiros,SRID=4326;POINT(-55.88317514402408 -12.989347921696481),-12.9893479217,-55.883175144,4,"Mato Grosso,Sorriso",Sequeiro,R6 (maturação fisiológica / physiological maturity),50,5. Excelente / Excellent,32,16,16,32,16,16,32,14,18,26,29,15,16,28,15,16,30,14,16,30,5eac73fa-7c80-4163-b7c3-ef1807740d5b,bd8b4395-7a7f-4c7b-a4c3-7e43bdf97bde,5dc561fd-212f-41c3-9d62-44875bfe913f,147.209877995643
cbecbfea-9b7c-400c-846b-18b0ee251272,4,2026-05-04 19:46:03 UTC,,,Jhonatan Negreiros,SRID=4326;POINT(-55.76768995041826 -12.623455595421136),-12.6234555954,-55.7676899504,4,"Mato Grosso,Sorriso",Sequeiro,R5 (formação de dentes / dent),50,5. Excelente / Excellent,30,18,16,38,18,16,36,18,14,38,33,16,14,33,16,16,35,18,18,33,51915b65-a2bb-4a62-9679-cd7c019f4824,b58e7ed3-2d3e-4002-8b29-69a349ae70e9,f1c340d4-d412-4db2-a0fc-00dd3d1008eb,174.505470588235
af88174c-0167-4f86-b180-467ef166db90,4,2026-05-04 18:26:55 UTC,,,Jhonatan Negreiros,SRID=4326;POINT(-55.98900245334856 -13.19217487970199),-13.1921748797,-55.9890024533,4,"Mato Grosso,Lucas do Rio Verde",Sequeiro,R6 (maturação fisiológica / physiological maturity),50,5. Excelente / Excellent,32,17,18,34,16,16,34,18,18,34,34,15,18,31,16,16,27,11,16,22,cc1ce174-2869-4d31-92f7-3f968727cbda,5cb48eef-e207-4fd2-9c30-a630661aad89,e9f89a02-fe4b-4e26-ba2b-68b22a21f131,169.502666666667
ec636e7a-12de-48ed-97aa-4d966e22cd46,4,2026-05-04 18:26:55 UTC,,,Jhonatan Negreiros,SRID=4326;POINT(-56.042299879142554 -13.312139513277762),-13.3121395133,-56.0422998791,4,"Mato Grosso,Lucas do Rio Verde",Sequeiro,R6 (maturação fisiológica / physiological maturity),48,5. Excelente / Excellent,29,19,12,36,17,16,32,18,12,33,29,15,14,31,15,16,32,14,12,29,5541393b-f963-443b-854b-910a4a8bfdf0,5ee20e55-3c6d-4675-9d83-671c0a991092,8a237211-4de0-4293-a6bd-211c333b7e56,132.278408678286
22055f3d-f794-428c-8193-a4f7b0febbdb,4,2026-05-04 18:26:54 UTC,,,Jhonatan Negreiros,SRID=4326;POINT(-56.07946084246057 -13.419810751828289),-13.4198107518,-56.0794608425,4,"Mato Grosso,Lucas do Rio Verde",Sequeiro,R6 (maturação fisiológica / physiological maturity),50,4. Boa / Good,28,16,18,35,16,18,32,10,16,25,29,14,18,31,11,20,25,10,18,20,e66530cc-59a6-4347-9894-8ef579c36bed,8ba11a58-d00d-4f75-8262-48ed3d1ff2f9,5813468d-89ca-4cd8-af37-0e92ba28f646,143.076705882353
f05b5c11-2bd8-4f27-891b-fe5db62d51a6,4,2026-05-04 18:26:52 UTC,,,Jhonatan Negreiros,SRID=4326;POINT(-56.02585250188317 -13.545501950088573),-13.5455019501,-56.0258525019,4,"Mato Grosso,Lucas do Rio Verde",Sequeiro,R6 (maturação fisiológica / physiological maturity),50,4. Boa / Good,33,19,18,42,14,20,26,8,18,14,33,13,18,30,9,18,17,15,18,31,d4763c30-c81b-4ed0-bfc3-42b98b61a43e,3c53e66d-fc71-43b0-bb12-9f223ee83c88,e052fd9f-4b50-412c-ae43-2c969e669724,160.700653594771
389c980c-aa57-4e2e-8110-c59ff024146c,4,2026-05-04 18:26:51 UTC,,,Jhonatan Negreiros,SRID=4326;POINT(-56.04139231944422 -13.711283421673626),-13.7112834217,-56.0413923194,4,"Mato Grosso,Nova Mutum",Sequeiro,R4 (grão pastoso / dough),50,3. Média / Fair,30,18,16,30,16,16,32,18,16,37,29,14,18,26,18,14,34,10,12,19,9fcb0ddc-7d8f-472c-9be1-6141d847e59c,ed5d3017-3431-40d5-89d2-6de7cc6104cd,fe0ab0ba-bfc2-42e7-8967-088d127f547c,133.665978213508
9e0eb08c-855f-497e-8407-269431714a5d,4,2026-05-04 15:30:45 UTC,,,Jhonatan Negreiros,SRID=4326;POINT(-56.08611283829071 -13.868438699295622),-13.8684386993,-56.0861128383,4,"Mato Grosso,Nova Mutum",Sequeiro,R6 (maturação fisiológica / physiological maturity),48,4. Boa / Good,28,17,16,35,15,16,33,14,16,28,30,11,20,22,14,14,33,16,16,35,812ca27e-bdac-4de4-b1df-62de6169a71e,2bf1209f-fb5a-4096-81dc-070be78665c0,81552951-a472-4af3-8e70-fa9d53aa1eab,152.355038126362
