fulcrum_id,created_at,updated_at,created_by,updated_by,system_created_at,system_updated_at,version,status,project,assigned_to,latitude,longitude,geometry,data,endereco_sub_thoroughfare,endereco_thoroughfare,endereco_suite,endereco_locality,endereco_sub_admin_area,endereco_admin_area,endereco_postal_code,endereco_country,endereco_full,localidade_,estadio_fenologico,espacamento_de_linha_cm,plantas2m_linha1,plantas2m_linha2,plantas2m_linha3,plantasha_k,graos_planta_1,graos_planta_2,graos_planta_3,graos_planta_4,graos_planta_5,graos_planta_6,graosha_k,peso_100_graos,umidade_dos_graos,condicao_da_lavoura,estimativa_visual_scha,observacoes,grupo,fotos,fotos_caption,fotos_url
3b673148-e75f-401d-80e2-c981c87039dd,2026-01-12 11:03:12 UTC,2026-01-12 11:15:50 UTC,fernando.malavolta@zgbr.com.br,fernando.malavolta@zgbr.com.br,2026-01-12 11:15:53 UTC,2026-01-12 11:15:53 UTC,1,,,,-25.4630617,-54.4414933,POINT (-54.4414933 -25.4630617),2026-01-12,,BR-277,,,Santa Terezinha de Itaipu,Paraná,85875-000,Brasil,BR-277 Santa Terezinha de Itaipu Paraná 85875-000 Brasil,"Parana, Foz do Iguaçu",Enchimento de Graos,50,16,17,12,150,149,192,183,147,302,204,29425,,,5. Excelente,,,25,"6eb85087-f847-44b8-bb9f-e90ca2df1ec4,d2aed4be-1ce3-4cc1-baed-b7bd3378c505,c3549637-1b17-479d-a364-2ca064489af3",",,",https://web.fulcrumapp.com/photos/view?photos=6eb85087-f847-44b8-bb9f-e90ca2df1ec4%2Cd2aed4be-1ce3-4cc1-baed-b7bd3378c505%2Cc3549637-1b17-479d-a364-2ca064489af3
71659cae-cfdf-4c57-bf8b-af0b454c7d8a,2026-01-12 11:29:17 UTC,2026-01-12 11:39:57 UTC,fernando.malavolta@zgbr.com.br,fernando.malavolta@zgbr.com.br,2026-01-12 12:15:12 UTC,2026-01-12 12:15:12 UTC,1,,,,-25.398822,-54.315142,POINT (-54.315142 -25.398822),2026-01-12,,,,,,,,,,"Parana, Sao Miguel do Iguaçu",Enchimento de Graos,50,17,21,15,176.66666666666666,141,143,168,174,162,348,33448.88888888888,,,5. Excelente,,,25,"8a60f7ee-c80f-455c-8b98-32ff356b7ce3,3e8ebe03-30f1-4512-8bfd-59fae8cc6c8b,2e448cb7-4c2b-41f6-81db-03c292228f02,27fa4cc0-52ac-470b-915f-424e2c74d9f9,51156013-9566-4144-813f-8a1865d9fb45",",,,,",https://web.fulcrumapp.com/photos/view?photos=8a60f7ee-c80f-455c-8b98-32ff356b7ce3%2C3e8ebe03-30f1-4512-8bfd-59fae8cc6c8b%2C2e448cb7-4c2b-41f6-81db-03c292228f02%2C27fa4cc0-52ac-470b-915f-424e2c74d9f9%2C51156013-9566-4144-813f-8a1865d9fb45
fc398085-1cbd-4769-ab1d-d163f4eb4430,2026-01-12 11:56:32 UTC,2026-01-12 12:03:04 UTC,fernando.malavolta@zgbr.com.br,fernando.malavolta@zgbr.com.br,2026-01-12 12:15:13 UTC,2026-01-12 12:15:13 UTC,1,,,,-25.3249364,-54.1675621,POINT (-54.1675621 -25.3249364),2026-01-12,,Rua Guanabara,,,São Miguel do Iguaçu,Paraná,85877-000,Brasil,Rua Guanabara São Miguel do Iguaçu Paraná 85877-000 Brasil,"Parana, Sao Miguel do Iguaçu",Maturacao,45,21,26,18,240.74074074074073,225,174,128,104,97,69,31978.395061728395,,,5. Excelente,,,25,"dec22e9f-d26d-44a8-af1a-45bbd2346d11,235c5f42-e328-44d3-ad0c-0750d723605f,3c1efe82-7ad4-4972-8ca8-346cbd36f244",",,",https://web.fulcrumapp.com/photos/view?photos=dec22e9f-d26d-44a8-af1a-45bbd2346d11%2C235c5f42-e328-44d3-ad0c-0750d723605f%2C3c1efe82-7ad4-4972-8ca8-346cbd36f244
905b1ce9-c8f3-4629-87ac-87d51175aa60,2026-01-12 11:50:27 UTC,2026-01-15 18:50:37 UTC,jhonatan.negreiros@inpasa.com.br,jhonatan.negreiros@inpasa.com.br,2026-01-12 12:20:43 UTC,2026-01-15 18:50:42 UTC,2,,,,-12.109647260335711,-55.392636281067325,POINT (-55.392636281067325 -12.109647260335711),2026-01-12,,MT438,,Sinop,Sinop,MT,78558-433,BR,MT438 Sinop Sinop MT 78558-433 BR,"Mato Grosso, Sinop",Maturado (dessecado),45,17,20,23,222.222222222222,116,110,67,229,173,191,32814.8148148148,,,5. Excelente,75sc/ha,,2,"bf140b61-c511-4f65-9aab-db4ef395be14,0e0daae1-ad2c-433c-bec8-66c9720b514a,89a44147-9593-49d8-87db-1eabb655dc1f",",,",https://web.fulcrumapp.com/photos/view?photos=bf140b61-c511-4f65-9aab-db4ef395be14%2C0e0daae1-ad2c-433c-bec8-66c9720b514a%2C89a44147-9593-49d8-87db-1eabb655dc1f
96a7e377-925e-492f-af67-f3f00e213d64,2026-01-12 12:15:23 UTC,2026-01-12 12:22:27 UTC,fernando.malavolta@zgbr.com.br,fernando.malavolta@zgbr.com.br,2026-01-12 12:22:31 UTC,2026-01-12 12:22:31 UTC,1,,,,-25.2673252,-54.0958107,POINT (-54.0958107 -25.2673252),2026-01-12,177,Estrada de Ligação Ao São Francisco,,,Medianeira,Paraná,85884-000,Brasil,177 Estrada de Ligação Ao São Francisco Medianeira Paraná 85884-000 Brasil,"Parana, Sao Miguel do Iguaçu",Maturacao,50,24,24,17,216.66666666666666,234,159,157,219,122,157,37844.444444444445,,,5. Excelente,,,25,"cf37652d-0c00-4104-bc37-eabc6e90e6cf,a4ed9642-504f-40aa-b133-6b1389ac2c76,e8a7e201-4e91-44e6-81b9-1efe2d5017b7",",,",https://web.fulcrumapp.com/photos/view?photos=cf37652d-0c00-4104-bc37-eabc6e90e6cf%2Ca4ed9642-504f-40aa-b133-6b1389ac2c76%2Ce8a7e201-4e91-44e6-81b9-1efe2d5017b7
b14f1424-55a2-4033-9c46-efca99cdc324,2026-01-12 12:20:20 UTC,2026-01-15 18:50:47 UTC,jhonatan.negreiros@inpasa.com.br,jhonatan.negreiros@inpasa.com.br,2026-01-12 12:30:41 UTC,2026-01-15 18:50:49 UTC,3,,,,-12.236621063487929,-55.31514233304591,POINT (-55.31514233304591 -12.236621063487929),2026-01-12,,,,Vera,Sorriso (Mato Grosso),MT,78880-000,BR,Vera Sorriso (Mato Grosso) MT 78880-000 BR,"Mato Grosso, Vera",Enchimento de Graos,50,21,18,17,186.666666666667,107,116,152,184,150,147,26631.1111111111,,,4. Boa,55sc/ha,Presença de mosca branca ,2,"107d7505-33dd-40f4-b145-8c69599e4837,10259842-479b-4312-b0e4-057fba304638,cf8965f2-8bbc-4be6-a950-1611ef481a7f",",,",https://web.fulcrumapp.com/photos/view?photos=107d7505-33dd-40f4-b145-8c69599e4837%2C10259842-479b-4312-b0e4-057fba304638%2Ccf8965f2-8bbc-4be6-a950-1611ef481a7f
a7f537a2-9160-4251-a375-398f3dfeed46,2026-01-12 12:45:33 UTC,2026-01-12 12:51:54 UTC,fernando.malavolta@zgbr.com.br,fernando.malavolta@zgbr.com.br,2026-01-12 12:51:56 UTC,2026-01-12 12:51:56 UTC,1,,,,-25.1743753,-54.1794088,POINT (-54.1794088 -25.1743753),2026-01-12,382,Rua Independência,,,Missal,Paraná,85890-000,Brasil,382 Rua Independência Missal Paraná 85890-000 Brasil,"Parana, Missal",Maturacao,50,23,20,25,226.66666666666666,72,165,157,74,108,175,28371.11111111111,,,4. Boa,,,25,"28bae3cd-1750-45b9-9c31-26fa22f4a426,c76515f5-8fc1-4613-8d21-0dee1959f220,f776eaa4-2901-432f-af72-3e6ff9a2d186",",,",https://web.fulcrumapp.com/photos/view?photos=28bae3cd-1750-45b9-9c31-26fa22f4a426%2Cc76515f5-8fc1-4613-8d21-0dee1959f220%2Cf776eaa4-2901-432f-af72-3e6ff9a2d186
c63db06e-5683-434a-97be-f08f735c56f7,2026-01-12 12:44:19 UTC,2026-01-15 18:47:57 UTC,jhonatan.negreiros@inpasa.com.br,jhonatan.negreiros@inpasa.com.br,2026-01-12 13:26:30 UTC,2026-01-15 18:47:59 UTC,2,,,,-12.254064493352208,-55.200306646648585,POINT (-55.200306646648585 -12.254064493352208),2026-01-12,,MT225,,Vera,Sorriso (Mato Grosso),MT,78880-000,BR,MT225 Vera Sorriso (Mato Grosso) MT 78880-000 BR,"Mato Grosso, Vera",Enchimento de Graos,45,14,14,14,155.555555555556,89,184,284,78,92,274,25951.8518518518,,,4. Boa,65sc/ha,,2,"027426f5-49db-46bc-9c09-dfcd5f266acd,8ff66fd6-db9a-407d-a6c7-347c985addb0,21f6aadf-f971-46c5-b363-4aa604ac4d01",",,",https://web.fulcrumapp.com/photos/view?photos=027426f5-49db-46bc-9c09-dfcd5f266acd%2C8ff66fd6-db9a-407d-a6c7-347c985addb0%2C21f6aadf-f971-46c5-b363-4aa604ac4d01
32b14738-9978-4cbd-9965-837a5c2daf03,2026-01-12 13:05:17 UTC,2026-01-15 18:48:47 UTC,jhonatan.negreiros@inpasa.com.br,jhonatan.negreiros@inpasa.com.br,2026-01-12 13:26:31 UTC,2026-01-15 18:48:48 UTC,2,,,,-12.26520289705775,-55.080171403347805,POINT (-55.080171403347805 -12.26520289705775),2026-01-12,,MT225,,Feliz Natal,Sinop,MT,78885-000,BR,MT225 Feliz Natal Sinop MT 78885-000 BR,"Mato Grosso, Feliz Natal",Maturado (dessecado),50,17,13,15,150,119,108,153,72,123,176,18775,,,3. Media,50sc/ha,,2,"d2aaa7c5-dc15-4400-bdd4-4da326213623,ff2cbe27-6c6d-411e-b08d-98df49c2b102,e4f5ed19-39f2-4636-b64e-a6e5be26ce4b",",,",https://web.fulcrumapp.com/photos/view?photos=d2aaa7c5-dc15-4400-bdd4-4da326213623%2Cff2cbe27-6c6d-411e-b08d-98df49c2b102%2Ce4f5ed19-39f2-4636-b64e-a6e5be26ce4b
ad863a4f-6ccd-4039-b6e3-6afc07bd63b9,2026-01-12 13:18:29 UTC,2026-01-12 13:26:41 UTC,fernando.malavolta@zgbr.com.br,fernando.malavolta@zgbr.com.br,2026-01-12 13:26:45 UTC,2026-01-12 13:26:45 UTC,1,,,,-25.0859766,-54.2588676,POINT (-54.2588676 -25.0859766),2026-01-12,815,PR-495,,,Missal,Paraná,85890-000,Brasil,815 PR-495 Missal Paraná 85890-000 Brasil,"Parana, Missal",Maturacao,50,13,20,14,156.66666666666666,75,152,182,304,262,404,36007.22222222222,,,4. Boa,,,25,"c1d1e50c-3d4e-45d5-b23e-11d382959b78,4a8110ae-d11c-43f6-9e53-3770e3109247,8ad8e0b5-642f-4986-b14e-20a54de1260d,907799b4-b7df-4efc-a342-10bd0ffaaeee",",,,",https://web.fulcrumapp.com/photos/view?photos=c1d1e50c-3d4e-45d5-b23e-11d382959b78%2C4a8110ae-d11c-43f6-9e53-3770e3109247%2C8ad8e0b5-642f-4986-b14e-20a54de1260d%2C907799b4-b7df-4efc-a342-10bd0ffaaeee
43b41676-388f-4462-8499-96345c33c0a4,2026-01-12 13:26:15 UTC,2026-01-15 18:48:57 UTC,jhonatan.negreiros@inpasa.com.br,jhonatan.negreiros@inpasa.com.br,2026-01-12 13:33:07 UTC,2026-01-15 18:49:00 UTC,2,,,,-12.365847565244891,-54.95084314612201,POINT (-54.95084314612201 -12.365847565244891),2026-01-12,,MT-225,,Feliz Natal,Sinop,MT,78885-000,BR,MT-225 Feliz Natal Sinop MT 78885-000 BR,"Mato Grosso, Feliz Natal",Enchimento de Graos,50,19,21,28,226.666666666667,91,76,101,156,165,133,27275.5555555556,,,4. Boa,60sc/ha,,2,"bbc1451e-26b1-47b1-8bfd-0218b5f089f5,3ff78e6d-44e2-4687-af1f-3c14ea711aea,2c2c3728-9822-4599-8380-e60db457dc6d",",,",https://web.fulcrumapp.com/photos/view?photos=bbc1451e-26b1-47b1-8bfd-0218b5f089f5%2C3ff78e6d-44e2-4687-af1f-3c14ea711aea%2C2c2c3728-9822-4599-8380-e60db457dc6d
c6739e06-384f-465b-8172-f6608caf24e4,2026-01-12 13:37:24 UTC,2026-01-12 13:44:48 UTC,fernando.malavolta@zgbr.com.br,fernando.malavolta@zgbr.com.br,2026-01-12 13:52:00 UTC,2026-01-12 13:52:00 UTC,1,,,,-24.9994328,-54.2395214,POINT (-54.2395214 -24.9994328),2026-01-12,,PR-495,,,Missal,Paraná,85892-000,Brasil,PR-495 Missal Paraná 85892-000 Brasil,"Parana, Santa Helena",Maturacao,50,19,19,21,196.66666666666666,162,195,176,170,213,217,37137.22222222222,,,4. Boa,,,25,"4c727487-e14d-43cf-8194-3410422f10be,6bc020e3-4a53-4eed-bb1c-2697cf0694e0,c2b874d5-8b85-48bc-9b8f-da2b870dd9ec",",,",https://web.fulcrumapp.com/photos/view?photos=4c727487-e14d-43cf-8194-3410422f10be%2C6bc020e3-4a53-4eed-bb1c-2697cf0694e0%2Cc2b874d5-8b85-48bc-9b8f-da2b870dd9ec
769444de-13a7-4dfd-a4c5-f9a7f918e701,2026-01-12 14:05:06 UTC,2026-01-12 14:13:01 UTC,fernando.malavolta@zgbr.com.br,fernando.malavolta@zgbr.com.br,2026-01-12 14:23:39 UTC,2026-01-12 14:23:39 UTC,1,,,,-24.9056328,-54.2145506,POINT (-54.2145506 -24.9056328),2026-01-12,,,,,,,,,,"Parana, Santa Helena",Maturacao,50,27,25,16,226.66666666666666,302,108,162,252,341,206,51793.333333333336,,,5. Excelente,,,25,"0b450bcf-3e44-4c4f-99de-0606374c5570,cf0b10d5-6c49-45d7-84af-e3131995bfa4,f7014510-8284-43ee-ad82-8443d5f6aa0d",",,",https://web.fulcrumapp.com/photos/view?photos=0b450bcf-3e44-4c4f-99de-0606374c5570%2Ccf0b10d5-6c49-45d7-84af-e3131995bfa4%2Cf7014510-8284-43ee-ad82-8443d5f6aa0d
9eb76dab-5e07-41da-9bd1-cbf68babbb47,2026-01-12 14:30:20 UTC,2026-01-12 14:36:00 UTC,fernando.malavolta@zgbr.com.br,fernando.malavolta@zgbr.com.br,2026-01-12 14:36:04 UTC,2026-01-12 14:36:04 UTC,1,,,,-24.9494725,-54.0862388,POINT (-54.0862388 -24.9494725),2026-01-12,,PR-488,,,Diamante D'Oeste,Paraná,85896-000,Brasil,PR-488 Diamante D'Oeste Paraná 85896-000 Brasil,"Parana, Diamante D'Oeste",Maturacao,50,27,16,23,220,114,109,172,93,159,212,31496.666666666668,,,4. Boa,,,25,"f30190b7-28ad-450c-a5f5-bb342f50134f,ace6de72-5d43-4b37-be63-a2044d34c7e5,b6a2317b-d07b-4000-baaa-d109999ec4bb",",,",https://web.fulcrumapp.com/photos/view?photos=f30190b7-28ad-450c-a5f5-bb342f50134f%2Cace6de72-5d43-4b37-be63-a2044d34c7e5%2Cb6a2317b-d07b-4000-baaa-d109999ec4bb
851e7724-44b0-43e4-b6b1-006b78564c32,2026-01-12 14:46:43 UTC,2026-01-12 14:51:39 UTC,fernando.malavolta@zgbr.com.br,fernando.malavolta@zgbr.com.br,2026-01-12 14:51:43 UTC,2026-01-12 14:51:43 UTC,1,,,,-24.9856834,-53.9639396,POINT (-53.9639396 -24.9856834),2026-01-12,,PR-488,,,Vera Cruz do Oeste,Paraná,85845-000,Brasil,PR-488 Vera Cruz do Oeste Paraná 85845-000 Brasil,"Parana, Vera Cruz do Oeste",Maturacao,50,22,20,19,203.33333333333334,159,86,52,134,76,74,19689.444444444445,,,4. Boa,,,25,"5234a918-8422-4c71-a83e-4dcfdce63022,a4646e5f-0d81-4097-99f0-1d9aa469b946,abd6083f-cf3a-40a6-934b-8043f8a2e9f2",",,",https://web.fulcrumapp.com/photos/view?photos=5234a918-8422-4c71-a83e-4dcfdce63022%2Ca4646e5f-0d81-4097-99f0-1d9aa469b946%2Cabd6083f-cf3a-40a6-934b-8043f8a2e9f2
1f36b2c5-b350-4074-8bfb-3cb3b458607e,2026-01-12 13:46:19 UTC,2026-01-12 14:20:02 UTC,lucas.macedo@viterra.com,lucas.macedo@viterra.com,2026-01-12 16:27:53 UTC,2026-01-12 16:27:53 UTC,1,,,,-14.525340194807557,-56.21950156725192,POINT (-56.21950156725192 -14.525340194807557),2026-01-12,,,,,,,,,,"Mato Grosso, Diamantino",Enchimento de Graos,60,17,22,16,152.777777777778,220,147,165,123,252,200,28187.5,,,4. Boa,60sc/ha,,3,"51d5e365-0b61-4d6c-bae9-638dfb71ebc7,97141fe2-19de-477e-b976-978060c5520f,3d66abd3-2eca-487f-aac3-c3549e9ca38c,7157286f-cd4a-4116-adef-c798bf57dd56,f22fab37-3211-414b-b90a-eb5c66ed5196",",,,,",https://web.fulcrumapp.com/photos/view?photos=51d5e365-0b61-4d6c-bae9-638dfb71ebc7%2C97141fe2-19de-477e-b976-978060c5520f%2C3d66abd3-2eca-487f-aac3-c3549e9ca38c%2C7157286f-cd4a-4116-adef-c798bf57dd56%2Cf22fab37-3211-414b-b90a-eb5c66ed5196
6f8eb85b-40e9-4dd2-85c8-0c8687efda49,2026-01-12 14:30:41 UTC,2026-01-12 14:44:25 UTC,lucas.macedo@viterra.com,lucas.macedo@viterra.com,2026-01-12 16:27:53 UTC,2026-01-12 16:27:53 UTC,1,,,,-14.407843240827162,-56.109598290675024,POINT (-56.109598290675024 -14.407843240827162),2026-01-12,,,,,,,,,,"Mato Grosso, Diamantino",Enchimento de Graos,50,23,32,23,260,154,136,63,126,78,102,28556.6666666667,,,4. Boa,60sc/ha,,3,"aa6b2ed1-87fd-4204-a075-6f4b07c1116a,89e73734-7330-4993-bb7d-4428fbf377c4,2b82c801-b4f9-48a2-9181-4bd4102ccdf9,fae24360-6d58-4643-928e-b5b7eadbc39f",",,,",https://web.fulcrumapp.com/photos/view?photos=aa6b2ed1-87fd-4204-a075-6f4b07c1116a%2C89e73734-7330-4993-bb7d-4428fbf377c4%2C2b82c801-b4f9-48a2-9181-4bd4102ccdf9%2Cfae24360-6d58-4643-928e-b5b7eadbc39f
3c0186e1-dac2-4c3a-b095-a3be54cbe5c2,2026-01-12 14:55:07 UTC,2026-01-12 15:05:45 UTC,lucas.macedo@viterra.com,lucas.macedo@viterra.com,2026-01-12 16:27:54 UTC,2026-01-12 16:27:54 UTC,1,,,,-14.307055100810807,-56.136867357457156,POINT (-56.136867357457156 -14.307055100810807),2026-01-12,,,,,,,,,,"Mato Grosso, Nova Mutum",Maturado (dessecado),60,30,27,33,250,93,102,90,99,78,81,22625,,,3. Media,55sc/ha,,3,"cfa88d16-f54e-4b45-95b4-3f2a255cc389,3022c3f4-36c4-43bf-97b9-d8243d1fc7f5,9548e481-72e0-463d-80a8-91fc8394200f",",,",https://web.fulcrumapp.com/photos/view?photos=cfa88d16-f54e-4b45-95b4-3f2a255cc389%2C3022c3f4-36c4-43bf-97b9-d8243d1fc7f5%2C9548e481-72e0-463d-80a8-91fc8394200f
5f7eb01f-73e3-4fe5-9751-456b56d749b5,2026-01-12 15:33:10 UTC,2026-01-12 16:30:39 UTC,lucas.macedo@viterra.com,lucas.macedo@viterra.com,2026-01-12 16:30:42 UTC,2026-01-12 16:30:42 UTC,1,,,,-13.953525621202607,-56.08712134741362,POINT (-56.08712134741362 -13.953525621202607),2026-01-12,,,,Nova Mutum,Sorriso,MT,78450-000,BR,Nova Mutum Sorriso MT 78450-000 BR,"Mato Grosso, Nova Mutum",Enchimento de Graos,50,23,25,27,250,69,108,99,108,69,120,23875,,,4. Boa,55sc/ha,,3,"e68d8f81-6c4c-43cc-8d36-780c2d0c15ca,4359876c-be87-414b-969e-0c7220f4d77b,02b9af28-eabd-49d3-9c3c-a93188549128,b3f5a789-33d9-42ce-ae65-0e6404d45621,eb8538f7-96aa-42d8-b9e7-1e6b97b9e226,29eaa1aa-8ff3-43e8-8242-124c485caecd",",,,,,",https://web.fulcrumapp.com/photos/view?photos=e68d8f81-6c4c-43cc-8d36-780c2d0c15ca%2C4359876c-be87-414b-969e-0c7220f4d77b%2C02b9af28-eabd-49d3-9c3c-a93188549128%2Cb3f5a789-33d9-42ce-ae65-0e6404d45621%2Ceb8538f7-96aa-42d8-b9e7-1e6b97b9e226%2C29eaa1aa-8ff3-43e8-8242-124c485caecd
0101bbad-c9b0-4834-b340-8a839bbe2a2d,2026-01-12 16:25:32 UTC,2026-01-12 16:32:46 UTC,fernando.malavolta@zgbr.com.br,fernando.malavolta@zgbr.com.br,2026-01-12 16:32:50 UTC,2026-01-12 16:32:50 UTC,1,,,,-24.9218666,-53.8507605,POINT (-53.8507605 -24.9218666),2026-01-12,2145,PR-182,,,São Pedro do Iguaçu,Paraná,85929-000,Brasil,2145 PR-182 São Pedro do Iguaçu Paraná 85929-000 Brasil,"Parana, Sao Pedro do Iguaçu",Maturacao,45,14,12,22,177.77777777777774,75,126,165,125,92,207,23407.4074074074,,,3. Media,,Muitas daninhas.,25,"7ebf81db-ea16-4964-b382-a9882cbdaa51,f7547e47-39ea-465c-9bf4-7697962e0ce4,2e8b8742-3575-4309-8407-7a51acd01b07,a376647a-72de-4795-acbc-d3dd22a2573c,db205c9c-8a93-42af-abf6-bbc41e964599",",,,,",https://web.fulcrumapp.com/photos/view?photos=7ebf81db-ea16-4964-b382-a9882cbdaa51%2Cf7547e47-39ea-465c-9bf4-7697962e0ce4%2C2e8b8742-3575-4309-8407-7a51acd01b07%2Ca376647a-72de-4795-acbc-d3dd22a2573c%2Cdb205c9c-8a93-42af-abf6-bbc41e964599
c12835f2-fff6-48f9-819c-6f1448e82a22,2026-01-12 16:06:18 UTC,2026-01-12 16:12:41 UTC,fernando.malavolta@zgbr.com.br,fernando.malavolta@zgbr.com.br,2026-01-12 16:33:12 UTC,2026-01-12 16:33:12 UTC,1,,,,-25.0087618,-53.8646746,POINT (-53.8646746 -25.0087618),2026-01-12,,,,,,,,,,"Parana, Vera Cruz do Oeste",Maturacao,50,28,22,21,236.66666666666666,96,162,164,148,210,269,41377.22222222222,,,5. Excelente,,,25,"8510aa5c-127f-4f1d-8405-4f29467447be,6fa9a9b9-0396-4ed3-94fc-3b2abf85976f,5329e142-308b-4d83-8067-5a278485a0b6,eb9cd552-1a43-4650-a179-4ddbe209ddae",",,,",https://web.fulcrumapp.com/photos/view?photos=8510aa5c-127f-4f1d-8405-4f29467447be%2C6fa9a9b9-0396-4ed3-94fc-3b2abf85976f%2C5329e142-308b-4d83-8067-5a278485a0b6%2Ceb9cd552-1a43-4650-a179-4ddbe209ddae
a7707d58-5583-4ecd-9799-1dee42de48f4,2026-01-12 15:36:49 UTC,2026-01-12 16:32:31 UTC,eduardo.diamandis@zgbr.com.br,eduardo.diamandis@zgbr.com.br,2026-01-12 16:42:29 UTC,2026-01-12 16:42:29 UTC,1,,,,-13.473789999999994,-56.67620999999998,POINT (-56.67620999999998 -13.473789999999994),2026-01-12,,,,São José Do Rio Claro,Diamantino,MT,78435-000,BR,São José Do Rio Claro Diamantino MT 78435-000 BR,"Mato Grosso, Sao Jose do Rio Claro",Enchimento de Graos,50,15,12,10,123.333333333333,212,120,91,165,210,233,21192.7777777778,,,4. Boa,55sc/ha,,1,"bad47aaf-15b3-432d-9ce6-e05803e5eed7,477ffd8d-2f13-49a6-ac33-6dce91000daa,6f6d1e49-6769-41c9-a099-7d15a39f1ba1",",,",https://web.fulcrumapp.com/photos/view?photos=bad47aaf-15b3-432d-9ce6-e05803e5eed7%2C477ffd8d-2f13-49a6-ac33-6dce91000daa%2C6f6d1e49-6769-41c9-a099-7d15a39f1ba1
d7e308dd-ecdc-405a-aa8e-223a5bdaf141,2026-01-12 15:18:35 UTC,2026-01-12 16:33:18 UTC,eduardo.diamandis@zgbr.com.br,eduardo.diamandis@zgbr.com.br,2026-01-12 16:42:30 UTC,2026-01-12 16:42:30 UTC,1,,,,-13.588546666666666,-56.579281666666674,POINT (-56.579281666666674 -13.588546666666666),2026-01-12,,,,São José Do Rio Claro,Diamantino,MT,78435-000,BR,São José Do Rio Claro Diamantino MT 78435-000 BR,"Mato Grosso, Sao Jose do Rio Claro",Enchimento de Graos,50,19,17,10,153.333333333333,195,73,138,94,186,182,22182.2222222222,,,3. Media,,,1,"d1941932-e2aa-435d-a59e-e4d381ea11d0,36e29f87-b4fd-4e47-84a1-6f57f982a58e,4889bbb7-b6f7-4d7c-abab-18319213aeb5",",,",https://web.fulcrumapp.com/photos/view?photos=d1941932-e2aa-435d-a59e-e4d381ea11d0%2C36e29f87-b4fd-4e47-84a1-6f57f982a58e%2C4889bbb7-b6f7-4d7c-abab-18319213aeb5
3d5f79ad-7884-452f-b681-d07f3716c15c,2026-01-12 14:58:29 UTC,2026-01-12 16:33:28 UTC,eduardo.diamandis@zgbr.com.br,eduardo.diamandis@zgbr.com.br,2026-01-12 16:42:30 UTC,2026-01-12 16:42:30 UTC,1,,,,-13.73155,-56.553405000000005,POINT (-56.553405000000005 -13.73155),2026-01-12,,Rodovia Domingos Briante,,São José Do Rio Claro,Diamantino,MT,78435-000,BR,Rodovia Domingos Briante São José Do Rio Claro Diamantino MT 78435-000 BR,"Mato Grosso, Diamantino",Enchimento de Graos,50,22,28,26,253.333333333333,132,220,114,173,122,171,39351.1111111111,,,4. Boa,60sc/ha,,1,"7422d529-a593-41cc-9210-55a29ec28bd9,93ebb8ab-c797-46e2-90fe-7e162be24c11,aa5f9a4b-1c12-4ca1-a779-485f2433d262",",,",https://web.fulcrumapp.com/photos/view?photos=7422d529-a593-41cc-9210-55a29ec28bd9%2C93ebb8ab-c797-46e2-90fe-7e162be24c11%2Caa5f9a4b-1c12-4ca1-a779-485f2433d262
412bfe7f-d8e3-45b2-9c81-6ae5f90f8576,2026-01-12 14:37:06 UTC,2026-01-13 09:13:28 UTC,eduardo.diamandis@zgbr.com.br,lucas.macedo@viterra.com,2026-01-12 16:42:31 UTC,2026-01-13 09:13:29 UTC,2,,,,-13.9285982833,-56.5364441,POINT (-56.5364441 -13.928598283333335),2026-01-12,,,,,,,,,,"Mato Grosso, Diamantino",Enchimento de Graos,50,32,32,30,313.3333333333333,67,41,60,89,78,135,24544.44444444444,,,4. Boa,65sc/ha,,1,"54871574-339c-4162-8da9-e1dd85b26ea1,51dbe85e-d0f8-4aff-9023-799aed70e44b,adec1def-e33c-4537-bdc9-c38092ac80e8",",,",https://web.fulcrumapp.com/photos/view?photos=54871574-339c-4162-8da9-e1dd85b26ea1%2C51dbe85e-d0f8-4aff-9023-799aed70e44b%2Cadec1def-e33c-4537-bdc9-c38092ac80e8
de461971-aa69-430a-aff6-a26e94bd38f7,2026-01-12 14:13:46 UTC,2026-01-12 16:33:47 UTC,eduardo.diamandis@zgbr.com.br,eduardo.diamandis@zgbr.com.br,2026-01-12 16:42:31 UTC,2026-01-12 16:42:31 UTC,1,,,,-14.166321666666667,-56.54196166666668,POINT (-56.54196166666668 -14.166321666666667),2026-01-12,,Rodovia Domingos Briante,,Diamantino,Diamantino,MT,78400-000,BR,Rodovia Domingos Briante Diamantino Diamantino MT 78400-000 BR,"Mato Grosso, Diamantino",Maturacao,50,20,18,17,183.333333333333,184,123,163,231,212,142,32236.1111111111,,,4. Boa,60sc/ha,,1,"674a00c0-f744-4a5a-9cfe-6228759a0fa6,d100a947-0be1-45f3-948e-b5c638388ab4,3a1c8796-1db8-41f7-92d1-f2ff3fca2cd2",",,",https://web.fulcrumapp.com/photos/view?photos=674a00c0-f744-4a5a-9cfe-6228759a0fa6%2Cd100a947-0be1-45f3-948e-b5c638388ab4%2C3a1c8796-1db8-41f7-92d1-f2ff3fca2cd2
6a978244-cd92-48e5-8e0d-963721901a95,2026-01-12 16:55:11 UTC,2026-01-12 17:01:50 UTC,fernando.malavolta@zgbr.com.br,fernando.malavolta@zgbr.com.br,2026-01-12 17:09:54 UTC,2026-01-12 17:09:54 UTC,1,,,,-24.8312642,-53.7918972,POINT (-53.7918972 -24.8312642),2026-01-12,,PR-182,,,Ouro Verde do Oeste,Paraná,85933-000,Brasil,PR-182 Ouro Verde do Oeste Paraná 85933-000 Brasil,"Parana, Toledo",Enchimento de Graos,50,22,22,24,226.66666666666666,236,138,254,171,158,207,43973.333333333336,,,5. Excelente,,,25,"a1381771-0eb9-49ad-9b3b-3f3e91db88bd,680a0d32-7b39-496f-9cd5-2bff48e82e3c,bdfe8008-9d6c-49ec-980e-3236eae01daf",",,",https://web.fulcrumapp.com/photos/view?photos=a1381771-0eb9-49ad-9b3b-3f3e91db88bd%2C680a0d32-7b39-496f-9cd5-2bff48e82e3c%2Cbdfe8008-9d6c-49ec-980e-3236eae01daf
80b2789f-c600-44f7-b3e5-ffde55b99f58,2026-01-12 13:51:44 UTC,2026-01-15 18:49:11 UTC,jhonatan.negreiros@inpasa.com.br,jhonatan.negreiros@inpasa.com.br,2026-01-12 17:36:06 UTC,2026-01-15 18:49:13 UTC,2,,,,-12.50684096606074,-54.90558044024512,POINT (-54.90558044024512 -12.50684096606074),2026-01-12,,,,Feliz Natal,Sinop,MT,78885-000,BR,Feliz Natal Sinop MT 78885-000 BR,"Mato Grosso, Feliz Natal",Maturacao,50,18,19,19,186.666666666667,140,99,253,159,120,133,28124.4444444444,,,5. Excelente,65sc/ha,,2,"147d3e12-042e-4c6e-936b-315e1a3e1916,b48e0c77-06e3-41bc-91df-195155e9861c,43ed8e58-e897-493e-a828-9eae12168cb0",",,",https://web.fulcrumapp.com/photos/view?photos=147d3e12-042e-4c6e-936b-315e1a3e1916%2Cb48e0c77-06e3-41bc-91df-195155e9861c%2C43ed8e58-e897-493e-a828-9eae12168cb0
e8c54cd7-d689-494a-bf96-308a3bfdfff9,2026-01-12 14:21:22 UTC,2026-01-12 14:29:43 UTC,jhonatan.negreiros@inpasa.com.br,jhonatan.negreiros@inpasa.com.br,2026-01-12 17:36:07 UTC,2026-01-12 17:36:07 UTC,1,,,,-12.53999932090986,-54.783001071043834,POINT (-54.783001071043834 -12.53999932090986),2026-01-12,,,,,,,,,,"Mato Grosso, Feliz Natal",Enchimento de Graos,50,25,28,24,256.666666666667,89,96,155,64,156,113,28789.4444444444,,,5. Excelente,65sc/ha,,1,"94d3d1c3-7c3b-46ba-8870-9c6179dc5cf7,635b3b21-994b-40b2-8822-4ce7f97caffa,edf97362-25c1-4532-b3a7-34ff974b1ec8",",,",https://web.fulcrumapp.com/photos/view?photos=94d3d1c3-7c3b-46ba-8870-9c6179dc5cf7%2C635b3b21-994b-40b2-8822-4ce7f97caffa%2Cedf97362-25c1-4532-b3a7-34ff974b1ec8
77ad87e2-d9d6-47be-9273-e91b61566132,2026-01-12 15:12:47 UTC,2026-01-15 18:49:20 UTC,jhonatan.negreiros@inpasa.com.br,jhonatan.negreiros@inpasa.com.br,2026-01-12 17:36:37 UTC,2026-01-15 18:49:22 UTC,2,,,,-12.694558984223514,-54.74582853473731,POINT (-54.74582853473731 -12.694558984223514),2026-01-12,,,,Nova Ubiratã,Sorriso (Mato Grosso),MT,78888-000,BR,Nova Ubiratã Sorriso (Mato Grosso) MT 78888-000 BR,"Mato Grosso, Feliz Natal",Enchimento de Graos,45,17,15,10,155.555555555556,298,172,239,353,152,239,37670.3703703704,,,5. Excelente,80sc/ha,,2,"4ac4b336-2243-4a35-bfb3-3a5153a32a02,7b140503-95bb-464c-b348-271adfbd5678,dd1f213b-3f39-4e39-a798-3edab92e1b1f",",,",https://web.fulcrumapp.com/photos/view?photos=4ac4b336-2243-4a35-bfb3-3a5153a32a02%2C7b140503-95bb-464c-b348-271adfbd5678%2Cdd1f213b-3f39-4e39-a798-3edab92e1b1f
c4b13062-c8df-4e0a-baac-fac7fde4e762,2026-01-12 15:53:40 UTC,2026-01-12 15:59:59 UTC,jhonatan.negreiros@inpasa.com.br,jhonatan.negreiros@inpasa.com.br,2026-01-12 17:36:37 UTC,2026-01-12 17:36:37 UTC,1,,,,-12.887216562859132,-54.83836647451558,POINT (-54.83836647451558 -12.887216562859132),2026-01-12,,,,,,,,,,"Mato Grosso, Nova Ubirata",Enchimento de Graos,45,17,15,16,177.777777777778,67,19,84,100,80,122,13985.1851851852,,,2.  Ruim,45sc/ha,,1,"32fc36c8-d8bc-45c5-808e-851302971242,6b607953-a733-4189-beff-2cb096a49782,01d0754d-5752-4347-ad8a-15cbb92660e5",",,",https://web.fulcrumapp.com/photos/view?photos=32fc36c8-d8bc-45c5-808e-851302971242%2C6b607953-a733-4189-beff-2cb096a49782%2C01d0754d-5752-4347-ad8a-15cbb92660e5
8a4d091c-bcee-45b7-9a78-43be73b467ff,2026-01-12 16:23:58 UTC,2026-01-12 16:30:00 UTC,jhonatan.negreiros@inpasa.com.br,jhonatan.negreiros@inpasa.com.br,2026-01-12 17:36:38 UTC,2026-01-12 17:36:38 UTC,1,,,,-13.00522186644899,-54.971600494512074,POINT (-54.971600494512074 -13.00522186644899),2026-01-12,,,,,,,,,,"Mato Grosso, Nova Ubirata",Maturado (dessecado),50,15,21,18,180,84,52,127,99,122,115,17970,,,3. Media,55sc/ha,,1,"ea58106a-dc66-48fd-9c52-c34cbc569986,7db7cf74-fb03-4d9e-8569-8a55b60a5667,11565e19-5d02-40a5-94a8-30910c243b87",",,",https://web.fulcrumapp.com/photos/view?photos=ea58106a-dc66-48fd-9c52-c34cbc569986%2C7db7cf74-fb03-4d9e-8569-8a55b60a5667%2C11565e19-5d02-40a5-94a8-30910c243b87
4a3a0213-c46a-4c4b-9ef1-4a2d0520c975,2026-01-12 16:50:14 UTC,2026-01-12 16:56:57 UTC,jhonatan.negreiros@inpasa.com.br,jhonatan.negreiros@inpasa.com.br,2026-01-12 17:36:38 UTC,2026-01-12 17:36:38 UTC,1,,,,-13.054478481325175,-55.1423556589157,POINT (-55.1423556589157 -13.054478481325175),2026-01-12,,,,,,,,,,"Mato Grosso, Nova Ubirata",Enchimento de Graos,50,18,17,15,166.666666666667,92,72,43,65,68,82,11722.2222222222,,,3. Media,50sc/ha,Lavoura ainda com algumas plantas com flores ,1,"81bad95a-54a4-4221-b1cd-1ea342a1df20,2ee6a4b5-36d8-49d8-aba6-168c573e6f2a,a4a10ff5-cd2d-4ad9-8f78-93670cd32507",",,",https://web.fulcrumapp.com/photos/view?photos=81bad95a-54a4-4221-b1cd-1ea342a1df20%2C2ee6a4b5-36d8-49d8-aba6-168c573e6f2a%2Ca4a10ff5-cd2d-4ad9-8f78-93670cd32507
3a0d9862-8b20-4656-9edd-fba071f8ade6,2026-01-12 17:39:49 UTC,2026-01-12 17:46:31 UTC,fernando.malavolta@zgbr.com.br,fernando.malavolta@zgbr.com.br,2026-01-12 17:46:35 UTC,2026-01-12 17:46:35 UTC,1,,,,-24.6221,-53.9117867,POINT (-53.9117867 -24.6221),2026-01-12,,BR-467,,,Toledo,Paraná,,Brasil,BR-467 Toledo Paraná Brasil,"Parana, Toledo",Maturacao,50,20,20,17,190,102,82,101,174,183,196,26536.666666666668,,,5. Excelente,,,25,"f38b3c6e-3ff9-48ab-92a4-baced519b7c9,9eaab808-0a75-477f-8128-8924c87c57d6,908fa285-973d-4d23-a823-bf8eddf09112",",,",https://web.fulcrumapp.com/photos/view?photos=f38b3c6e-3ff9-48ab-92a4-baced519b7c9%2C9eaab808-0a75-477f-8128-8924c87c57d6%2C908fa285-973d-4d23-a823-bf8eddf09112
b81687a0-2673-4e78-a506-64b92bc63564,2026-01-12 17:24:34 UTC,2026-01-12 17:30:27 UTC,fernando.malavolta@zgbr.com.br,fernando.malavolta@zgbr.com.br,2026-01-12 17:47:33 UTC,2026-01-12 17:47:33 UTC,1,,,,-24.674075,-53.7972617,POINT (-53.7972617 -24.674075),2026-01-12,,BR-467,,,Toledo,Paraná,,Brasil,BR-467 Toledo Paraná Brasil,"Parana, Toledo",Maturacao,50,24,27,23,246.66666666666666,63,112,137,63,142,200,29476.666666666668,,,5. Excelente,,,25,"800ad6f6-adec-49a0-8f08-c7ff4d369f45,bec2af2d-c8eb-4030-9eaa-e72fcc955381,295ad16e-3185-4940-9d2f-9e99462ce163",",,",https://web.fulcrumapp.com/photos/view?photos=800ad6f6-adec-49a0-8f08-c7ff4d369f45%2Cbec2af2d-c8eb-4030-9eaa-e72fcc955381%2C295ad16e-3185-4940-9d2f-9e99462ce163
c24799a1-87e8-450b-9d86-ed644bd82b7e,2026-01-12 18:02:31 UTC,2026-01-12 18:09:33 UTC,fernando.malavolta@zgbr.com.br,fernando.malavolta@zgbr.com.br,2026-01-12 18:26:01 UTC,2026-01-12 18:26:01 UTC,1,,,,-24.5219309,-54.0643276,POINT (-54.0643276 -24.5219309),2026-01-12,584,Avenida Otto Grings,,,Marechal Cândido Rondon,Paraná,85960-000,Brasil,584 Avenida Otto Grings Marechal Cândido Rondon Paraná 85960-000 Brasil,"Parana, Marechal Candido Rondon",Maturacao,50,15,18,14,156.66666666666666,111,210,74,148,150,303,26006.666666666668,,,3. Media,,,25,"e17a27f9-8a4b-4898-a077-71ac4156cf1c,f4db4260-ae11-4c12-8597-0b38ac3efc03,16d3caaf-1d1b-4178-9a89-d605db24ac02,6d06c8c7-da5d-4d59-9378-d048dcf9b38f",",,,",https://web.fulcrumapp.com/photos/view?photos=e17a27f9-8a4b-4898-a077-71ac4156cf1c%2Cf4db4260-ae11-4c12-8597-0b38ac3efc03%2C16d3caaf-1d1b-4178-9a89-d605db24ac02%2C6d06c8c7-da5d-4d59-9378-d048dcf9b38f
ed385005-f74c-4eb3-9d5e-6dd3a68a1d9d,2026-01-12 17:45:02 UTC,2026-01-15 18:49:59 UTC,jhonatan.negreiros@inpasa.com.br,jhonatan.negreiros@inpasa.com.br,2026-01-12 18:45:25 UTC,2026-01-15 18:51:06 UTC,2,,,,-12.997121592064385,-55.25376152252336,POINT (-55.25376152252336 -12.997121592064385),2026-01-12,,MT140,,Nova Ubiratã,Sorriso (Mato Grosso),MT,78888-000,BR,MT140 Nova Ubiratã Sorriso (Mato Grosso) MT 78888-000 BR,"Mato Grosso, Nova Ubirata",Enchimento de Graos,50,23,21,25,230,97,101,95,105,182,123,26948.3333333333,,,4. Boa,60sc/ha,,2,"1700eef1-1a4c-4c4f-a326-1228bf5e1077,9022df65-d404-4950-b087-087c2d47e981,ba9abe7a-1247-471b-a0ef-acf05f2fd2f1",",,",https://web.fulcrumapp.com/photos/view?photos=1700eef1-1a4c-4c4f-a326-1228bf5e1077%2C9022df65-d404-4950-b087-087c2d47e981%2Cba9abe7a-1247-471b-a0ef-acf05f2fd2f1
f1dab6ba-aa46-47b2-b127-5db4163d2276,2026-01-12 18:05:56 UTC,2026-01-15 18:49:38 UTC,jhonatan.negreiros@inpasa.com.br,jhonatan.negreiros@inpasa.com.br,2026-01-12 18:45:27 UTC,2026-01-15 18:51:06 UTC,2,,,,-12.86355271547049,-55.19610751071193,POINT (-55.19610751071193 -12.86355271547049),2026-01-12,,,,,,,,,,"Mato Grosso, Nova Ubirata",Enchimento de Graos,50,17,19,21,190,283,136,148,123,136,107,29545,,,4. Boa,65sc/ha,,2,"2e173c34-45c3-4a03-b6f0-c24046be866e,0c7db655-05ef-461a-af14-2889c26e7a41,2a72303a-0c58-404c-a8a8-651062ea4ce1",",,",https://web.fulcrumapp.com/photos/view?photos=2e173c34-45c3-4a03-b6f0-c24046be866e%2C0c7db655-05ef-461a-af14-2889c26e7a41%2C2a72303a-0c58-404c-a8a8-651062ea4ce1
73bbbf24-dff1-4ed8-a79a-0b9dda5be92e,2026-01-12 18:30:57 UTC,2026-01-12 18:36:09 UTC,fernando.malavolta@zgbr.com.br,fernando.malavolta@zgbr.com.br,2026-01-12 19:00:12 UTC,2026-01-12 19:00:12 UTC,1,,,,-24.4550035,-53.9336836,POINT (-53.9336836 -24.4550035),2026-01-12,,PR-491,,,Nova Santa Rosa,Paraná,85930-000,Brasil,PR-491 Nova Santa Rosa Paraná 85930-000 Brasil,"Parana, Nova Santa Rosa",Maturacao,60,21,16,23,166.66666666666669,103,126,142,138,145,135,21916.66666666667,,,4. Boa,,,25,"93fcfd60-a845-4ac6-a217-81f6b0c64b9b,9f8d0bd3-7c74-404d-b4bf-116057e13aba,8ac002ed-8261-408c-b18f-ad3432d395ed",",,",https://web.fulcrumapp.com/photos/view?photos=93fcfd60-a845-4ac6-a217-81f6b0c64b9b%2C9f8d0bd3-7c74-404d-b4bf-116057e13aba%2C8ac002ed-8261-408c-b18f-ad3432d395ed
6302f13a-997c-42bb-b88a-84a141bc3da5,2026-01-12 19:11:42 UTC,2026-01-12 19:17:58 UTC,fernando.malavolta@zgbr.com.br,fernando.malavolta@zgbr.com.br,2026-01-12 19:18:01 UTC,2026-01-12 19:18:01 UTC,1,,,,-24.2773283,-53.8612347,POINT (-53.8612347 -24.2773283),2026-01-12,103,PR-364,,,Palotina,Paraná,85950-000,Brasil,103 PR-364 Palotina Paraná 85950-000 Brasil,"Parana, Palotina",Maturacao,50,20,18,17,183.33333333333334,104,107,110,85,120,154,20777.777777777777,,,4. Boa,,,25,"4467f723-bfab-4b28-9ab3-39f72b6a6d8f,26d71ea6-c3f4-42cb-8d37-04ad1010c140,2896022c-b846-48b2-81a7-1f59acbe64d8",",,",https://web.fulcrumapp.com/photos/view?photos=4467f723-bfab-4b28-9ab3-39f72b6a6d8f%2C26d71ea6-c3f4-42cb-8d37-04ad1010c140%2C2896022c-b846-48b2-81a7-1f59acbe64d8
fc20ab44-46e1-4698-9bf3-66b84319ca14,2026-01-12 19:31:07 UTC,2026-01-12 19:37:00 UTC,fernando.malavolta@zgbr.com.br,fernando.malavolta@zgbr.com.br,2026-01-12 19:37:04 UTC,2026-01-12 19:37:04 UTC,1,,,,-24.1987633,-53.9355483,POINT (-53.9355483 -24.1987633),2026-01-12,,PR-364,,,Palotina,Paraná,85950-000,Brasil,PR-364 Palotina Paraná 85950-000 Brasil,"Parana, Palotina",Maturacao,50,21,19,17,190,93,60,126,182,224,269,30210,,,4. Boa,,,25,"deda917b-f1a3-4598-88b5-c3161e646e67,421768d1-48fc-4a78-b3aa-adf8ea8bf9f1,6e2a9411-0540-4be6-8442-61648bf5d122",",,",https://web.fulcrumapp.com/photos/view?photos=deda917b-f1a3-4598-88b5-c3161e646e67%2C421768d1-48fc-4a78-b3aa-adf8ea8bf9f1%2C6e2a9411-0540-4be6-8442-61648bf5d122
c8c21572-48e8-41d3-8a6b-80ac6297874b,2026-01-12 19:57:00 UTC,2026-01-12 20:04:20 UTC,fernando.malavolta@zgbr.com.br,fernando.malavolta@zgbr.com.br,2026-01-12 20:04:23 UTC,2026-01-12 20:04:23 UTC,1,,,,-24.2089245,-54.0670562,POINT (-54.0670562 -24.2089245),2026-01-12,5,Estrada da Colheita,,,Terra Roxa,Paraná,85990-000,Brasil,5 Estrada da Colheita Terra Roxa Paraná 85990-000 Brasil,"Parana, Terra Roxa",Maturacao,50,17,24,21,206.66666666666666,59,34,82,174,83,59,16912.222222222223,,,3. Media,,,25,"8c709328-f824-44f5-87ff-bd7282814f92,59d4cbdb-63bd-46e5-b23f-8b4141a43663,167ca34a-34ad-4859-82e4-db05d7a3a105,1af92f3d-e7fb-4e48-9349-51099d45ca84,5a470806-8f2e-4db1-8695-48f7d64283db",",,,,",https://web.fulcrumapp.com/photos/view?photos=8c709328-f824-44f5-87ff-bd7282814f92%2C59d4cbdb-63bd-46e5-b23f-8b4141a43663%2C167ca34a-34ad-4859-82e4-db05d7a3a105%2C1af92f3d-e7fb-4e48-9349-51099d45ca84%2C5a470806-8f2e-4db1-8695-48f7d64283db
f5b497e0-677b-4910-8e07-55429b09010e,2026-01-12 18:18:20 UTC,2026-01-12 22:14:22 UTC,jhonatan.negreiros@inpasa.com.br,jhonatan.negreiros@inpasa.com.br,2026-01-12 20:31:38 UTC,2026-01-13 12:02:02 UTC,2,,,,-12.841415405618372,-55.20943735916784,POINT (-55.20943735916784 -12.841415405618372),2026-01-12,,,,Nova Ubiratã,Sorriso (Mato Grosso),MT,78888-000,BR,Nova Ubiratã Sorriso (Mato Grosso) MT 78888-000 BR,"Mato Grosso, Nova Ubirata",Maturacao,45,32,26,28,318.518518518519,89,86,65,61,88,64,24048.1481481482,,,4. Boa,60sc/ha,,2,"6ef8b598-8a0f-46d7-9386-29eea430bcd6,9a583143-72a9-43cf-92a1-09c8e8cdc57c,d5d47daa-d1d0-4e49-837e-29b75830da1d",",,",https://web.fulcrumapp.com/photos/view?photos=6ef8b598-8a0f-46d7-9386-29eea430bcd6%2C9a583143-72a9-43cf-92a1-09c8e8cdc57c%2Cd5d47daa-d1d0-4e49-837e-29b75830da1d
a5ee7894-5f29-4e45-9992-22310785cf34,2026-01-12 17:44:46 UTC,2026-01-12 17:54:17 UTC,lucas.macedo@viterra.com,lucas.macedo@viterra.com,2026-01-12 20:31:53 UTC,2026-01-12 20:31:53 UTC,1,,,,-13.643917118060397,-56.03507611587006,POINT (-56.03507611587006 -13.643917118060397),2026-01-12,,,,,,,,,,"Mato Grosso, Nova Mutum",Maturacao,50,17,21,21,196.666666666667,200,163,168,198,288,231,40906.6666666667,,,5. Excelente,60sc/ha,,3,"8f6976fd-8e9e-4f1c-a424-e1f67990ffe9,f209d70a-b8c2-4fcc-9013-a9fa748be34d,21b0c2ac-66d0-4907-a668-6f17bf965fec,fe2d349c-12f3-43df-a4f2-5cf4dc947587,84d781e4-7e9d-4095-b075-5c6f2a0868b6",",,,,",https://web.fulcrumapp.com/photos/view?photos=8f6976fd-8e9e-4f1c-a424-e1f67990ffe9%2Cf209d70a-b8c2-4fcc-9013-a9fa748be34d%2C21b0c2ac-66d0-4907-a668-6f17bf965fec%2Cfe2d349c-12f3-43df-a4f2-5cf4dc947587%2C84d781e4-7e9d-4095-b075-5c6f2a0868b6
db78fdc6-4985-44fb-985c-2ca9c6a23a8a,2026-01-12 18:03:41 UTC,2026-01-12 18:10:46 UTC,lucas.macedo@viterra.com,lucas.macedo@viterra.com,2026-01-12 20:31:53 UTC,2026-01-12 20:31:53 UTC,1,,,,-13.529938225713861,-56.01979505359592,POINT (-56.01979505359592 -13.529938225713861),2026-01-12,,,,,,,,,,"Mato Grosso, Nova Mutum",Maturacao,50,23,25,27,250,114,99,153,161,132,144,33458.3333333333,,,5. Excelente,60sc/ha,,3,"b09b2932-4b42-4f89-8c48-6b9411bb20a9,1e91e659-3f88-4d5a-b72d-972a7ccebd03,059f1166-dc55-4871-bd29-2d1eb340cbc1,6cc1a146-1a8d-42c3-b7b6-649f87cc04ea",",,,",https://web.fulcrumapp.com/photos/view?photos=b09b2932-4b42-4f89-8c48-6b9411bb20a9%2C1e91e659-3f88-4d5a-b72d-972a7ccebd03%2C059f1166-dc55-4871-bd29-2d1eb340cbc1%2C6cc1a146-1a8d-42c3-b7b6-649f87cc04ea
4ab9276e-363e-4554-8572-4acf156285e8,2026-01-12 18:27:04 UTC,2026-01-12 18:34:53 UTC,lucas.macedo@viterra.com,lucas.macedo@viterra.com,2026-01-12 20:31:54 UTC,2026-01-12 20:31:54 UTC,1,,,,-13.448151352459297,-56.08357324987752,POINT (-56.08357324987752 -13.448151352459297),2026-01-12,,,,,,,,,,"Mato Grosso, Lucas do Rio Verde",Maturacao,50,26,18,22,220,213,177,186,138,174,181,39196.6666666667,,,4. Boa,55sc/ha,,3,"47fe8e25-b011-456c-8ba2-6f735d338e3a,b5483b5b-9e64-41c3-89bd-cf3f4e3baede,9a64e40c-feaa-4e42-b8e1-5b49b0fd2f6d,ea9a0541-495c-494b-bf11-f0098545fdee",",,,",https://web.fulcrumapp.com/photos/view?photos=47fe8e25-b011-456c-8ba2-6f735d338e3a%2Cb5483b5b-9e64-41c3-89bd-cf3f4e3baede%2C9a64e40c-feaa-4e42-b8e1-5b49b0fd2f6d%2Cea9a0541-495c-494b-bf11-f0098545fdee
438cc868-3aaa-46bd-9e17-6642d447def3,2026-01-12 18:39:35 UTC,2026-01-12 18:56:52 UTC,lucas.macedo@viterra.com,lucas.macedo@viterra.com,2026-01-12 20:31:55 UTC,2026-01-12 20:31:55 UTC,1,,,,-13.316889521678274,-56.050186408735854,POINT (-56.050186408735854 -13.316889521678274),2026-01-12,,,,,,,,,,"Mato Grosso, Lucas do Rio Verde",Maturacao,50,19,24,21,213.333333333333,198,198,186,160,145,143,36622.2222222222,,,4. Boa,50sc/ha,,3,"c90f661a-f2c8-4dd9-a587-0470e1ff91f6,b97b2174-bfb7-4b22-b1c3-dc2e7a52667f,fb6d8151-5333-4184-b2f7-a7b39db3185d,1a6c31c7-cda3-4468-a47e-6cb0f1f9dc0c",",,,",https://web.fulcrumapp.com/photos/view?photos=c90f661a-f2c8-4dd9-a587-0470e1ff91f6%2Cb97b2174-bfb7-4b22-b1c3-dc2e7a52667f%2Cfb6d8151-5333-4184-b2f7-a7b39db3185d%2C1a6c31c7-cda3-4468-a47e-6cb0f1f9dc0c
399cd13b-80b2-45f5-88aa-7fa05960fbfb,2026-01-12 18:53:53 UTC,2026-01-12 19:07:59 UTC,jhonatan.negreiros@inpasa.com.br,jhonatan.negreiros@inpasa.com.br,2026-01-12 20:32:15 UTC,2026-01-12 20:32:15 UTC,1,,,,-13.05352092306102,-55.360289114362075,POINT (-55.360289114362075 -13.05352092306102),2026-01-12,,,,,,,,,,"Mato Grosso, Nova Ubirata",Enchimento de Graos,50,7,8,9,80,247,352,569,212,278,144,24026.6666666667,,,4. Boa,65sc/ha,,2,"0c09d403-31ca-4693-83be-e6732e4a3fb0,5ef469aa-c0ce-4190-ba74-de6ffcb2e9dd,b7db79ca-8a1f-4095-a9eb-b1a8a9b80289",",,",https://web.fulcrumapp.com/photos/view?photos=0c09d403-31ca-4693-83be-e6732e4a3fb0%2C5ef469aa-c0ce-4190-ba74-de6ffcb2e9dd%2Cb7db79ca-8a1f-4095-a9eb-b1a8a9b80289
430c4287-c9ff-469a-8227-013f8bc16954,2026-01-12 19:18:55 UTC,2026-01-12 19:26:33 UTC,jhonatan.negreiros@inpasa.com.br,jhonatan.negreiros@inpasa.com.br,2026-01-12 20:32:16 UTC,2026-01-12 20:32:16 UTC,1,,,,-12.961873401592644,-55.44119430746376,POINT (-55.44119430746376 -12.961873401592644),2026-01-12,,,,,,,,,,"Mato Grosso, Sorriso",Enchimento de Graos,50,25,17,22,213.333333333333,102,119,118,82,122,149,24604.4444444444,,,4. Boa,60sc/ha,,2,"dda34e76-d15d-4c1b-8443-cd08e88eecc7,885b1fb8-e100-45a2-9a31-fb6bf5bde655,9a4a718d-abc3-4057-9101-66c140acf4e1",",,",https://web.fulcrumapp.com/photos/view?photos=dda34e76-d15d-4c1b-8443-cd08e88eecc7%2C885b1fb8-e100-45a2-9a31-fb6bf5bde655%2C9a4a718d-abc3-4057-9101-66c140acf4e1
43ed71f7-cf89-4f5a-81b1-6454fcce123b,2026-01-12 19:36:31 UTC,2026-01-12 19:46:06 UTC,jhonatan.negreiros@inpasa.com.br,jhonatan.negreiros@inpasa.com.br,2026-01-12 20:32:17 UTC,2026-01-12 20:32:17 UTC,1,,,,-12.833930920586418,-55.50479019191339,POINT (-55.50479019191339 -12.833930920586418),2026-01-12,,,,,,,,,,"Mato Grosso, Sorriso",Maturacao,50,25,21,23,230,166,180,128,215,169,198,40480,,,5. Excelente,80sc/ha,,2,"aaadc57d-c173-4c65-93b9-345d07ad3368,9d4ec9d2-3a8a-411f-ae78-93becb83e1f2,6cf404c7-5b6b-45fd-8ad9-ae9e0d31766c",",,",https://web.fulcrumapp.com/photos/view?photos=aaadc57d-c173-4c65-93b9-345d07ad3368%2C9d4ec9d2-3a8a-411f-ae78-93becb83e1f2%2C6cf404c7-5b6b-45fd-8ad9-ae9e0d31766c
4b3131a1-e641-41ee-bb66-c126a41e4a1a,2026-01-12 20:04:46 UTC,2026-01-12 20:13:53 UTC,jhonatan.negreiros@inpasa.com.br,jhonatan.negreiros@inpasa.com.br,2026-01-12 20:32:18 UTC,2026-01-12 20:32:18 UTC,1,,,,-12.679494610068089,-55.55948213679302,POINT (-55.55948213679302 -12.679494610068089),2026-01-12,,,,,,,,,,"Mato Grosso, Sorriso",Maturacao,50,17,16,17,166.666666666667,168,151,210,105,186,150,26944.4444444444,,,5. Excelente,70sc/ha,,2,"e0dc9942-e991-4169-a809-6b62bc0d4f45,1ce93784-1a99-4277-8af9-84f8edb68cc0,8fc1b4d6-696a-4e03-955c-9326cc0069d2",",,",https://web.fulcrumapp.com/photos/view?photos=e0dc9942-e991-4169-a809-6b62bc0d4f45%2C1ce93784-1a99-4277-8af9-84f8edb68cc0%2C8fc1b4d6-696a-4e03-955c-9326cc0069d2
3769ff78-57d7-4c0b-89d5-39a0376531c6,2026-01-12 19:59:55 UTC,2026-01-12 20:32:18 UTC,lucas.macedo@viterra.com,lucas.macedo@viterra.com,2026-01-12 20:32:21 UTC,2026-01-12 20:32:21 UTC,1,,,,-13.18942690758377,-55.98876368483422,POINT (-55.98876368483422 -13.18942690758377),2026-01-12,,BR163,,Lucas Do Rio Verde,Sorriso,MT,78455-000,BR,BR163 Lucas Do Rio Verde Sorriso MT 78455-000 BR,"Mato Grosso, Lucas do Rio Verde",Em colheita,55,21,31,20,218.181818181818,192,105,135,180,132,162,32945.4545454545,,,4. Boa,60sc/ha,,3,"26b5ac7b-0fb7-4d6d-b47a-97e243ba7ed3,083dea30-f9bb-4cb3-9360-9aad7bbc6bbf,19f41b58-56e7-41aa-9951-8fbcba9caa36,51eb7bb8-ff2f-4c54-9e99-5b23d1cd7d8c",",,,",https://web.fulcrumapp.com/photos/view?photos=26b5ac7b-0fb7-4d6d-b47a-97e243ba7ed3%2C083dea30-f9bb-4cb3-9360-9aad7bbc6bbf%2C19f41b58-56e7-41aa-9951-8fbcba9caa36%2C51eb7bb8-ff2f-4c54-9e99-5b23d1cd7d8c
99524faf-925a-4ae5-8d49-9a48b48d0c39,2026-01-12 20:30:38 UTC,2026-01-12 20:37:56 UTC,jhonatan.negreiros@inpasa.com.br,jhonatan.negreiros@inpasa.com.br,2026-01-12 20:37:58 UTC,2026-01-12 20:37:58 UTC,1,,,,-12.576136292164787,-55.69978199942991,POINT (-55.69978199942991 -12.576136292164787),2026-01-12,,,,Sorriso,Sorriso (Mato Grosso),MT,78890-000,BR,Sorriso Sorriso (Mato Grosso) MT 78890-000 BR,"Mato Grosso, Sorriso",Em colheita,50,18,21,17,186.666666666667,131,108,116,136,153,259,28093.3333333333,,,5. Excelente,65sc/ha,,2,"fe39ee60-8dff-44ad-bab2-1f622ded1d1c,2dadc01b-9fba-4a84-9bfd-dfe773ce1f3b,2ad93243-47d6-4855-a544-07feb4c0f330",",,",https://web.fulcrumapp.com/photos/view?photos=fe39ee60-8dff-44ad-bab2-1f622ded1d1c%2C2dadc01b-9fba-4a84-9bfd-dfe773ce1f3b%2C2ad93243-47d6-4855-a544-07feb4c0f330
d09ddc17-8456-4b98-a1ac-a75e33e1affe,2026-01-12 20:53:18 UTC,2026-01-12 21:09:38 UTC,lucas.macedo@viterra.com,lucas.macedo@viterra.com,2026-01-12 21:10:13 UTC,2026-01-12 21:10:13 UTC,1,,,,-13.011443998418228,-55.888892797879464,POINT (-55.888892797879464 -13.011443998418228),2026-01-12,,,,Sorriso,Sorriso,MT,89930-000,BR,Sorriso Sorriso MT 89930-000 BR,"Mato Grosso, Sorriso",Maturado (dessecado),50,17,20,18,183.333333333333,375,219,225,291,249,360,52525,,,5. Excelente,65sc/ha,,3,"2b861150-ecc1-443a-9cad-8c2a8b23a51a,f575dfef-fe06-4ec1-88f2-b4182d3b6d26,6ffaad2b-abda-4595-9be4-3ca842cd7ba0,d8b874b9-cd05-4600-af7c-ddfd3b34f7e3",",,,",https://web.fulcrumapp.com/photos/view?photos=2b861150-ecc1-443a-9cad-8c2a8b23a51a%2Cf575dfef-fe06-4ec1-88f2-b4182d3b6d26%2C6ffaad2b-abda-4595-9be4-3ca842cd7ba0%2Cd8b874b9-cd05-4600-af7c-ddfd3b34f7e3
bf519998-1946-4090-b287-5191b5d5e0bc,2026-01-12 21:10:32 UTC,2026-01-12 21:29:37 UTC,lucas.macedo@viterra.com,lucas.macedo@viterra.com,2026-01-12 21:29:53 UTC,2026-01-12 21:29:53 UTC,1,,,,-12.922325857133842,-55.84344048061022,POINT (-55.84344048061022 -12.922325857133842),2026-01-12,,Estrada Municipal Linha Morocó,,Sorriso,Sorriso,MT,78899-500,BR,Estrada Municipal Linha Morocó Sorriso Sorriso MT 78899-500 BR,"Mato Grosso, Sorriso",Maturado (dessecado),45,15,18,21,200,402,131,195,288,165,177,45266.6666666667,,,5. Excelente,60sc/ha,,3,"237b057f-f2ee-4580-9992-c2351b415c4b,b3d71aae-1ac0-4102-935d-b890dcb224d1,91eb550a-cee1-45e8-901c-d5e2e487639a,84d9a20a-b788-4d3b-bf27-6eb23cf64581",",,,",https://web.fulcrumapp.com/photos/view?photos=237b057f-f2ee-4580-9992-c2351b415c4b%2Cb3d71aae-1ac0-4102-935d-b890dcb224d1%2C91eb550a-cee1-45e8-901c-d5e2e487639a%2C84d9a20a-b788-4d3b-bf27-6eb23cf64581
927d192a-e14d-47bc-9e71-e86b7f6334c3,2026-01-12 21:33:17 UTC,2026-01-12 21:40:31 UTC,eduardo.diamandis@zgbr.com.br,eduardo.diamandis@zgbr.com.br,2026-01-12 21:40:53 UTC,2026-01-12 21:40:53 UTC,1,,,,-13.68086955,-57.78115075000001,POINT (-57.78115075000001 -13.68086955),2026-01-12,,,,,,,,,,"Mato Grosso, Campo Novo do Parecis",Maturacao,50,28,24,18,233.333333333333,115,127,92,83,192,150,29516.6666666667,,,4. Boa,60sc/ha,,1,"94081dd8-fc2a-4af7-8104-bb77a98aad59,c6bf7bdd-4f02-4dd3-a872-d7528bc35f40",",",https://web.fulcrumapp.com/photos/view?photos=94081dd8-fc2a-4af7-8104-bb77a98aad59%2Cc6bf7bdd-4f02-4dd3-a872-d7528bc35f40
a9f939d6-6979-4546-bbb9-9fd3183206b3,2026-01-12 21:33:05 UTC,2026-01-12 21:45:40 UTC,lucas.macedo@viterra.com,lucas.macedo@viterra.com,2026-01-12 22:18:12 UTC,2026-01-12 22:18:12 UTC,1,,,,-12.809302210819334,-55.828510383196004,POINT (-55.828510383196004 -12.809302210819334),2026-01-12,,,,Sorriso,Sorriso,MT,78898-000,BR,Sorriso Sorriso MT 78898-000 BR,"Mato Grosso, Sorriso",Maturado (dessecado),55,29,25,23,233.333333333333,101,108,88,170,128,108,27338.8888888889,,,4. Boa,55sc/ha,,3,"07b8448d-5d72-4660-81f2-751891f1bc9b,a9dc6db6-e008-400b-aa8b-3c6df139f6b7,7def65ff-6089-4f0b-8e29-c52c7403d888,8fcb9eb9-4783-48a4-8779-bf0368553560",",,,",https://web.fulcrumapp.com/photos/view?photos=07b8448d-5d72-4660-81f2-751891f1bc9b%2Ca9dc6db6-e008-400b-aa8b-3c6df139f6b7%2C7def65ff-6089-4f0b-8e29-c52c7403d888%2C8fcb9eb9-4783-48a4-8779-bf0368553560
7e2d843a-9592-4307-b7c2-e6e1eac78230,2026-01-12 18:26:07 UTC,2026-01-13 00:09:27 UTC,gabriela.lopes2@chsinc.com,gabriela.lopes2@chsinc.com,2026-01-13 00:24:12 UTC,2026-01-13 00:24:12 UTC,1,,,,-15.528951199548269,-54.83380904974294,POINT (-54.83380904974294 -15.528951199548269),2026-01-12,,BR-070,,,Dom Aquino,Mato Grosso,78830-000,Brasil,BR-070 Dom Aquino Mato Grosso 78830-000 Brasil,"Mato Grosso, Primavera do Leste",Enchimento de Graos,24,24,28,29,562.5000000000001,28,45,62,50,66,71,30187.500000000004,,,4. Boa,,Ponto 10,4,"d24e80e2-4696-4bc3-be1e-6b84b6331393,b9555311-613c-4c6b-baee-c31f401ceda7,261b2376-6eda-49d6-af16-f35793525b7a",",,",https://web.fulcrumapp.com/photos/view?photos=d24e80e2-4696-4bc3-be1e-6b84b6331393%2Cb9555311-613c-4c6b-baee-c31f401ceda7%2C261b2376-6eda-49d6-af16-f35793525b7a
bfaad17e-95ee-45bd-a5ba-744e86ef9961,2026-01-12 18:43:58 UTC,2026-01-13 00:11:40 UTC,gabriela.lopes2@chsinc.com,gabriela.lopes2@chsinc.com,2026-01-13 00:24:13 UTC,2026-01-13 00:24:13 UTC,1,,,,-15.511301900000012,-54.6992559,POINT (-54.6992559 -15.511301900000012),2026-01-12,,BR-070,,,Dom Aquino,Mato Grosso,78830-000,Brasil,BR-070 Dom Aquino Mato Grosso 78830-000 Brasil,"Mato Grosso, Primavera do Leste",Enchimento de Graos,42,22,28,20,277.77777777777777,85,107,152,91,104,129,30925.925925925927,,,4. Boa,,Ponto 11,4,"d5ad2af7-4ae5-4ce3-8935-e5e3aea9e4d2,465c03b5-78e9-4e7f-a553-bf053282000a,d14a75dd-5054-41e6-ac8f-97f923325493",",,",https://web.fulcrumapp.com/photos/view?photos=d5ad2af7-4ae5-4ce3-8935-e5e3aea9e4d2%2C465c03b5-78e9-4e7f-a553-bf053282000a%2Cd14a75dd-5054-41e6-ac8f-97f923325493
de0809bd-27bb-441c-8fd7-b87b1c4e53b9,2026-01-12 19:18:21 UTC,2026-01-13 00:12:45 UTC,gabriela.lopes2@chsinc.com,gabriela.lopes2@chsinc.com,2026-01-13 00:24:14 UTC,2026-01-13 00:24:14 UTC,1,,,,-15.551266925689987,-54.60603219051419,POINT (-54.60603219051419 -15.551266925689987),2026-01-12,,BR-070,,,Dom Aquino,Mato Grosso,78830-000,Brasil,BR-070 Dom Aquino Mato Grosso 78830-000 Brasil,"Mato Grosso, Primavera do Leste",Enchimento de Graos,40,24,27,26,320.8333333333333,145,135,70,104,78,115,34596.527777777774,,,4. Boa,,,4,"58dc9bd5-74e2-4e75-8b96-9e01f10ffdad,9b90eec0-f008-4877-b1d6-40d1790136a7,0c228637-fecd-45c7-90a1-49a00b0e7dfb",",,",https://web.fulcrumapp.com/photos/view?photos=58dc9bd5-74e2-4e75-8b96-9e01f10ffdad%2C9b90eec0-f008-4877-b1d6-40d1790136a7%2C0c228637-fecd-45c7-90a1-49a00b0e7dfb
e4174257-7431-48ba-b591-53aee70851c6,2026-01-12 19:36:18 UTC,2026-01-13 00:14:25 UTC,gabriela.lopes2@chsinc.com,gabriela.lopes2@chsinc.com,2026-01-13 00:24:14 UTC,2026-01-13 00:24:14 UTC,1,,,,-15.579070364184792,-54.48627290051396,POINT (-54.48627290051396 -15.579070364184792),2026-01-12,,BR-070,,,Poxoréu,Mato Grosso,78800-000,Brasil,BR-070 Poxoréu Mato Grosso 78800-000 Brasil,"Mato Grosso, Primavera do Leste",Enchimento de Graos,45,13,13,21,174.07407407407405,109,253,120,267,157,206,32261.728395061724,,,4. Boa,,,4,"1c8f8ef1-ccbb-43f4-af22-2fb7511bf326,639312aa-b147-4882-9d74-1a8e40cde890,c0261cdc-c3e5-4184-90b7-31400c27fe07",",,",https://web.fulcrumapp.com/photos/view?photos=1c8f8ef1-ccbb-43f4-af22-2fb7511bf326%2C639312aa-b147-4882-9d74-1a8e40cde890%2Cc0261cdc-c3e5-4184-90b7-31400c27fe07
a5f9fc87-402a-42a8-a72e-9534db763a44,2026-01-12 20:41:53 UTC,2026-01-13 00:15:46 UTC,gabriela.lopes2@chsinc.com,gabriela.lopes2@chsinc.com,2026-01-13 00:24:15 UTC,2026-01-13 00:24:15 UTC,1,,,,-15.616321620973356,-54.18517349999976,POINT (-54.18517349999976 -15.616321620973356),2026-01-12,257,BR-070,,,Primavera do Leste,Mato Grosso,78850-000,Brasil,257 BR-070 Primavera do Leste Mato Grosso 78850-000 Brasil,"Mato Grosso, Primavera do Leste",Florescimento,48,22,13,24,204.86111111111111,28,41,55,113,45,50,11335.648148148148,,,4. Boa,,,4,"212696c8-2a77-41af-ac9a-2627c170ad60,92a14b8e-f5c8-4b83-a79d-9bea218a81dc,1118d4dd-04cd-4ea6-b6ac-4c415d58cd2a",",,",https://web.fulcrumapp.com/photos/view?photos=212696c8-2a77-41af-ac9a-2627c170ad60%2C92a14b8e-f5c8-4b83-a79d-9bea218a81dc%2C1118d4dd-04cd-4ea6-b6ac-4c415d58cd2a
77a72c3e-8090-4ffe-ac0f-9942d170b52f,2026-01-12 20:49:13 UTC,2026-01-13 00:16:59 UTC,gabriela.lopes2@chsinc.com,gabriela.lopes2@chsinc.com,2026-01-13 00:24:15 UTC,2026-01-13 00:24:15 UTC,1,,,,-15.627769163529951,-54.120275282678776,POINT (-54.120275282678776 -15.627769163529951),2026-01-12,250,BR-070,,,Primavera do Leste,Mato Grosso,78800-000,Brasil,250 BR-070 Primavera do Leste Mato Grosso 78800-000 Brasil,"Mato Grosso, Primavera do Leste",Enchimento de Graos,50,25,28,22,250,85,94,20,47,77,160,20125,,,4. Boa,,,4,"70cd58c0-aefa-4a7d-bb7f-99314e3656fd,f5316861-8188-43ea-8efb-e2c4c6f3da1e,70aec33e-c8b0-4e63-b7ba-a4536495022c",",,",https://web.fulcrumapp.com/photos/view?photos=70cd58c0-aefa-4a7d-bb7f-99314e3656fd%2Cf5316861-8188-43ea-8efb-e2c4c6f3da1e%2C70aec33e-c8b0-4e63-b7ba-a4536495022c
b572a3f0-8431-4619-b3a6-cd377c5620c6,2026-01-12 21:27:44 UTC,2026-01-13 00:18:00 UTC,gabriela.lopes2@chsinc.com,gabriela.lopes2@chsinc.com,2026-01-13 00:24:16 UTC,2026-01-13 00:24:16 UTC,1,,,,-15.619348960886102,-54.02888101291701,POINT (-54.02888101291701 -15.619348960886102),2026-01-12,6,BR-070,,,Poxoréu,Mato Grosso,78800-000,Brasil,6 BR-070 Poxoréu Mato Grosso 78800-000 Brasil,"Mato Grosso, Primavera do Leste",Enchimento de Graos,15,24,26,32,911.1111111111112,60,70,77,80,110,66,70307.40740740742,,,4. Boa,,,4,"b2daae80-9b81-4288-a00f-cdcec02b3a07,34529f63-442e-4f75-abd2-e154be6646ca,1e4a96bc-f970-4f77-80b2-fcc60fd4168e",",,",https://web.fulcrumapp.com/photos/view?photos=b2daae80-9b81-4288-a00f-cdcec02b3a07%2C34529f63-442e-4f75-abd2-e154be6646ca%2C1e4a96bc-f970-4f77-80b2-fcc60fd4168e
3d8394fb-01f9-4084-b782-e24199a73019,2026-01-12 21:44:54 UTC,2026-01-13 00:19:22 UTC,gabriela.lopes2@chsinc.com,gabriela.lopes2@chsinc.com,2026-01-13 00:24:16 UTC,2026-01-13 00:24:16 UTC,1,,,,-15.623703615671833,-54.01992207842316,POINT (-54.01992207842316 -15.623703615671833),2026-01-12,38,BR-070,,,Poxoréu,Mato Grosso,78800-000,Brasil,38 BR-070 Poxoréu Mato Grosso 78800-000 Brasil,"Mato Grosso, Primavera do Leste",Enchimento de Graos,54,23,20,19,191.35802469135805,73,155,103,210,135,114,25195.473251028812,,,4. Boa,,,4,"a288882c-b72a-4e4d-929e-d5f25d93dfdc,be2d8962-b8c5-4b86-9ca3-29f619b62b64,7c7e63c9-4412-4961-a092-72bee922ae99",",,",https://web.fulcrumapp.com/photos/view?photos=a288882c-b72a-4e4d-929e-d5f25d93dfdc%2Cbe2d8962-b8c5-4b86-9ca3-29f619b62b64%2C7c7e63c9-4412-4961-a092-72bee922ae99
1cbcf2d2-39b9-40ed-b37d-44b210a272ce,2026-01-12 17:56:40 UTC,2026-01-12 18:07:56 UTC,eduardo.diamandis@zgbr.com.br,eduardo.diamandis@zgbr.com.br,2026-01-13 01:27:26 UTC,2026-01-13 01:27:26 UTC,1,,,,-13.619105000000001,-56.874005000000004,POINT (-56.874005000000004 -13.619105000000001),2026-01-12,,,,,,,,,,"Mato Grosso, Sao Jose do Rio Claro",Enchimento de Graos,50,10,16,15,136.666666666667,109,146,54,167,85,145,16081.1111111111,,,4. Boa,50sc/ha,,1,"4fb26fef-6052-4f88-b1de-34ec90881ab3,5129b056-f01b-4daf-9265-1a122ad96258,b693be47-db80-477f-a18e-eac737bda801",",,",https://web.fulcrumapp.com/photos/view?photos=4fb26fef-6052-4f88-b1de-34ec90881ab3%2C5129b056-f01b-4daf-9265-1a122ad96258%2Cb693be47-db80-477f-a18e-eac737bda801
8aec5c34-0633-4f5c-8da4-e45fe5b7d200,2026-01-12 18:15:53 UTC,2026-01-12 18:24:49 UTC,eduardo.diamandis@zgbr.com.br,eduardo.diamandis@zgbr.com.br,2026-01-13 01:27:27 UTC,2026-01-13 01:27:27 UTC,1,,,,-13.643023333333336,-56.973228333333324,POINT (-56.973228333333324 -13.643023333333336),2026-01-12,,,,,,,,,,"Mato Grosso, Sao Jose do Rio Claro",Em colheita,50,18,23,25,220,99,74,100,36,86,168,20643.3333333333,,,4. Boa,60sc/ha,,1,"867de06c-13a7-4696-a2b2-f38428b77da6,bc425c8f-08b2-4ef8-ac4a-693a7a2184db,edd567b8-77f6-406f-b586-d3337aae0cb1,15409fae-089b-4375-8808-1fae0bb16a5d",",,,",https://web.fulcrumapp.com/photos/view?photos=867de06c-13a7-4696-a2b2-f38428b77da6%2Cbc425c8f-08b2-4ef8-ac4a-693a7a2184db%2Cedd567b8-77f6-406f-b586-d3337aae0cb1%2C15409fae-089b-4375-8808-1fae0bb16a5d
7f03452e-7a6a-4d81-bb38-dc9013ab16dd,2026-01-12 19:12:22 UTC,2026-01-12 19:22:32 UTC,eduardo.diamandis@zgbr.com.br,eduardo.diamandis@zgbr.com.br,2026-01-13 01:27:28 UTC,2026-01-13 01:27:28 UTC,1,,,,-13.853414999999998,-56.988715000000006,POINT (-56.988715000000006 -13.853414999999998),2026-01-12,,,,,,,,,,"Mato Grosso, Diamantino",Maturado (dessecado),50,17,25,26,226.666666666667,98,151,117,69,78,175,25991.1111111111,,,4. Boa,60sc/ha,,1,"ca26d277-ead4-4b0f-9e61-6f8073d0a5cd,25bdfe86-7b91-4420-860d-afa9423b3307,9c035532-4a0d-4a63-b0a5-32afa6515e5e",",,",https://web.fulcrumapp.com/photos/view?photos=ca26d277-ead4-4b0f-9e61-6f8073d0a5cd%2C25bdfe86-7b91-4420-860d-afa9423b3307%2C9c035532-4a0d-4a63-b0a5-32afa6515e5e
c03accd4-4430-439e-9337-e354d8b173cd,2026-01-12 19:40:14 UTC,2026-01-12 19:51:11 UTC,eduardo.diamandis@zgbr.com.br,eduardo.diamandis@zgbr.com.br,2026-01-13 01:27:29 UTC,2026-01-13 01:27:29 UTC,1,,,,-13.904713333333332,-57.094785,POINT (-57.094785 -13.904713333333332),2026-01-12,,,,,,,,,,"Mato Grosso, Diamantino",Maturado (dessecado),50,24,25,21,233.333333333333,92,174,181,115,147,151,33444.4444444444,,,5. Excelente,60sc/ha,,1,"2be00927-03d5-4b9b-a71b-86b67f66818c,19203859-58d0-491b-857e-463cb58550d0,e5dcc412-1a22-4dce-86b4-0570d6353592",",,",https://web.fulcrumapp.com/photos/view?photos=2be00927-03d5-4b9b-a71b-86b67f66818c%2C19203859-58d0-491b-857e-463cb58550d0%2Ce5dcc412-1a22-4dce-86b4-0570d6353592
2871f478-3c93-425a-b599-42f6e402866e,2026-01-12 20:06:00 UTC,2026-01-12 20:15:37 UTC,eduardo.diamandis@zgbr.com.br,eduardo.diamandis@zgbr.com.br,2026-01-13 01:27:32 UTC,2026-01-13 01:27:32 UTC,1,,,,-13.813430000000002,-57.33689333333333,POINT (-57.33689333333333 -13.813430000000002),2026-01-12,,,,,,,,,,"Mato Grosso, Campo Novo do Parecis",Maturado (dessecado),45,20,23,24,248.148148148148,79,79,183,197,137,127,33169.1358024691,,,4. Boa,,,1,"7d3b26fa-c5dc-48b9-8217-0f03ec9cf7dc,9ed8fe48-557b-4490-ae34-e01099ea960e,d44cb153-23e5-4839-96dd-83520474c047",",,",https://web.fulcrumapp.com/photos/view?photos=7d3b26fa-c5dc-48b9-8217-0f03ec9cf7dc%2C9ed8fe48-557b-4490-ae34-e01099ea960e%2Cd44cb153-23e5-4839-96dd-83520474c047
dbc5e848-34dc-45ea-80c3-58b12ed1f8dc,2026-01-12 20:21:57 UTC,2026-01-12 20:30:12 UTC,eduardo.diamandis@zgbr.com.br,eduardo.diamandis@zgbr.com.br,2026-01-13 01:27:33 UTC,2026-01-13 01:27:33 UTC,1,,,,-13.926895000000002,-57.360009999999996,POINT (-57.360009999999996 -13.926895000000002),2026-01-12,,,,,,,,,,"Mato Grosso, Campo Novo do Parecis",Maturacao,50,23,25,21,230,140,103,56,113,139,74,23958.3333333333,,,4. Boa,60sc/ha,,1,"54c7ee39-4564-4ab4-8308-f2538ffc2f57,03deb5fa-8f72-46f6-9cac-b73d30be77bb,dcfba6d5-49a3-4537-a38f-0ab642ca10fa",",,",https://web.fulcrumapp.com/photos/view?photos=54c7ee39-4564-4ab4-8308-f2538ffc2f57%2C03deb5fa-8f72-46f6-9cac-b73d30be77bb%2Cdcfba6d5-49a3-4537-a38f-0ab642ca10fa
7368a523-fc07-4c7f-8459-7d3dc4724b9b,2026-01-12 20:37:30 UTC,2026-01-12 20:50:05 UTC,eduardo.diamandis@zgbr.com.br,eduardo.diamandis@zgbr.com.br,2026-01-13 01:27:34 UTC,2026-01-13 01:27:34 UTC,1,,,,-14.034821666666664,-57.48177666666664,POINT (-57.48177666666664 -14.034821666666664),2026-01-12,,,,,,,,,,"Mato Grosso, Campo Novo do Parecis",Maturacao,50,20,18,17,183.333333333333,181,154,87,144,51,71,21022.2222222222,,,3. Media,50sc/ha,,1,"71e28203-b849-46a0-ad05-4344bf13f00e,02fcb19f-e4a9-4cde-b9f8-fb1e9e375f62,583f7d1e-3962-430a-ab8f-b76a44f2cf86",",,",https://web.fulcrumapp.com/photos/view?photos=71e28203-b849-46a0-ad05-4344bf13f00e%2C02fcb19f-e4a9-4cde-b9f8-fb1e9e375f62%2C583f7d1e-3962-430a-ab8f-b76a44f2cf86
e1e8aeb6-29f5-450c-b2d1-1d3fc9574b90,2026-01-12 21:09:43 UTC,2026-01-12 21:18:54 UTC,eduardo.diamandis@zgbr.com.br,eduardo.diamandis@zgbr.com.br,2026-01-13 01:27:35 UTC,2026-01-13 01:27:35 UTC,1,,,,-13.750110433333335,-57.514872066666676,POINT (-57.514872066666676 -13.750110433333335),2026-01-12,,,,,,,,,,"Mato Grosso, Campo Novo do Parecis",Maturado (dessecado),45,20,22,24,244.444444444444,150,112,130,111,168,127,32511.1111111111,,,4. Boa,65sc/ha,,1,"a75dd0e1-b884-46ee-b9a8-8c08c98c4457,c5ec17d3-5492-4782-b8a0-186a347f0c18,fba5048e-fc08-4af8-977c-10cbb868dce8,ab777d54-ad4f-4d12-ac3a-c4de7678418a",",,,",https://web.fulcrumapp.com/photos/view?photos=a75dd0e1-b884-46ee-b9a8-8c08c98c4457%2Cc5ec17d3-5492-4782-b8a0-186a347f0c18%2Cfba5048e-fc08-4af8-977c-10cbb868dce8%2Cab777d54-ad4f-4d12-ac3a-c4de7678418a
4980c86b-7b3e-434a-9bc8-25b12547d485,2026-01-12 22:01:44 UTC,2026-01-12 22:11:49 UTC,eduardo.diamandis@zgbr.com.br,eduardo.diamandis@zgbr.com.br,2026-01-13 01:27:35 UTC,2026-01-13 01:27:35 UTC,1,,,,-13.794996666666663,-57.919178333333306,POINT (-57.919178333333306 -13.794996666666663),2026-01-12,,,,,,,,,,"Mato Grosso, Campo Novo do Parecis",Enchimento de Graos,50,25,21,22,226.666666666667,104,97,125,162,81,78,24442.2222222222,,,4. Boa,60sc/ha,,1,"c6384f7c-af8f-4e6f-afc2-8b04d9ee221c,1263b1d3-1a52-4a82-bf74-51483a9c1a49,1f71cede-0b47-4d8c-838d-3d07e6c14258",",,",https://web.fulcrumapp.com/photos/view?photos=c6384f7c-af8f-4e6f-afc2-8b04d9ee221c%2C1263b1d3-1a52-4a82-bf74-51483a9c1a49%2C1f71cede-0b47-4d8c-838d-3d07e6c14258
503c9967-00e5-4b64-b896-58273bda988e,2026-01-12 22:16:24 UTC,2026-01-12 22:27:15 UTC,eduardo.diamandis@zgbr.com.br,eduardo.diamandis@zgbr.com.br,2026-01-13 01:27:36 UTC,2026-01-13 01:27:36 UTC,1,,,,-13.917217566666666,-57.97313054999999,POINT (-57.97313054999999 -13.917217566666666),2026-01-12,,,,,,,,,,"Mato Grosso, Campo Novo do Parecis",Maturado (dessecado),50,22,22,17,203.333333333333,182,161,137,182,143,163,32804.4444444444,,,4. Boa,60sc/ha,,1,"b9257334-97bb-4670-906c-67938e03f2a5,38191cc2-0979-40bc-a3de-d444bd8c041c,c66d733f-6cc6-4af1-98ea-086697e82150",",,",https://web.fulcrumapp.com/photos/view?photos=b9257334-97bb-4670-906c-67938e03f2a5%2C38191cc2-0979-40bc-a3de-d444bd8c041c%2Cc66d733f-6cc6-4af1-98ea-086697e82150
46228533-6988-44b6-a69d-2c12a8be0f19,2026-01-12 22:33:20 UTC,2026-01-12 22:42:43 UTC,eduardo.diamandis@zgbr.com.br,eduardo.diamandis@zgbr.com.br,2026-01-13 01:27:36 UTC,2026-01-13 01:27:36 UTC,1,,,,-14.115726666666667,-57.999155,POINT (-57.999155 -14.115726666666667),2026-01-12,,,,,,,,,,"Mato Grosso, Campo Novo do Parecis",Maturacao,50,30,31,31,306.666666666667,50,87,74,60,51,96,21364.4444444444,,,4. Boa,60sc/ha,,1,"4b3e974b-fc9d-4670-b26a-a6975beff208,8ede6224-9d1d-48df-8557-4390aa50f025,3e41a5e2-b560-4832-8abc-e56296754dd3",",,",https://web.fulcrumapp.com/photos/view?photos=4b3e974b-fc9d-4670-b26a-a6975beff208%2C8ede6224-9d1d-48df-8557-4390aa50f025%2C3e41a5e2-b560-4832-8abc-e56296754dd3
b1ec94da-013c-4891-9cd3-3a3dd736ffef,2026-01-13 10:09:50 UTC,2026-01-13 10:16:44 UTC,fernando.malavolta@zgbr.com.br,fernando.malavolta@zgbr.com.br,2026-01-13 10:16:48 UTC,2026-01-13 10:16:48 UTC,1,,,,-24.0972786,-54.204629,POINT (-54.204629 -24.0972786),2026-01-13,,BR-272,,,Guaíra,Paraná,85980-000,Brasil,BR-272 Guaíra Paraná 85980-000 Brasil,"Parana, Guaira",Maturacao,50,17,17,16,166.66666666666666,107,113,166,135,131,186,23277.777777777777,,,3. Media,,,25,"1bd25a9b-f158-4984-9cf7-847331127d7d,fd02bc99-7cf9-4f5a-9d50-0d1dfa48b18b,a3887494-35dc-480b-b441-12bc1167a708",",,",https://web.fulcrumapp.com/photos/view?photos=1bd25a9b-f158-4984-9cf7-847331127d7d%2Cfd02bc99-7cf9-4f5a-9d50-0d1dfa48b18b%2Ca3887494-35dc-480b-b441-12bc1167a708
bc218fd1-3af3-4231-b010-e7cdf54fda1c,2026-01-13 10:54:10 UTC,2026-01-13 11:01:46 UTC,jhonatan.negreiros@inpasa.com.br,jhonatan.negreiros@inpasa.com.br,2026-01-13 11:01:25 UTC,2026-01-13 12:02:02 UTC,2,,,,-12.507294231144689,-55.75493323151938,POINT (-55.75493323151938 -12.507294231144689),2026-01-13,,,,Sorriso,Sorriso (Mato Grosso),MT,78890-000,BR,Sorriso Sorriso (Mato Grosso) MT 78890-000 BR,"Mato Grosso, Sorriso",Enchimento de Graos,50,35,30,31,320,70,85,96,59,93,137,28800,,,5. Excelente,65sc/ha,,2,"db7f733a-1a9b-46fd-a7d3-bad79573e76c,ad85dedb-4a2d-44ca-b484-665585a76d2f,1d84bba9-8fee-486d-b08f-bf14757e6e1e",",,",https://web.fulcrumapp.com/photos/view?photos=db7f733a-1a9b-46fd-a7d3-bad79573e76c%2Cad85dedb-4a2d-44ca-b484-665585a76d2f%2C1d84bba9-8fee-486d-b08f-bf14757e6e1e
d1138095-37ab-489f-9310-26d405c111e6,2026-01-13 11:19:43 UTC,2026-01-13 11:25:01 UTC,fernando.malavolta@zgbr.com.br,fernando.malavolta@zgbr.com.br,2026-01-13 11:25:04 UTC,2026-01-13 11:25:04 UTC,1,,,,-24.1798533,-53.8595171,POINT (-53.8595171 -24.1798533),2026-01-13,,PR-182,,,Francisco Alves,Paraná,87570-000,Brasil,PR-182 Francisco Alves Paraná 87570-000 Brasil,"Parana, Francisco Alves",Maturado (dessecado),50,27,23,25,250,133,132,114,84,178,161,33416.666666666664,,,5. Excelente,,,25,"175a39fb-125f-4041-85b5-798b1107d7b8,5a2679f3-f3f3-42de-902b-6b9c401aa7ba,c0296fde-1301-4b49-b25b-96416ee2a124",",,",https://web.fulcrumapp.com/photos/view?photos=175a39fb-125f-4041-85b5-798b1107d7b8%2C5a2679f3-f3f3-42de-902b-6b9c401aa7ba%2Cc0296fde-1301-4b49-b25b-96416ee2a124
48022a47-55d7-42af-87f0-b7de235f97ab,2026-01-13 11:39:45 UTC,2026-01-13 11:45:07 UTC,fernando.malavolta@zgbr.com.br,fernando.malavolta@zgbr.com.br,2026-01-13 11:45:11 UTC,2026-01-13 11:45:11 UTC,1,,,,-24.08487,-53.8351633,POINT (-53.8351633 -24.08487),2026-01-13,,PR-182,,,Francisco Alves,Paraná,87570-000,Brasil,PR-182 Francisco Alves Paraná 87570-000 Brasil,"Parana, Francisco Alves",Maturado (dessecado),50,21,22,21,213.33333333333334,52,49,123,61,100,147,18915.55555555556,,,3. Media,,,25,"06069a7d-8792-4be5-badf-bd91811e22f4,871b9741-ab72-47ed-8758-d5b1d76be369,0136a85c-c53f-4672-8e71-2a82dc19e613",",,",https://web.fulcrumapp.com/photos/view?photos=06069a7d-8792-4be5-badf-bd91811e22f4%2C871b9741-ab72-47ed-8758-d5b1d76be369%2C0136a85c-c53f-4672-8e71-2a82dc19e613
f17c5a8f-c7cc-4016-926c-2e63304d90e8,2026-01-13 11:14:54 UTC,2026-01-13 11:23:01 UTC,jhonatan.negreiros@inpasa.com.br,jhonatan.negreiros@inpasa.com.br,2026-01-13 12:02:03 UTC,2026-01-13 12:02:03 UTC,1,,,,-12.439870373357497,-55.84120502700642,POINT (-55.84120502700642 -12.439870373357497),2026-01-13,,,,,,,,,,"Mato Grosso, Sorriso",Enchimento de Graos,50,21,16,17,180,92,285,140,128,148,113,27180,,,5. Excelente,65sc/ha,,2,"1064b272-1214-478f-b219-ec4f0f125ebd,7483a395-be10-4be6-b2cb-79d3e5b2ddd0,606562cb-7822-4308-aa1f-de7c173cb085",",,",https://web.fulcrumapp.com/photos/view?photos=1064b272-1214-478f-b219-ec4f0f125ebd%2C7483a395-be10-4be6-b2cb-79d3e5b2ddd0%2C606562cb-7822-4308-aa1f-de7c173cb085
8cb19374-5981-4743-9c63-5017405ce459,2026-01-13 11:37:48 UTC,2026-01-13 11:49:03 UTC,jhonatan.negreiros@inpasa.com.br,jhonatan.negreiros@inpasa.com.br,2026-01-13 12:02:03 UTC,2026-01-13 12:02:03 UTC,1,,,,-12.286545833333332,-55.90753333333334,POINT (-55.90753333333334 -12.286545833333332),2026-01-13,,,,,,,,,,"Mato Grosso, Ipiranga do Norte",Maturacao,45,8,12,10,111.111111111111,171,134,246,431,174,161,24388.8888888889,,,4. Boa,60sc/ha,,2,"b081841b-8c93-43cb-b236-041b72cac91a,b86a61e8-c775-40c5-930b-087e0db516b3,17a13cb1-9653-46e9-9189-21c10a1cfa24",",,",https://web.fulcrumapp.com/photos/view?photos=b081841b-8c93-43cb-b236-041b72cac91a%2Cb86a61e8-c775-40c5-930b-087e0db516b3%2C17a13cb1-9653-46e9-9189-21c10a1cfa24
7a6cbff2-cb40-40b4-92be-53d1d2a6bc04,2026-01-13 12:00:38 UTC,2026-01-13 12:06:08 UTC,fernando.malavolta@zgbr.com.br,fernando.malavolta@zgbr.com.br,2026-01-13 12:06:29 UTC,2026-01-13 12:06:29 UTC,1,,,,-24.0232279,-53.7333315,POINT (-53.7333315 -24.0232279),2026-01-13,510,BR-272,,,Iporã,Paraná,87560-000,Brasil,510 BR-272 Iporã Paraná 87560-000 Brasil,"Parana, Ipora",Maturacao,45,24,21,28,270.3703703703704,72,83,70,131,165,93,27667.901234567904,,,4. Boa,,,25,"bdad60b9-7eb5-42e5-b358-e58eea56bf57,649bcdac-cd2a-40ce-964b-180803b4e885,50dbeb0a-181c-4684-a9e8-a44d1a619d6d",",,",https://web.fulcrumapp.com/photos/view?photos=bdad60b9-7eb5-42e5-b358-e58eea56bf57%2C649bcdac-cd2a-40ce-964b-180803b4e885%2C50dbeb0a-181c-4684-a9e8-a44d1a619d6d
5c59399e-0bfc-417a-acab-9b851c23a1f1,2026-01-13 12:01:20 UTC,2026-01-13 12:08:53 UTC,jhonatan.negreiros@inpasa.com.br,jhonatan.negreiros@inpasa.com.br,2026-01-13 12:08:55 UTC,2026-01-13 12:08:55 UTC,1,,,,-12.2496655,-56.054612,POINT (-56.054612 -12.2496655),2026-01-13,,MT242,,Ipiranga Do Norte,Sorriso (Mato Grosso),MT,78578-000,BR,MT242 Ipiranga Do Norte Sorriso (Mato Grosso) MT 78578-000 BR,"Mato Grosso, Ipiranga do Norte",Maturado (dessecado),50,31,21,25,256.666666666667,110,115,104,120,100,111,28233.3333333333,,,4. Boa,60sc/ha,,2,"8ed04856-8e15-494a-9184-defa4912ef40,154aec89-37de-4ffe-aa1b-6e101186cfaf,c988fe37-0362-4dd7-b44b-dced32c10168",",,",https://web.fulcrumapp.com/photos/view?photos=8ed04856-8e15-494a-9184-defa4912ef40%2C154aec89-37de-4ffe-aa1b-6e101186cfaf%2Cc988fe37-0362-4dd7-b44b-dced32c10168
dcfe89dc-07b4-4965-8776-0cf17e0e1a28,2026-01-13 12:10:07 UTC,2026-01-13 12:31:08 UTC,lucas.macedo@viterra.com,lucas.macedo@viterra.com,2026-01-13 12:33:49 UTC,2026-01-13 12:33:49 UTC,1,,,,-11.786994903020842,-55.475299671961785,POINT (-55.475299671961785 -11.786994903020842),2026-01-13,,BR163,,Sinop,"Sinop, Mato Grosso",MT,78551-630,BR,"BR163 Sinop Sinop, Mato Grosso MT 78551-630 BR","Mato Grosso, Sinop",Maturacao,50,26,26,22,246.666666666667,132,90,144,127,92,103,28284.4444444444,,,4. Boa,55sc/ha,,3,"fe7e28f8-6849-436e-8174-23ae2d979249,edc55d01-1b13-4e98-91e3-e6dd90f9cc55,bfc058a4-ab49-488b-9c18-d0c23b1a6d23,9fa6f5b6-d70e-4895-a753-8059812f70eb",",,,",https://web.fulcrumapp.com/photos/view?photos=fe7e28f8-6849-436e-8174-23ae2d979249%2Cedc55d01-1b13-4e98-91e3-e6dd90f9cc55%2Cbfc058a4-ab49-488b-9c18-d0c23b1a6d23%2C9fa6f5b6-d70e-4895-a753-8059812f70eb
351ad495-b6c0-4e14-908c-75f9e3a25a31,2026-01-13 12:38:25 UTC,2026-01-13 12:43:55 UTC,fernando.malavolta@zgbr.com.br,fernando.malavolta@zgbr.com.br,2026-01-13 12:43:59 UTC,2026-01-13 12:43:59 UTC,1,,,,-23.88985,-53.4717733,POINT (-53.4717733 -23.88985),2026-01-13,,Rodovia João Jorge Saad,,,Perobal,Paraná,87538-000,Brasil,Rodovia João Jorge Saad Perobal Paraná 87538-000 Brasil,"Parana, Perobal",Maturacao,50,24,21,16,203.33333333333334,82,165,67,130,162,152,25687.77777777778,,,4. Boa,,,5,"9c69484c-0844-4cba-9f1c-d8aeb394229a,57216d3a-31cd-492d-ac5f-87d4540ddbdb,ca536f4e-8645-4b23-919c-a860dcd10133,cc575f88-1748-48b5-9c78-51d3999ff04e",",,,",https://web.fulcrumapp.com/photos/view?photos=9c69484c-0844-4cba-9f1c-d8aeb394229a%2C57216d3a-31cd-492d-ac5f-87d4540ddbdb%2Cca536f4e-8645-4b23-919c-a860dcd10133%2Ccc575f88-1748-48b5-9c78-51d3999ff04e
faefc1a3-89e0-414e-a1df-727dca4bbe36,2026-01-13 00:38:36 UTC,2026-01-13 00:43:25 UTC,gabriela.lopes2@chsinc.com,gabriela.lopes2@chsinc.com,2026-01-13 13:04:35 UTC,2026-01-13 13:04:35 UTC,1,,,,-15.5581746,-54.2979337,POINT (-54.2979337 -15.5581746),2026-01-12,211,Rua Rondonópolis,,,Primavera do Leste,Mato Grosso,78850-000,Brasil,211 Rua Rondonópolis Primavera do Leste Mato Grosso 78850-000 Brasil,"Mato Grosso, Campo Verde",Enchimento de Graos,42,21,19,19,234.12698412698413,82,110,122,248,130,101,30943.78306878307,,,4. Boa,,,4,"39a08c80-d1c1-4b94-822e-427bf2508dff,bcf48dc6-529f-4372-947f-33c0dcc95d36,6022b785-b159-46ff-b383-ff18772652f6",",,",https://web.fulcrumapp.com/photos/view?photos=39a08c80-d1c1-4b94-822e-427bf2508dff%2Cbcf48dc6-529f-4372-947f-33c0dcc95d36%2C6022b785-b159-46ff-b383-ff18772652f6
26d8cd12-6dd2-40ca-baf6-c34f06a7c774,2026-01-13 00:43:33 UTC,2026-01-13 00:46:30 UTC,gabriela.lopes2@chsinc.com,gabriela.lopes2@chsinc.com,2026-01-13 13:04:36 UTC,2026-01-13 13:04:36 UTC,1,,,,-15.5582114,-54.2978993,POINT (-54.2978993 -15.5582114),2026-01-12,189,Rua Rondonópolis,,,Primavera do Leste,Mato Grosso,78850-000,Brasil,189 Rua Rondonópolis Primavera do Leste Mato Grosso 78850-000 Brasil,"Mato Grosso, Campo Verde",Enchimento de Graos,22,19,17,18,409.09090909090907,64,100,170,91,156,176,51613.63636363636,,,4. Boa,,,4,"cfcdd2e0-8873-42db-bb39-afcb0264de6b,e914b502-b58f-4592-aec2-905123730ddf,ef7f88a4-d37c-4889-b65a-1e6513c23b51",",,",https://web.fulcrumapp.com/photos/view?photos=cfcdd2e0-8873-42db-bb39-afcb0264de6b%2Ce914b502-b58f-4592-aec2-905123730ddf%2Cef7f88a4-d37c-4889-b65a-1e6513c23b51
9df7fb89-622f-42c1-a3f5-ad6701c60209,2026-01-13 00:46:35 UTC,2026-01-13 00:48:28 UTC,gabriela.lopes2@chsinc.com,gabriela.lopes2@chsinc.com,2026-01-13 13:04:36 UTC,2026-01-13 13:04:36 UTC,1,,,,-15.5582083,-54.2978923,POINT (-54.2978923 -15.5582083),2026-01-12,189,Rua Rondonópolis,,,Primavera do Leste,Mato Grosso,78850-000,Brasil,189 Rua Rondonópolis Primavera do Leste Mato Grosso 78850-000 Brasil,"Mato Grosso, Campo Verde",Enchimento de Graos,22,20,21,21,469.6969696969697,58,104,60,163,246,84,55972.22222222222,,,4. Boa,,,4,"19a00256-7cdb-4706-b951-6dbf0f3315b6,94f099db-e95a-4f2f-aa0d-94d0713d09c5,6ec8497b-6b98-4a53-82fb-b1cdf7668a8c",",,",https://web.fulcrumapp.com/photos/view?photos=19a00256-7cdb-4706-b951-6dbf0f3315b6%2C94f099db-e95a-4f2f-aa0d-94d0713d09c5%2C6ec8497b-6b98-4a53-82fb-b1cdf7668a8c
a793fb1c-84ab-4636-b247-445115166b67,2026-01-13 00:48:40 UTC,2026-01-13 00:50:32 UTC,gabriela.lopes2@chsinc.com,gabriela.lopes2@chsinc.com,2026-01-13 13:04:37 UTC,2026-01-13 13:04:37 UTC,1,,,,-15.558207,-54.2978891,POINT (-54.2978891 -15.558207),2026-01-12,189,Rua Rondonópolis,,,Primavera do Leste,Mato Grosso,78850-000,Brasil,189 Rua Rondonópolis Primavera do Leste Mato Grosso 78850-000 Brasil,"Mato Grosso, Campo Verde",Enchimento de Graos,51,14,22,18,176.47058823529414,137,148,131,99,126,137,22882.352941176476,,,4. Boa,,,4,"c0406ecf-e8a3-47fe-b77c-69bc2507c1a8,28dd449f-18e8-4700-956e-df1df85fed1e,435c6c46-34ac-4863-bffc-84ca9cd1c934",",,",https://web.fulcrumapp.com/photos/view?photos=c0406ecf-e8a3-47fe-b77c-69bc2507c1a8%2C28dd449f-18e8-4700-956e-df1df85fed1e%2C435c6c46-34ac-4863-bffc-84ca9cd1c934
d0ac5649-4814-482f-9800-3c703cece021,2026-01-13 00:50:45 UTC,2026-01-13 00:52:23 UTC,gabriela.lopes2@chsinc.com,gabriela.lopes2@chsinc.com,2026-01-13 13:04:37 UTC,2026-01-13 13:04:37 UTC,1,,,,-15.5582117,-54.2978874,POINT (-54.2978874 -15.5582117),2026-01-12,189,Rua Rondonópolis,,,Primavera do Leste,Mato Grosso,78850-000,Brasil,189 Rua Rondonópolis Primavera do Leste Mato Grosso 78850-000 Brasil,"Mato Grosso, Campo Verde",Enchimento de Graos,40,43,30,46,495.8333333333333,68,68,51,55,34,64,28097.22222222222,,,4. Boa,,,4,"6eca541f-2fff-46b6-82d7-8790d8a05925,3342c28d-05e7-4480-a570-1c4b994a8bea,715b97e0-9315-404a-85d1-fba9f5ade274",",,",https://web.fulcrumapp.com/photos/view?photos=6eca541f-2fff-46b6-82d7-8790d8a05925%2C3342c28d-05e7-4480-a570-1c4b994a8bea%2C715b97e0-9315-404a-85d1-fba9f5ade274
a2641979-2079-4dda-b0e2-4d115506a156,2026-01-13 00:52:32 UTC,2026-01-13 00:54:19 UTC,gabriela.lopes2@chsinc.com,gabriela.lopes2@chsinc.com,2026-01-13 13:04:38 UTC,2026-01-13 13:04:38 UTC,1,,,,-15.5582134,-54.297888,POINT (-54.297888 -15.5582134),2026-01-12,189,Rua Rondonópolis,,,Primavera do Leste,Mato Grosso,78850-000,Brasil,189 Rua Rondonópolis Primavera do Leste Mato Grosso 78850-000 Brasil,"Mato Grosso, Campo Verde",Enchimento de Graos,54,18,19,18,169.7530864197531,249,239,344,383,335,210,49794.23868312757,,,5. Excelente,,,4,"17acad63-19ba-48c6-a51d-f3f4900092f8,98ec521a-8490-4753-9163-a9d7842a5416,411b1f38-7020-4567-97c0-70cd7435fced",",,",https://web.fulcrumapp.com/photos/view?photos=17acad63-19ba-48c6-a51d-f3f4900092f8%2C98ec521a-8490-4753-9163-a9d7842a5416%2C411b1f38-7020-4567-97c0-70cd7435fced
2a4b3699-54a8-40ae-b2b4-9a31942a1361,2026-01-13 00:54:21 UTC,2026-01-13 00:56:42 UTC,gabriela.lopes2@chsinc.com,gabriela.lopes2@chsinc.com,2026-01-13 13:04:39 UTC,2026-01-13 13:04:39 UTC,1,,,,-15.5582141,-54.2978878,POINT (-54.2978878 -15.5582141),2026-01-12,199,Rua Rondonópolis,,,Primavera do Leste,Mato Grosso,78850-000,Brasil,199 Rua Rondonópolis Primavera do Leste Mato Grosso 78850-000 Brasil,"Mato Grosso, Campo Verde",Enchimento de Graos,50,39,38,38,383.3333333333333,60,53,51,78,51,71,23255.55555555555,,,4. Boa,,,4,"0c9eadbe-fbe1-4629-a90b-3bfa4596649c,943f066b-5d27-49da-a7be-9e53661f0c0c,7b4f3e39-11c4-48af-81ca-ebe6563a052c",",,",https://web.fulcrumapp.com/photos/view?photos=0c9eadbe-fbe1-4629-a90b-3bfa4596649c%2C943f066b-5d27-49da-a7be-9e53661f0c0c%2C7b4f3e39-11c4-48af-81ca-ebe6563a052c
07289910-f3eb-4f2e-a18f-6f680438e2b2,2026-01-13 00:56:44 UTC,2026-01-13 00:58:31 UTC,gabriela.lopes2@chsinc.com,gabriela.lopes2@chsinc.com,2026-01-13 13:04:39 UTC,2026-01-13 13:04:39 UTC,1,,,,-15.5582155,-54.2978881,POINT (-54.2978881 -15.5582155),2026-01-12,199,Rua Rondonópolis,,,Primavera do Leste,Mato Grosso,78850-000,Brasil,199 Rua Rondonópolis Primavera do Leste Mato Grosso 78850-000 Brasil,"Mato Grosso, Campo Verde",Enchimento de Graos,50,25,30,28,276.6666666666667,85,73,76,80,61,84,21165.000000000004,,,4. Boa,,,4,"08ae038d-67ac-43f0-a557-a632e704188e,fef25f19-d297-46e9-bca0-87c7cb264021,6c441b68-9d0d-4465-a681-df098d6dad60",",,",https://web.fulcrumapp.com/photos/view?photos=08ae038d-67ac-43f0-a557-a632e704188e%2Cfef25f19-d297-46e9-bca0-87c7cb264021%2C6c441b68-9d0d-4465-a681-df098d6dad60
4a5429c4-0bc9-4024-8774-cb5c45695bf9,2026-01-13 00:58:34 UTC,2026-01-13 01:00:29 UTC,gabriela.lopes2@chsinc.com,gabriela.lopes2@chsinc.com,2026-01-13 13:04:40 UTC,2026-01-13 13:04:40 UTC,1,,,,-15.5582165,-54.2978868,POINT (-54.2978868 -15.5582165),2026-01-12,199,Rua Rondonópolis,,,Primavera do Leste,Mato Grosso,78850-000,Brasil,199 Rua Rondonópolis Primavera do Leste Mato Grosso 78850-000 Brasil,"Mato Grosso, Campo Verde",Enchimento de Graos,44,14,17,17,181.81818181818184,49,63,64,60,64,55,10757.575757575758,,,3. Media,,,4,"ab2b5936-09c6-4891-82df-1ad2981e9b4b,1c1a3e36-c59f-4709-92ac-8dec06a2f723,ef1a4bcc-e9fe-49dd-9a87-76cde36df38e",",,",https://web.fulcrumapp.com/photos/view?photos=ab2b5936-09c6-4891-82df-1ad2981e9b4b%2C1c1a3e36-c59f-4709-92ac-8dec06a2f723%2Cef1a4bcc-e9fe-49dd-9a87-76cde36df38e
863b1765-57a8-4a68-8436-7a7c188b0af0,2026-01-13 11:37:09 UTC,2026-01-13 11:59:39 UTC,gabriela.lopes2@chsinc.com,gabriela.lopes2@chsinc.com,2026-01-13 13:04:41 UTC,2026-01-13 13:04:41 UTC,1,,,,-15.470411126749367,-54.258474156585876,POINT (-54.258474156585876 -15.470411126749367),2026-01-13,20174,Rua Rio de Janeiro,,,Primavera do Leste,Mato Grosso,78850-000,Brasil,20174 Rua Rio de Janeiro Primavera do Leste Mato Grosso 78850-000 Brasil,"Mato Grosso, Primavera do Leste",Enchimento de Graos,48,19,18,19,194.44444444444446,132,224,145,195,131,197,33185.18518518519,,,5. Excelente,,Presenca de vaquinha,4,"c0b13f96-8fb1-4ab0-a049-f1217e2e2bef,1261c4eb-edc9-49a1-b5df-0b02ad1ea671,32a71398-8917-4366-9a5e-4809fb595b2b",",,",https://web.fulcrumapp.com/photos/view?photos=c0b13f96-8fb1-4ab0-a049-f1217e2e2bef%2C1261c4eb-edc9-49a1-b5df-0b02ad1ea671%2C32a71398-8917-4366-9a5e-4809fb595b2b
cbbb0777-4cc7-4cd1-96e4-b10b8f7e2930,2026-01-13 12:18:19 UTC,2026-01-13 12:32:15 UTC,gabriela.lopes2@chsinc.com,gabriela.lopes2@chsinc.com,2026-01-13 13:04:41 UTC,2026-01-13 13:04:41 UTC,1,,,,-15.396225939145248,-54.20891466810367,POINT (-54.20891466810367 -15.396225939145248),2026-01-13,15360-21516,Rua Rio de Janeiro,,,Primavera do Leste,Mato Grosso,78850-000,Brasil,15360-21516 Rua Rio de Janeiro Primavera do Leste Mato Grosso 78850-000 Brasil,"Mato Grosso, Primavera do Leste",Enchimento de Graos,54,19,22,21,191.35802469135805,146,80,223,198,130,166,30075.10288065844,,,4. Boa,65sc/ha,Presenca de crotalária e pulverização sendo realizada na lavoura,4,"a9401068-0c1e-41ba-9c83-f10ed0cc67bf,153b8b5f-c13f-47ae-8524-986de682f630,75e09675-c515-42ca-8b85-78416bceb7ad",",,",https://web.fulcrumapp.com/photos/view?photos=a9401068-0c1e-41ba-9c83-f10ed0cc67bf%2C153b8b5f-c13f-47ae-8524-986de682f630%2C75e09675-c515-42ca-8b85-78416bceb7ad
e242c43a-f4da-4c35-bcb5-e4b4903b63d9,2026-01-13 12:37:17 UTC,2026-01-13 12:55:45 UTC,gabriela.lopes2@chsinc.com,gabriela.lopes2@chsinc.com,2026-01-13 13:04:42 UTC,2026-01-13 13:04:42 UTC,1,,,,-15.324560377025856,-54.19159689354144,POINT (-54.19159689354144 -15.324560377025856),2026-01-13,,MT-130,,,Primavera do Leste,Mato Grosso,78850-000,Brasil,MT-130 Primavera do Leste Mato Grosso 78850-000 Brasil,"Mato Grosso, Primavera do Leste",Enchimento de Graos,54,14,19,15,148.14814814814815,83,212,119,125,106,144,19481.48148148148,,,3. Media,40sc/ha,,4,"621985ce-cad0-4a73-9904-2767745fb0bd,859f91d0-43e3-4f8c-af6e-9b5f4f7ac630,72330c6f-f29b-4f81-926a-52c89b8f91c9",",,",https://web.fulcrumapp.com/photos/view?photos=621985ce-cad0-4a73-9904-2767745fb0bd%2C859f91d0-43e3-4f8c-af6e-9b5f4f7ac630%2C72330c6f-f29b-4f81-926a-52c89b8f91c9
c4b9ce82-a99e-423e-a930-4cc1a01eb9c2,2026-01-13 12:31:43 UTC,2026-01-13 12:39:02 UTC,jhonatan.negreiros@inpasa.com.br,jhonatan.negreiros@inpasa.com.br,2026-01-13 13:18:20 UTC,2026-01-13 13:18:20 UTC,1,,,,-12.260067682581928,-56.32516809974703,POINT (-56.32516809974703 -12.260067682581928),2026-01-13,,,,,,,,,,"Mato Grosso, Ipiranga do Norte",Enchimento de Graos,50,17,16,18,170,93,121,183,117,143,88,21108.3333333333,,,4. Boa,50sc/ha,,2,"fc5f893c-64bf-46e6-bb0a-b9bc80a1c2e0,80139949-cc61-44d2-bf50-cc51dbaca9cc,04d84295-c27c-4c33-ad3a-0af63288cd69",",,",https://web.fulcrumapp.com/photos/view?photos=fc5f893c-64bf-46e6-bb0a-b9bc80a1c2e0%2C80139949-cc61-44d2-bf50-cc51dbaca9cc%2C04d84295-c27c-4c33-ad3a-0af63288cd69
dcbad539-bc00-4cd7-8119-d8a83f8f0ee3,2026-01-13 12:54:53 UTC,2026-01-13 13:05:25 UTC,jhonatan.negreiros@inpasa.com.br,jhonatan.negreiros@inpasa.com.br,2026-01-13 13:18:21 UTC,2026-01-13 13:18:21 UTC,1,,,,-12.246992429729781,-56.51681475346583,POINT (-56.51681475346583 -12.246992429729781),2026-01-13,,,,,,,,,,"Mato Grosso, Itanhanga",Enchimento de Graos,50,16,17,15,160,241,134,146,204,94,106,24666.6666666667,,,4. Boa,60sc/ha,,2,"32ba5da3-bbd8-4652-89a1-f89b1ed677a1,7bc344e3-d501-4109-a1af-d137666b4f17,a941dbf1-ec8a-4fb3-80f7-2779788feedd",",,",https://web.fulcrumapp.com/photos/view?photos=32ba5da3-bbd8-4652-89a1-f89b1ed677a1%2C7bc344e3-d501-4109-a1af-d137666b4f17%2Ca941dbf1-ec8a-4fb3-80f7-2779788feedd
7018934d-f432-4834-a616-9bb3ca3bbdc2,2026-01-13 13:07:07 UTC,2026-01-13 13:22:13 UTC,gabriela.lopes2@chsinc.com,gabriela.lopes2@chsinc.com,2026-01-13 13:22:48 UTC,2026-01-13 13:22:48 UTC,1,,,,-15.22239813810098,-54.12698436413887,POINT (-54.12698436413887 -15.22239813810098),2026-01-13,,MT-130,,,Primavera do Leste,Mato Grosso,78850-000,Brasil,MT-130 Primavera do Leste Mato Grosso 78850-000 Brasil,"Mato Grosso, Primavera do Leste",Maturacao,48,32,27,31,312.50000000000006,78,95,72,84,142,145,32083.33333333334,,,4. Boa,70sc/ha,,4,"c84d1580-7055-445a-a813-f723414abb92,927a75b7-55cf-4f32-a3df-6d67f82ae26a,eee53f15-c26f-4e36-aedb-36768cb89c47",",,",https://web.fulcrumapp.com/photos/view?photos=c84d1580-7055-445a-a813-f723414abb92%2C927a75b7-55cf-4f32-a3df-6d67f82ae26a%2Ceee53f15-c26f-4e36-aedb-36768cb89c47
6d14e557-4011-4215-a286-f5d9ddd1404f,2026-01-13 13:18:09 UTC,2026-01-13 13:26:04 UTC,jhonatan.negreiros@inpasa.com.br,jhonatan.negreiros@inpasa.com.br,2026-01-13 13:26:07 UTC,2026-01-13 13:26:07 UTC,1,,,,-12.212567406863062,-56.631930592796735,POINT (-56.631930592796735 -12.212567406863062),2026-01-13,,,,,,,,,,"Mato Grosso, Itanhanga",Enchimento de Graos,50,20,17,19,186.666666666667,184,196,160,185,90,93,28248.8888888889,,,5. Excelente,65sc/ha,,2,"3416b66e-b213-492c-9507-0b5d4915b0b7,ce058ccf-b2d0-43c7-a447-fa917064f0f5,a45b867e-0963-4545-8639-dd84c3ea7457",",,",https://web.fulcrumapp.com/photos/view?photos=3416b66e-b213-492c-9507-0b5d4915b0b7%2Cce058ccf-b2d0-43c7-a447-fa917064f0f5%2Ca45b867e-0963-4545-8639-dd84c3ea7457
58b6b79e-47a6-48c6-b49f-9dcc6a137c7c,2026-01-13 13:23:29 UTC,2026-01-13 13:46:59 UTC,gabriela.lopes2@chsinc.com,gabriela.lopes2@chsinc.com,2026-01-13 13:47:14 UTC,2026-01-13 13:47:14 UTC,1,,,,-15.188300916812867,-54.11682789262678,POINT (-54.11682789262678 -15.188300916812867),2026-01-13,,MT-130,,,Primavera do Leste,Mato Grosso,78850-000,Brasil,MT-130 Primavera do Leste Mato Grosso 78850-000 Brasil,"Mato Grosso, Primavera do Leste",Enchimento de Graos,53,24,24,25,229.55974842767293,90,140,131,105,128,119,27279.3501048218,,,4. Boa,60sc/ha,,4,"e8f06c0d-6ccf-40f4-88a6-94b5bf2aa244,dd326f89-f435-4912-a5b8-d386197b45bf,dd5a3256-e499-47a6-8297-224f49995c69",",,",https://web.fulcrumapp.com/photos/view?photos=e8f06c0d-6ccf-40f4-88a6-94b5bf2aa244%2Cdd326f89-f435-4912-a5b8-d386197b45bf%2Cdd5a3256-e499-47a6-8297-224f49995c69
829eb23b-88d5-4706-8816-3299772b5f14,2026-01-13 13:38:05 UTC,2026-01-13 13:49:48 UTC,jhonatan.negreiros@inpasa.com.br,jhonatan.negreiros@inpasa.com.br,2026-01-13 13:48:40 UTC,2026-01-13 13:49:51 UTC,2,,,,-12.070581697058433,-56.58135241270744,POINT (-56.58135241270744 -12.070581697058433),2026-01-13,,,,,,,,,,"Mato Grosso, Itanhanga",Maturado (dessecado),50,12,11,14,123.333333333333,183,245,281,212,187,173,26331.6666666667,,,4. Boa,60sc/ha,,2,"76d50e73-246e-4da7-8f17-4d1b470259e2,6ef5d673-ece1-47ec-95c4-9aa1b7a8fe8a,05592565-63a8-48d3-b681-07df8e0fb68c",",,",https://web.fulcrumapp.com/photos/view?photos=76d50e73-246e-4da7-8f17-4d1b470259e2%2C6ef5d673-ece1-47ec-95c4-9aa1b7a8fe8a%2C05592565-63a8-48d3-b681-07df8e0fb68c
00827652-fbc1-4e82-9204-584aff4915d1,2026-01-13 14:06:35 UTC,2026-01-13 14:13:27 UTC,fernando.malavolta@zgbr.com.br,fernando.malavolta@zgbr.com.br,2026-01-13 14:13:35 UTC,2026-01-13 14:13:35 UTC,1,,,,-23.9431753,-53.0863621,POINT (-53.0863621 -23.9431753),2026-01-13,,Rodovia Luiz Dechiche,,,Moreira Sales,Paraná,87370-000,Brasil,Rodovia Luiz Dechiche Moreira Sales Paraná 87370-000 Brasil,"Parana, Moreira Sales",Enchimento de Graos,50,15,15,16,153.33333333333334,91,173,294,250,87,372,32378.88888888889,,,5. Excelente,,,5,"4447ae49-3e9b-4072-92ee-9c8d83548a49,21ae5868-f457-4ca9-bb53-d3fe1006851e,7503b773-2cfe-4b83-a130-6586838fc743,e45212c9-74c5-44a0-be36-edd9571553eb",",,,",https://web.fulcrumapp.com/photos/view?photos=4447ae49-3e9b-4072-92ee-9c8d83548a49%2C21ae5868-f457-4ca9-bb53-d3fe1006851e%2C7503b773-2cfe-4b83-a130-6586838fc743%2Ce45212c9-74c5-44a0-be36-edd9571553eb
632db5d9-6376-40a0-986e-1661ed5850d4,2026-01-13 11:42:50 UTC,2026-01-13 11:58:40 UTC,eduardo.diamandis@zgbr.com.br,eduardo.diamandis@zgbr.com.br,2026-01-13 14:21:11 UTC,2026-01-13 14:21:11 UTC,1,,,,-13.554701666666661,-57.91996333333331,POINT (-57.91996333333331 -13.554701666666661),2026-01-13,,,,,,,,,,"Mato Grosso, Campo Novo do Parecis",Maturado (dessecado),50,16,17,12,150,118,125,143,159,249,213,25175,,,4. Boa,60sc/ha,,1,"fe32c709-781b-4a65-90a8-53a9d36fca3b,14222eb1-0f6e-4d7f-b1ca-ac059a48671a,7c5acf65-05ed-45ed-8dfb-d47945c643c0",",,",https://web.fulcrumapp.com/photos/view?photos=fe32c709-781b-4a65-90a8-53a9d36fca3b%2C14222eb1-0f6e-4d7f-b1ca-ac059a48671a%2C7c5acf65-05ed-45ed-8dfb-d47945c643c0
3de4860c-b57b-471d-890e-a6edc854dbb4,2026-01-13 11:59:21 UTC,2026-01-13 12:09:47 UTC,eduardo.diamandis@zgbr.com.br,eduardo.diamandis@zgbr.com.br,2026-01-13 14:21:11 UTC,2026-01-13 14:21:11 UTC,1,,,,-13.343978333333334,-58.02477833333334,POINT (-58.02477833333334 -13.343978333333334),2026-01-13,,,,,,,,,,"Mato Grosso, Campo Novo do Parecis",Maturado (dessecado),50,19,21,17,190,164,139,114,188,123,169,28405,,,4. Boa,60sc/ha,,1,"412dc379-e862-4fd5-b6ec-258bc772739a,12634b62-a4aa-4abb-bfa6-837f1d282bb5,a8ac9228-d7aa-4865-8161-d432011fdf6e",",,",https://web.fulcrumapp.com/photos/view?photos=412dc379-e862-4fd5-b6ec-258bc772739a%2C12634b62-a4aa-4abb-bfa6-837f1d282bb5%2Ca8ac9228-d7aa-4865-8161-d432011fdf6e
bf80dd62-75a7-48ee-acc9-afc92f0d7c29,2026-01-13 12:18:56 UTC,2026-01-13 12:28:57 UTC,eduardo.diamandis@zgbr.com.br,eduardo.diamandis@zgbr.com.br,2026-01-13 14:21:12 UTC,2026-01-13 14:21:12 UTC,1,,,,-13.26765166666666,-58.024614999999976,POINT (-58.024614999999976 -13.26765166666666),2026-01-13,,,,,,,,,,"Mato Grosso, Campo Novo do Parecis",Maturado (dessecado),45,13,18,15,170.37037037037,206,117,77,91,174,119,22261.7283950617,,,4. Boa,55sc/ha,,1,"165e581d-a11e-4d17-a761-3dd31addab27,8fcf4b12-7ee7-4078-9d3e-0af8606fb3ff,54f71419-41ab-4c95-9769-ff7942499973",",,",https://web.fulcrumapp.com/photos/view?photos=165e581d-a11e-4d17-a761-3dd31addab27%2C8fcf4b12-7ee7-4078-9d3e-0af8606fb3ff%2C54f71419-41ab-4c95-9769-ff7942499973
426a5bf4-4117-442c-8190-07b1a59fd470,2026-01-13 12:33:36 UTC,2026-01-13 12:44:22 UTC,eduardo.diamandis@zgbr.com.br,eduardo.diamandis@zgbr.com.br,2026-01-13 14:21:12 UTC,2026-01-13 14:21:12 UTC,1,,,,-13.139190000000001,-58.001704999999994,POINT (-58.001704999999994 -13.139190000000001),2026-01-13,,,,,,,,,,"Mato Grosso, Campo Novo do Parecis",Maturacao,50,17,17,18,173.333333333333,144,105,104,170,168,92,22620,,,4. Boa,55sc/ha,,1,"22ad7dc6-b46c-4323-b433-7a3989d44cbc,a9988790-1251-4336-9cfa-6bd71e0c29e4,a0663d34-3059-4031-95d0-064dbc03af04",",,",https://web.fulcrumapp.com/photos/view?photos=22ad7dc6-b46c-4323-b433-7a3989d44cbc%2Ca9988790-1251-4336-9cfa-6bd71e0c29e4%2Ca0663d34-3059-4031-95d0-064dbc03af04
84858243-1a84-4f3d-9bf5-a226131ff509,2026-01-13 12:45:07 UTC,2026-01-13 12:58:48 UTC,eduardo.diamandis@zgbr.com.br,eduardo.diamandis@zgbr.com.br,2026-01-13 14:21:13 UTC,2026-01-13 14:21:13 UTC,1,,,,-13.002501666666664,-58.045933333333316,POINT (-58.045933333333316 -13.002501666666664),2026-01-13,,,,,,,,,,"Mato Grosso, Campo Novo do Parecis",Maturacao,50,19,18,15,173.333333333333,126,101,99,52,99,162,18460,,,4. Boa,,,1,"6496d95f-cf57-4048-8d15-0b9acb75daa9,bf514c1b-0119-430a-a2e6-d873d48f1a5a,9ac54231-2ac3-47de-bd80-0ea7a611de89",",,",https://web.fulcrumapp.com/photos/view?photos=6496d95f-cf57-4048-8d15-0b9acb75daa9%2Cbf514c1b-0119-430a-a2e6-d873d48f1a5a%2C9ac54231-2ac3-47de-bd80-0ea7a611de89
86f6da84-0e6f-4c91-a1ae-b701d912d619,2026-01-13 13:03:13 UTC,2026-01-13 13:16:43 UTC,eduardo.diamandis@zgbr.com.br,eduardo.diamandis@zgbr.com.br,2026-01-13 14:21:14 UTC,2026-01-13 14:21:14 UTC,1,,,,-12.812681116253927,-58.10823868228332,POINT (-58.10823868228332 -12.812681116253927),2026-01-13,,,,,,,,,,"Mato Grosso, Campo Novo do Parecis",Maturacao,50,16,17,13,153.333333333333,98,145,180,188,118,79,20648.8888888889,,,4. Boa,60sc/ha,,1,"b9044bf6-e5c8-48ee-8100-d4f3d69d109a,53ffbe0f-78b9-4363-b160-35e47db43d15,fa85d89f-5ace-4576-94ac-63ea3a6a1150",",,",https://web.fulcrumapp.com/photos/view?photos=b9044bf6-e5c8-48ee-8100-d4f3d69d109a%2C53ffbe0f-78b9-4363-b160-35e47db43d15%2Cfa85d89f-5ace-4576-94ac-63ea3a6a1150
7f84142a-dfdd-419d-b6e3-df2e9b3f8aa8,2026-01-13 13:18:38 UTC,2026-01-13 13:32:33 UTC,eduardo.diamandis@zgbr.com.br,eduardo.diamandis@zgbr.com.br,2026-01-13 14:21:14 UTC,2026-01-13 14:21:14 UTC,1,,,,-12.653106666666668,-58.048245,POINT (-58.048245 -12.653106666666668),2026-01-13,,,,,,,,,,"Mato Grosso, Campo Novo do Parecis",Maturacao,50,14,18,17,163.333333333333,196,123,109,142,60,132,20743.3333333333,,,4. Boa,60sc/ha,,1,"901b12d7-a11a-42fc-aee4-76d403a4599f,23335911-b302-47e7-b3a3-0478c4e605ff,024aaaa8-af25-4ded-ad9b-84516c690c76",",,",https://web.fulcrumapp.com/photos/view?photos=901b12d7-a11a-42fc-aee4-76d403a4599f%2C23335911-b302-47e7-b3a3-0478c4e605ff%2C024aaaa8-af25-4ded-ad9b-84516c690c76
888811ae-467e-4060-a003-3fd0375579b3,2026-01-13 13:54:56 UTC,2026-01-13 14:09:55 UTC,eduardo.diamandis@zgbr.com.br,eduardo.diamandis@zgbr.com.br,2026-01-13 14:21:15 UTC,2026-01-13 14:21:15 UTC,1,,,,-12.328361666666668,-57.9558,POINT (-57.9558 -12.328361666666668),2026-01-13,,,,Brasnorte,Tangará da Serra,MT,78350-000,BR,Brasnorte Tangará da Serra MT 78350-000 BR,"Mato Grosso, Brasnorte",Enchimento de Graos,50,13,10,20,143.333333333333,153,201,167,67,139,202,22192.7777777778,,,3. Media,50sc/ha,,1,"dff3aa51-fd93-4f93-8aa4-34c2e827402c,edda7c9e-494e-43fd-bd2b-f3aaeef83a65,2fa90eb8-19df-47f0-a540-f4dd4ae2a3e7",",,",https://web.fulcrumapp.com/photos/view?photos=dff3aa51-fd93-4f93-8aa4-34c2e827402c%2Cedda7c9e-494e-43fd-bd2b-f3aaeef83a65%2C2fa90eb8-19df-47f0-a540-f4dd4ae2a3e7
6ac97aba-71a9-443a-9325-65755fc57648,2026-01-13 13:56:10 UTC,2026-01-13 14:07:39 UTC,gabriela.lopes2@chsinc.com,gabriela.lopes2@chsinc.com,2026-01-13 14:29:31 UTC,2026-01-13 14:29:31 UTC,1,,,,-15.18827193480734,-54.11665600409678,POINT (-54.11665600409678 -15.18827193480734),2026-01-13,,MT-130,,,Primavera do Leste,Mato Grosso,78850-000,Brasil,MT-130 Primavera do Leste Mato Grosso 78850-000 Brasil,"Mato Grosso, Primavera do Leste",Florescimento,45,33,24,23,296.2962962962963,48,70,22,62,40,49,14370.37037037037,,,3. Media,30sc/ha,Lavoura ainda enchendo vagem,4,"56ed868f-8d84-4c30-9926-c0c988d2e016,1f7ddb09-d036-430d-bc4b-285d53535f73,5f9f5d6e-a13e-43a3-9334-bb7d91f44b69",",,",https://web.fulcrumapp.com/photos/view?photos=56ed868f-8d84-4c30-9926-c0c988d2e016%2C1f7ddb09-d036-430d-bc4b-285d53535f73%2C5f9f5d6e-a13e-43a3-9334-bb7d91f44b69
a198cad8-0aad-43b0-a7ec-89a8873a4ef1,2026-01-13 14:09:47 UTC,2026-01-13 14:27:57 UTC,gabriela.lopes2@chsinc.com,gabriela.lopes2@chsinc.com,2026-01-13 14:29:32 UTC,2026-01-13 14:29:32 UTC,1,,,,-14.972461711980927,-54.06142200336017,POINT (-54.06142200336017 -14.972461711980927),2026-01-13,,MT-130,,,Primavera do Leste,Mato Grosso,78850-000,Brasil,MT-130 Primavera do Leste Mato Grosso 78850-000 Brasil,"Mato Grosso, Paranatinga",Enchimento de Graos,34,24,24,26,362.7450980392157,114,87,71,121,162,80,38390.52287581699,,,5. Excelente,,,4,"028de99d-6bf7-432f-812b-95ee06dd8efa,4071374e-1304-436f-a6ff-7ac30c9db398,301a89ad-db29-4146-9958-97aeaaa4d46b",",,",https://web.fulcrumapp.com/photos/view?photos=028de99d-6bf7-432f-812b-95ee06dd8efa%2C4071374e-1304-436f-a6ff-7ac30c9db398%2C301a89ad-db29-4146-9958-97aeaaa4d46b
2f132d2b-b68e-4b4c-ba16-eac8845eaf0a,2026-01-13 12:47:23 UTC,2026-01-13 13:05:25 UTC,lucas.macedo@viterra.com,lucas.macedo@viterra.com,2026-01-13 14:35:46 UTC,2026-01-13 14:35:46 UTC,1,,,,-11.767055526394152,-55.43818413772412,POINT (-55.43818413772412 -11.767055526394152),2026-01-13,,,,,,,,,,"Mato Grosso, Sinop",Maturacao,50,15,18,26,196.666666666667,123,102,171,141,132,222,29205,,,4. Boa,55sc/ha,,3,"7417c67e-0088-4e82-b3ea-43852c052f0a,9fb8c430-ad68-4247-8192-eb24e40ac6eb,7a443d3f-63ad-44ff-b46e-d132be4cbce8,db727c66-fa06-4f93-89a4-dd7705002c55",",,,",https://web.fulcrumapp.com/photos/view?photos=7417c67e-0088-4e82-b3ea-43852c052f0a%2C9fb8c430-ad68-4247-8192-eb24e40ac6eb%2C7a443d3f-63ad-44ff-b46e-d132be4cbce8%2Cdb727c66-fa06-4f93-89a4-dd7705002c55
c13433ed-b7f2-44af-9bb4-b3159137421a,2026-01-13 13:06:06 UTC,2026-01-13 13:21:47 UTC,lucas.macedo@viterra.com,lucas.macedo@viterra.com,2026-01-13 14:35:47 UTC,2026-01-13 14:35:47 UTC,1,,,,-11.723756020761854,-55.32286800089998,POINT (-55.32286800089998 -11.723756020761854),2026-01-13,,,,,,,,,,"Mato Grosso, Sinop",Maturacao,55,22,23,24,209.090909090909,159,99,99,185,114,129,27356.0606060606,,,4. Boa,60sc/ha,,3,"c43bcf0f-2adf-4376-851f-09303d0e864d,05029acb-0845-419b-a62b-3ee193c72936,571001c6-81e8-440f-87da-6ec5f9fd05d9,dec482a6-cb0b-4740-afdf-b1612b682baf",",,,",https://web.fulcrumapp.com/photos/view?photos=c43bcf0f-2adf-4376-851f-09303d0e864d%2C05029acb-0845-419b-a62b-3ee193c72936%2C571001c6-81e8-440f-87da-6ec5f9fd05d9%2Cdec482a6-cb0b-4740-afdf-b1612b682baf
9c17b4a5-4bb1-47b8-af06-91ab57ff78c7,2026-01-13 13:22:49 UTC,2026-01-13 13:38:30 UTC,lucas.macedo@viterra.com,lucas.macedo@viterra.com,2026-01-13 14:35:48 UTC,2026-01-13 14:35:48 UTC,1,,,,-11.677284016175323,-55.21959359609307,POINT (-55.21959359609307 -11.677284016175323),2026-01-13,,,,,,,,,,"Mato Grosso, Sinop",Maturacao,60,19,23,25,186.111111111111,186,210,225,132,159,168,33500,,,4. Boa,60sc/ha,,3,"c93455cd-d834-4d8e-9513-5baf88c55427,9e48bd0b-abcb-4435-82db-589c3e4337aa,ed03938e-1a8c-42c4-8cdc-e11e53d94203,249f91ed-bfad-48ff-8809-504b46a3c5a7",",,,",https://web.fulcrumapp.com/photos/view?photos=c93455cd-d834-4d8e-9513-5baf88c55427%2C9e48bd0b-abcb-4435-82db-589c3e4337aa%2Ced03938e-1a8c-42c4-8cdc-e11e53d94203%2C249f91ed-bfad-48ff-8809-504b46a3c5a7
04760b1b-23da-4ccc-9449-9127575a991a,2026-01-13 13:51:36 UTC,2026-01-13 13:54:33 UTC,lucas.macedo@viterra.com,lucas.macedo@viterra.com,2026-01-13 14:35:49 UTC,2026-01-13 14:35:49 UTC,1,,,,-11.579068363654967,-55.1314933598555,POINT (-55.1314933598555 -11.579068363654967),2026-01-13,,,,,,,,,,"Mato Grosso, Sinop",Em colheita,50,29,41,38,360,141,141,120,156,135,51,44640,,,4. Boa,70sc/ha,,3,"256b4148-a59a-47d8-bac8-5d39b1e2be2a,f4c0d19c-fada-4fd2-bd2d-5a04bda1d218,2b794c9b-f0ff-4fb5-aac0-7166490fc002,c42a95a0-d627-40b0-a7db-bfd64f97c971,4902e51e-fcb5-4949-86a4-b2a763386e56",",,,,",https://web.fulcrumapp.com/photos/view?photos=256b4148-a59a-47d8-bac8-5d39b1e2be2a%2Cf4c0d19c-fada-4fd2-bd2d-5a04bda1d218%2C2b794c9b-f0ff-4fb5-aac0-7166490fc002%2Cc42a95a0-d627-40b0-a7db-bfd64f97c971%2C4902e51e-fcb5-4949-86a4-b2a763386e56
14c7babd-8b25-4d3a-9b6f-561d564227b8,2026-01-13 13:58:11 UTC,2026-01-13 14:16:13 UTC,lucas.macedo@viterra.com,lucas.macedo@viterra.com,2026-01-13 14:35:50 UTC,2026-01-13 14:35:50 UTC,1,,,,-11.522183152857487,-55.06181074311497,POINT (-55.06181074311497 -11.522183152857487),2026-01-13,,,,,,,,,,"Mato Grosso, Claudia",Maturado (dessecado),60,20,21,20,169.444444444444,192,246,306,252,228,126,38125,,,4. Boa,65sc/ha,,3,"039c4baa-e1af-48c5-9a37-2ea98ca3be7b,a688f750-ac0d-4504-9a32-421525fbc1f2,992ee346-dee0-4c08-b46a-ebe43203fd33,23773eff-fa43-4a22-ab0d-fa46e2304207",",,,",https://web.fulcrumapp.com/photos/view?photos=039c4baa-e1af-48c5-9a37-2ea98ca3be7b%2Ca688f750-ac0d-4504-9a32-421525fbc1f2%2C992ee346-dee0-4c08-b46a-ebe43203fd33%2C23773eff-fa43-4a22-ab0d-fa46e2304207
49624b24-34af-439b-9f59-f9166120bf7d,2026-01-13 14:18:20 UTC,2026-01-13 14:32:43 UTC,lucas.macedo@viterra.com,lucas.macedo@viterra.com,2026-01-13 14:35:51 UTC,2026-01-13 14:35:51 UTC,1,,,,-11.488915295350589,-54.95443713856391,POINT (-54.95443713856391 -11.488915295350589),2026-01-13,,,,Cláudia,"Sinop, Mato Grosso",MT,78540-000,BR,"Cláudia Sinop, Mato Grosso MT 78540-000 BR","Mato Grosso, Claudia",Maturado (dessecado),50,15,13,17,150,201,300,189,203,85,128,27650,,,4. Boa,60sc/ha,,3,"067e81b8-a611-43e2-a34a-7205a78022ab,374bbc77-5395-488e-bd9e-5534318f1d9c,e291492e-4671-4135-8814-c5a498904f6c,2befb7cc-b31f-4d76-9fd8-d1fbd25970cc",",,,",https://web.fulcrumapp.com/photos/view?photos=067e81b8-a611-43e2-a34a-7205a78022ab%2C374bbc77-5395-488e-bd9e-5534318f1d9c%2Ce291492e-4671-4135-8814-c5a498904f6c%2C2befb7cc-b31f-4d76-9fd8-d1fbd25970cc
0bb5ff5c-9998-4213-89bb-cced79ab003a,2026-01-13 14:34:43 UTC,2026-01-13 14:40:06 UTC,fernando.malavolta@zgbr.com.br,fernando.malavolta@zgbr.com.br,2026-01-13 14:41:48 UTC,2026-01-13 14:41:48 UTC,1,,,,-24.10433,-53.0623217,POINT (-53.0623217 -24.10433),2026-01-13,,Rodovia Luiz Dechiche,,,Goioerê,Paraná,87360-000,Brasil,Rodovia Luiz Dechiche Goioerê Paraná 87360-000 Brasil,"Parana, Goioere",Enchimento de Graos,50,18,14,16,160,55,235,236,122,114,87,22640,,,3. Media,,,5,"4b7a1cfa-03e4-42d2-ae56-73057e1082e8,70fd1afe-4b7b-4d8a-b647-3a2384ebe538,b3e2736d-b6d1-4fe7-ba02-433448bd71b0,a8ce078b-b5cf-4313-9f0a-222d6b914b66",",,,",https://web.fulcrumapp.com/photos/view?photos=4b7a1cfa-03e4-42d2-ae56-73057e1082e8%2C70fd1afe-4b7b-4d8a-b647-3a2384ebe538%2Cb3e2736d-b6d1-4fe7-ba02-433448bd71b0%2Ca8ce078b-b5cf-4313-9f0a-222d6b914b66
09148735-b393-456a-89da-b9b02947a72b,2026-01-13 14:37:01 UTC,2026-01-13 14:43:59 UTC,jhonatan.negreiros@inpasa.com.br,jhonatan.negreiros@inpasa.com.br,2026-01-13 14:43:44 UTC,2026-01-13 16:00:50 UTC,2,,,,-12.340026836101702,-56.68043395816728,POINT (-56.68043395816728 -12.340026836101702),2026-01-13,,MT338,,Tapurah,Sorriso (Mato Grosso),MT,78579-000,BR,MT338 Tapurah Sorriso (Mato Grosso) MT 78579-000 BR,"Mato Grosso, Tapurah",Enchimento de Graos,45,21,22,20,233.333333333333,149,79,173,94,72,117,26600,,,4. Boa,65sc/ha,,2,"77a082ce-d426-40ea-b331-e311f876a7f6,3d77903a-e4d0-412b-8ad7-036a5ab22f73,c10c309b-8b41-4351-bf92-564dd8f9b3b0",",,",https://web.fulcrumapp.com/photos/view?photos=77a082ce-d426-40ea-b331-e311f876a7f6%2C3d77903a-e4d0-412b-8ad7-036a5ab22f73%2Cc10c309b-8b41-4351-bf92-564dd8f9b3b0
e9109435-a8de-46c2-93f8-b5ec03a6bdcd,2026-01-13 14:49:18 UTC,2026-01-13 14:57:30 UTC,fernando.malavolta@zgbr.com.br,fernando.malavolta@zgbr.com.br,2026-01-13 14:57:36 UTC,2026-01-13 14:57:36 UTC,1,,,,-24.1600317,-53.0629233,POINT (-53.0629233 -24.1600317),2026-01-13,,Rodovia Luiz Dechiche,,,Goioerê,Paraná,87360-000,Brasil,Rodovia Luiz Dechiche Goioerê Paraná 87360-000 Brasil,"Parana, Goioere",Enchimento de Graos,50,10,14,15,130,286,293,285,174,248,366,35793.333333333336,,,3. Media,,,5,"68ad6e67-6c93-481e-b52d-bee0561f5b84,c727bd5d-32d8-4132-83b8-4acfb6965cd8,85fe0935-ba57-4cc4-a3dc-6edac7ee30d8",",,",https://web.fulcrumapp.com/photos/view?photos=68ad6e67-6c93-481e-b52d-bee0561f5b84%2Cc727bd5d-32d8-4132-83b8-4acfb6965cd8%2C85fe0935-ba57-4cc4-a3dc-6edac7ee30d8
25c57a93-d3d2-4536-9fb2-91ea58aaf24d,2026-01-13 14:21:56 UTC,2026-01-13 14:27:13 UTC,fernando.malavolta@zgbr.com.br,fernando.malavolta@zgbr.com.br,2026-01-13 15:40:25 UTC,2026-01-13 15:40:25 UTC,1,,,,-24.0380233,-53.0732667,POINT (-53.0732667 -24.0380233),2026-01-13,,,,,,,,,,"Parana, Moreira Sales",Maturacao,50,25,27,24,253.33333333333334,81,102,71,111,134,127,26431.111111111113,,,5. Excelente,,,5,"4ff45583-be87-4e1d-adc8-b218502b4fb4,fad8cb6c-3340-448f-bb90-39289808fd03,b35852ff-3f8c-4318-be3d-896c8bac65d6",",,",https://web.fulcrumapp.com/photos/view?photos=4ff45583-be87-4e1d-adc8-b218502b4fb4%2Cfad8cb6c-3340-448f-bb90-39289808fd03%2Cb35852ff-3f8c-4318-be3d-896c8bac65d6
156a1025-99f2-47da-921c-50f0fb0b66d9,2026-01-13 13:59:56 UTC,2026-01-13 14:44:04 UTC,jhonatan.negreiros@inpasa.com.br,jhonatan.negreiros@inpasa.com.br,2026-01-13 16:00:53 UTC,2026-01-13 16:00:53 UTC,1,,,,-11.983282435535092,-56.54221375688143,POINT (-56.54221375688143 -11.983282435535092),2026-01-13,,,,,,,,,,"Mato Grosso, Itanhanga",Maturado (dessecado),50,21,18,17,186.666666666667,157,121,115,117,98,131,22991.1111111111,,,4. Boa,55sc/ha,,2,"bc17c11c-a810-47e4-b168-4c8f6bedcb9e,7f0bd25c-2439-4591-ab14-ce95ae28c501,1bd2f068-7044-4037-ab2f-ba5a20b12788",",,",https://web.fulcrumapp.com/photos/view?photos=bc17c11c-a810-47e4-b168-4c8f6bedcb9e%2C7f0bd25c-2439-4591-ab14-ce95ae28c501%2C1bd2f068-7044-4037-ab2f-ba5a20b12788
14851ff8-149f-4460-a5ff-5733bd662665,2026-01-13 14:50:51 UTC,2026-01-13 14:58:41 UTC,jhonatan.negreiros@inpasa.com.br,jhonatan.negreiros@inpasa.com.br,2026-01-13 16:01:14 UTC,2026-01-13 16:01:14 UTC,1,,,,-12.437094015874113,-56.714837789936496,POINT (-56.714837789936496 -12.437094015874113),2026-01-13,,,,,,,,,,"Mato Grosso, Tapurah",Maturado (dessecado),45,24,22,18,237.037037037037,48,129,218,135,162,231,36464.1975308642,,,5. Excelente,70sc/ha,,2,"14155cc0-2d31-49d9-9a87-37015e4f375c,14ca0dce-d6a8-479c-9cec-4c717b43b7ec,1df50126-911a-4314-b358-d9975204c445",",,",https://web.fulcrumapp.com/photos/view?photos=14155cc0-2d31-49d9-9a87-37015e4f375c%2C14ca0dce-d6a8-479c-9cec-4c717b43b7ec%2C1df50126-911a-4314-b358-d9975204c445
6b6f7a4a-6c86-46c4-b8a7-093d26576b64,2026-01-13 15:07:34 UTC,2026-01-13 15:13:57 UTC,jhonatan.negreiros@inpasa.com.br,jhonatan.negreiros@inpasa.com.br,2026-01-13 16:01:15 UTC,2026-01-13 16:01:15 UTC,1,,,,-12.52763787571552,-56.65936542850765,POINT (-56.65936542850765 -12.52763787571552),2026-01-13,,,,,,,,,,"Mato Grosso, Tapurah",Em colheita,50,22,19,20,203.333333333333,141,194,132,124,132,145,29415.5555555556,,,4. Boa,65sc/ha,,2,"52e36d4e-c2e7-4149-94d6-b3ffcf5b8894,0e41d087-d26c-4e2b-afc4-83e26715bd06,454247bc-5d9c-4216-82e3-efeeb45a46c0",",,",https://web.fulcrumapp.com/photos/view?photos=52e36d4e-c2e7-4149-94d6-b3ffcf5b8894%2C0e41d087-d26c-4e2b-afc4-83e26715bd06%2C454247bc-5d9c-4216-82e3-efeeb45a46c0
2a17c28b-dc29-4ac7-8d6b-e741d28a3e31,2026-01-13 15:23:11 UTC,2026-01-13 15:29:37 UTC,jhonatan.negreiros@inpasa.com.br,jhonatan.negreiros@inpasa.com.br,2026-01-13 16:01:16 UTC,2026-01-13 16:01:16 UTC,1,,,,-12.628812049527307,-56.59404896204974,POINT (-56.59404896204974 -12.628812049527307),2026-01-13,,,,,,,,,,"Mato Grosso, Tapurah",Maturacao,45,34,26,24,311.111111111111,97,37,108,86,104,106,27896.2962962963,,,5. Excelente,65sc/ha,,2,"0eb1c6fe-5733-4058-8064-b4948424fd72,db30b366-2b18-4cea-85a5-72bf1c65b416,5e2163c3-febf-4ee9-bafd-af3a237e88c4",",,",https://web.fulcrumapp.com/photos/view?photos=0eb1c6fe-5733-4058-8064-b4948424fd72%2Cdb30b366-2b18-4cea-85a5-72bf1c65b416%2C5e2163c3-febf-4ee9-bafd-af3a237e88c4
5f5b3eb5-ddff-45e1-ad80-ea36d37f0e1f,2026-01-13 16:02:09 UTC,2026-01-13 16:07:26 UTC,fernando.malavolta@zgbr.com.br,fernando.malavolta@zgbr.com.br,2026-01-13 16:07:31 UTC,2026-01-13 16:07:31 UTC,1,,,,-24.2238585,-53.0492962,POINT (-53.0492962 -24.2238585),2026-01-13,,Rodovia Vereador Jocelino Pereira dos Santos,,,Quarto Centenário,Paraná,87360-000,Brasil,Rodovia Vereador Jocelino Pereira dos Santos Quarto Centenário Paraná 87360-000 Brasil,"Parana, Goioere",Enchimento de Graos,45,26,26,25,285.18518518518516,118,118,99,139,135,163,36693.82716049383,,,4. Boa,,,5,"94a79228-254c-451b-9211-fb9a38372350,9e9c8cb2-78b0-4c76-a8fd-e098ec540263,ed0d49fb-91f7-4361-8727-8d7f660da917",",,",https://web.fulcrumapp.com/photos/view?photos=94a79228-254c-451b-9211-fb9a38372350%2C9e9c8cb2-78b0-4c76-a8fd-e098ec540263%2Ced0d49fb-91f7-4361-8727-8d7f660da917
85949d4e-6845-4a96-884d-04d999c7e911,2026-01-13 16:19:53 UTC,2026-01-13 16:27:27 UTC,fernando.malavolta@zgbr.com.br,fernando.malavolta@zgbr.com.br,2026-01-13 16:27:30 UTC,2026-01-13 16:27:30 UTC,1,,,,-24.2838233,-53.0900383,POINT (-53.0900383 -24.2838233),2026-01-13,217,PR-180,,,Quarto Centenário,Paraná,87365-000,Brasil,217 PR-180 Quarto Centenário Paraná 87365-000 Brasil,"Parana, Quarto Centenario",Maturacao,45,21,22,25,251.85185185185185,170,113,152,186,165,308,45920.98765432098,,,4. Boa,,,5,"56328c5f-2612-43ef-a0c6-1d39ea79dd43,5d72ee66-4e5c-4e6a-83b5-5be5352e286d,4052d33a-8fbf-4c4b-961b-ebddb2e01730,63e169e1-0c01-46d6-a3a7-825b88709bac,da0fd89f-ab38-43b6-bf98-90656cb06f9b,4116d2fa-8116-44d3-b41e-70d03d7a6577",",,,,,",https://web.fulcrumapp.com/photos/view?photos=56328c5f-2612-43ef-a0c6-1d39ea79dd43%2C5d72ee66-4e5c-4e6a-83b5-5be5352e286d%2C4052d33a-8fbf-4c4b-961b-ebddb2e01730%2C63e169e1-0c01-46d6-a3a7-825b88709bac%2Cda0fd89f-ab38-43b6-bf98-90656cb06f9b%2C4116d2fa-8116-44d3-b41e-70d03d7a6577
497bde55-8f9d-45e9-8c50-18a0101e8f6f,2026-01-13 16:23:00 UTC,2026-01-13 16:30:02 UTC,jhonatan.negreiros@inpasa.com.br,jhonatan.negreiros@inpasa.com.br,2026-01-13 16:30:05 UTC,2026-01-13 16:30:05 UTC,1,,,,-12.745312456984383,-56.5384294186314,POINT (-56.5384294186314 -12.745312456984383),2026-01-13,,,,Tapurah,Sorriso (Mato Grosso),MT,78555-000,BR,Tapurah Sorriso (Mato Grosso) MT 78555-000 BR,"Mato Grosso, Tapurah",Enchimento de Graos,50,22,14,13,163.333333333333,187,145,121,107,137,121,22267.7777777778,,,4. Boa,55sc/ha,,2,"c0230d9f-f6f4-4a03-84e5-aa05472ec18a,382a6803-048a-4eef-9d09-183de239ea05,d869264b-cb04-4ceb-8e68-3e54025dd6c5",",,",https://web.fulcrumapp.com/photos/view?photos=c0230d9f-f6f4-4a03-84e5-aa05472ec18a%2C382a6803-048a-4eef-9d09-183de239ea05%2Cd869264b-cb04-4ceb-8e68-3e54025dd6c5
c2e88436-3806-4d13-9500-c2722a529464,2026-01-13 16:37:19 UTC,2026-01-13 16:42:31 UTC,fernando.malavolta@zgbr.com.br,fernando.malavolta@zgbr.com.br,2026-01-13 16:52:06 UTC,2026-01-13 16:52:06 UTC,1,,,,-24.30704,-53.1780533,POINT (-53.1780533 -24.30704),2026-01-13,283,Rodovia Vereador Severino Gomes da Silva,,,Quarto Centenário,Paraná,87365-000,Brasil,283 Rodovia Vereador Severino Gomes da Silva Quarto Centenário Paraná 87365-000 Brasil,"Parana, Quarto Centenario",Enchimento de Graos,50,24,18,23,216.66666666666666,72,72,194,208,161,196,32608.333333333332,,,5. Excelente,,,5,"58188492-31ea-471a-ad08-b4500e9439e2,a2b0c5d6-e335-4e77-aac0-633ea0002c7b,a2b44290-8362-4ad9-adbe-f9be77b9b12a",",,",https://web.fulcrumapp.com/photos/view?photos=58188492-31ea-471a-ad08-b4500e9439e2%2Ca2b0c5d6-e335-4e77-aac0-633ea0002c7b%2Ca2b44290-8362-4ad9-adbe-f9be77b9b12a
2fb535d6-02a6-4767-a883-881ed4a01579,2026-01-13 16:45:24 UTC,2026-01-13 16:58:11 UTC,lucas.macedo@viterra.com,lucas.macedo@viterra.com,2026-01-13 16:58:22 UTC,2026-01-13 16:58:22 UTC,1,,,,-11.875082327375495,-55.34748306566783,POINT (-55.34748306566783 -11.875082327375495),2026-01-13,,,,,,,,,,"Mato Grosso, Santa Carmem",Maturado (dessecado),50,22,22,25,230,174,174,183,153,141,156,37605,,,4. Boa,60sc/ha,,3,"e3b63254-4727-4f85-9a49-4b68b3214998,1e462ed8-e3ea-4655-baed-9c2c1e05fdca,0d81968f-6006-4244-9c67-b2ea3ac20748,d75e7392-e7a3-40be-9e52-a8f2621d6696",",,,",https://web.fulcrumapp.com/photos/view?photos=e3b63254-4727-4f85-9a49-4b68b3214998%2C1e462ed8-e3ea-4655-baed-9c2c1e05fdca%2C0d81968f-6006-4244-9c67-b2ea3ac20748%2Cd75e7392-e7a3-40be-9e52-a8f2621d6696
8c909e68-a5a3-43af-bd1c-39554c87ed23,2026-01-13 16:57:23 UTC,2026-01-13 17:02:08 UTC,fernando.malavolta@zgbr.com.br,fernando.malavolta@zgbr.com.br,2026-01-13 17:02:28 UTC,2026-01-13 17:02:28 UTC,1,,,,-24.30428,-53.2930933,POINT (-53.2930933 -24.30428),2026-01-13,,Rodovia Vereador Severino Gomes da Silva,,,Formosa do Oeste,Paraná,,Brasil,Rodovia Vereador Severino Gomes da Silva Formosa do Oeste Paraná Brasil,"Parana, Formosa do Oeste",Enchimento de Graos,45,15,20,20,203.7037037037037,65,122,110,129,134,123,23188.271604938273,,,4. Boa,,,5,"00503e6b-3fbe-4076-bdcc-d5843edb20e4,14c4845c-6cfa-4e4b-85fc-ceefd8430081,7163eed8-a9d1-4563-9b18-d4072863a9b4",",,",https://web.fulcrumapp.com/photos/view?photos=00503e6b-3fbe-4076-bdcc-d5843edb20e4%2C14c4845c-6cfa-4e4b-85fc-ceefd8430081%2C7163eed8-a9d1-4563-9b18-d4072863a9b4
83a57ecb-61db-47ef-a787-aa732c74a3b8,2026-01-13 17:16:08 UTC,2026-01-13 17:24:59 UTC,fernando.malavolta@zgbr.com.br,fernando.malavolta@zgbr.com.br,2026-01-13 17:25:04 UTC,2026-01-13 17:25:04 UTC,1,,,,-24.363255,-53.3691067,POINT (-53.3691067 -24.363255),2026-01-13,,Estrada Tókio,,,Jesuítas,Paraná,85835-000,Brasil,Estrada Tókio Jesuítas Paraná 85835-000 Brasil,"Parana, Jesuitas",Maturacao,50,27,26,26,263.3333333333333,105,135,225,177,184,215,45688.333333333336,,,4. Boa,,,5,"e4756a59-08d0-4f44-aed5-391fda3de13a,11c89cec-2d7b-47c0-a34b-a76178ae613b,d7e79fad-4216-4941-bfa5-40fbe9aacd41,5970fec5-f440-45ca-9d16-486e55c26487,d322238a-6f2b-4df2-bbb3-a2e94e47558d",",,,,",https://web.fulcrumapp.com/photos/view?photos=e4756a59-08d0-4f44-aed5-391fda3de13a%2C11c89cec-2d7b-47c0-a34b-a76178ae613b%2Cd7e79fad-4216-4941-bfa5-40fbe9aacd41%2C5970fec5-f440-45ca-9d16-486e55c26487%2Cd322238a-6f2b-4df2-bbb3-a2e94e47558d
83e871b7-3295-4efa-b19b-d4863f8a915d,2026-01-13 14:35:48 UTC,2026-01-13 14:53:07 UTC,lucas.macedo@viterra.com,lucas.macedo@viterra.com,2026-01-13 17:25:08 UTC,2026-01-13 17:25:08 UTC,1,,,,-11.496794954884093,-54.90302925003218,POINT (-54.90302925003218 -11.496794954884093),2026-01-13,,MT423,,Cláudia,"Sinop, Mato Grosso",MT,78540-000,BR,"MT423 Cláudia Sinop, Mato Grosso MT 78540-000 BR","Mato Grosso, Claudia",Maturacao,50,19,21,22,206.666666666667,195,279,183,114,129,150,36166.6666666667,,,4. Boa,60sc/ha,,3,"a0021994-a69b-40da-9ada-23fe8082399e,38f8f5c5-9ef1-4b26-a3ff-ac1cce5e6bc6,0a310fa4-304d-46ff-95bb-ba021372184e,962e743e-81bd-4f8c-b5bb-6af44f7e0f81",",,,",https://web.fulcrumapp.com/photos/view?photos=a0021994-a69b-40da-9ada-23fe8082399e%2C38f8f5c5-9ef1-4b26-a3ff-ac1cce5e6bc6%2C0a310fa4-304d-46ff-95bb-ba021372184e%2C962e743e-81bd-4f8c-b5bb-6af44f7e0f81
5194e668-a26c-4523-8d7e-d0eb8c39e691,2026-01-13 14:55:12 UTC,2026-01-13 15:12:28 UTC,lucas.macedo@viterra.com,lucas.macedo@viterra.com,2026-01-13 17:25:08 UTC,2026-01-13 17:25:08 UTC,1,,,,-11.496427448972296,-55.040340330766114,POINT (-55.040340330766114 -11.496427448972296),2026-01-13,,,,,,,,,,"Mato Grosso, Claudia",Maturado (dessecado),50,21,23,28,240,195,123,105,102,96,156,31080,,,4. Boa,60sc/ha,,3,"9f1703bf-69d7-4f51-8093-5710c74932ed,abb64aab-1bcb-4670-bcc3-304061fc1bf1,447b8b1f-b047-4063-b804-8be086b2c4eb,65e7c6c2-a7c4-400e-843b-7e1aca057d0e",",,,",https://web.fulcrumapp.com/photos/view?photos=9f1703bf-69d7-4f51-8093-5710c74932ed%2Cabb64aab-1bcb-4670-bcc3-304061fc1bf1%2C447b8b1f-b047-4063-b804-8be086b2c4eb%2C65e7c6c2-a7c4-400e-843b-7e1aca057d0e
a2aaaa32-69d8-4a33-8a5f-50d9fa41fd60,2026-01-13 15:25:36 UTC,2026-01-13 15:30:07 UTC,lucas.macedo@viterra.com,lucas.macedo@viterra.com,2026-01-13 17:25:09 UTC,2026-01-13 17:25:09 UTC,1,,,,-11.587405851873337,-55.14342724454597,POINT (-55.14342724454597 -11.587405851873337),2026-01-13,,,,,,,,,,"Mato Grosso, Claudia",Maturado (dessecado),55,15,20,13,145.454545454545,459,240,140,405,189,207,39757.5757575758,,,4. Boa,70sc/ha,,3,"20aba9ce-dd74-49ac-af0f-bb171fc780d0,808e17ad-ad2c-48ba-b034-58047b4b0d59,83c93cd1-1ecd-4c5e-816c-5b3ec3e161a0,3b7ce289-f02b-43d0-96ca-2b1462294582",",,,",https://web.fulcrumapp.com/photos/view?photos=20aba9ce-dd74-49ac-af0f-bb171fc780d0%2C808e17ad-ad2c-48ba-b034-58047b4b0d59%2C83c93cd1-1ecd-4c5e-816c-5b3ec3e161a0%2C3b7ce289-f02b-43d0-96ca-2b1462294582
d8619f6f-30c2-4bb9-a7a5-147d7af2cc7c,2026-01-13 15:38:34 UTC,2026-01-13 15:51:28 UTC,lucas.macedo@viterra.com,lucas.macedo@viterra.com,2026-01-13 17:25:10 UTC,2026-01-13 17:25:10 UTC,1,,,,-11.672404585416803,-55.22692300384419,POINT (-55.22692300384419 -11.672404585416803),2026-01-13,,,,,,,,,,"Mato Grosso, Claudia",Maturado (dessecado),55,17,20,27,193.939393939394,156,172,189,193,147,165,33034.3434343434,,,4. Boa,65sc/ha,,3,"22d994e8-6c7f-4948-8f43-a89af0164ac1,acdb5fb5-8c9c-4843-b204-5ddcf3cf3ce5,12373923-e015-4516-a356-410d99f2ad6f,ed5e079d-2d57-4e9a-9d36-2c3a2b70a83e",",,,",https://web.fulcrumapp.com/photos/view?photos=22d994e8-6c7f-4948-8f43-a89af0164ac1%2Cacdb5fb5-8c9c-4843-b204-5ddcf3cf3ce5%2C12373923-e015-4516-a356-410d99f2ad6f%2Ced5e079d-2d57-4e9a-9d36-2c3a2b70a83e
b72544ce-6ddc-4f63-ad6a-5950d8dfd909,2026-01-13 15:54:50 UTC,2026-01-13 16:09:52 UTC,lucas.macedo@viterra.com,lucas.macedo@viterra.com,2026-01-13 17:25:10 UTC,2026-01-13 17:25:10 UTC,1,,,,-11.726548913877203,-55.343317212588474,POINT (-55.343317212588474 -11.726548913877203),2026-01-13,,,,,,,,,,"Mato Grosso, Claudia",Maturacao,60,25,23,27,208.333333333333,96,135,183,126,162,180,30625,,,4. Boa,60sc/ha,,3,"3b4066dd-cefa-4e00-ac05-5e39afa3cc67,a16b905a-d189-4a07-bd9d-fddc7eb53d4d,ba614ff4-9f43-4c15-9a14-412eab855666,79b530e8-1b31-4d4d-bbd3-8f13925a00b9",",,,",https://web.fulcrumapp.com/photos/view?photos=3b4066dd-cefa-4e00-ac05-5e39afa3cc67%2Ca16b905a-d189-4a07-bd9d-fddc7eb53d4d%2Cba614ff4-9f43-4c15-9a14-412eab855666%2C79b530e8-1b31-4d4d-bbd3-8f13925a00b9
e9caa287-95b6-44b6-ab11-63ee1575d62f,2026-01-13 16:24:07 UTC,2026-01-13 16:40:47 UTC,lucas.macedo@viterra.com,lucas.macedo@viterra.com,2026-01-13 17:25:11 UTC,2026-01-13 17:25:11 UTC,1,,,,-11.797107565227707,-55.39050414232108,POINT (-55.39050414232108 -11.797107565227707),2026-01-13,,,,,,,,,,"Mato Grosso, Sinop",Maturado (dessecado),60,24,25,21,194.444444444444,126,132,144,144,159,129,27027.7777777778,,,4. Boa,65sc/ha,,3,"c23cbeed-1153-464e-9613-6ead750cb2d5,49a366e1-8cd8-4008-8e1e-ffa72bfc992a,5ce1563e-c85f-4373-8744-bdbbd3e6bd6a,d1cdeea2-7e04-4946-9963-a071a44a3a03",",,,",https://web.fulcrumapp.com/photos/view?photos=c23cbeed-1153-464e-9613-6ead750cb2d5%2C49a366e1-8cd8-4008-8e1e-ffa72bfc992a%2C5ce1563e-c85f-4373-8744-bdbbd3e6bd6a%2Cd1cdeea2-7e04-4946-9963-a071a44a3a03
187216de-c513-4867-8292-87b3e4ae78ec,2026-01-13 17:41:26 UTC,2026-01-13 17:46:35 UTC,fernando.malavolta@zgbr.com.br,fernando.malavolta@zgbr.com.br,2026-01-13 17:46:38 UTC,2026-01-13 17:46:38 UTC,1,,,,-24.386695,-53.4767717,POINT (-53.4767717 -24.386695),2026-01-13,,Rodovia Padre Felipe Sierra Ruiz,,,Assis Chateaubriand,Paraná,85935-000,Brasil,Rodovia Padre Felipe Sierra Ruiz Assis Chateaubriand Paraná 85935-000 Brasil,"Parana, Assis Chateaubriand",Enchimento de Graos,45,18,14,16,177.77777777777774,113,89,125,103,128,162,21333.33333333333,,,3. Media,,,5,"cfb97e5f-fba6-4474-99e3-b9f3e0ed6315,b4414b3b-2b54-4d27-8bb4-8724cde9422b,52fea357-d3fd-4ec8-84ac-c2b3e558d847,6a20648a-97a4-42a6-ba13-b38984ee2bd2,ebb9949a-1e0d-4757-99ab-b4f9fa8562a8,0ced27b3-23fd-4ba8-885e-4e79b6078f0f",",,,,,",https://web.fulcrumapp.com/photos/view?photos=cfb97e5f-fba6-4474-99e3-b9f3e0ed6315%2Cb4414b3b-2b54-4d27-8bb4-8724cde9422b%2C52fea357-d3fd-4ec8-84ac-c2b3e558d847%2C6a20648a-97a4-42a6-ba13-b38984ee2bd2%2Cebb9949a-1e0d-4757-99ab-b4f9fa8562a8%2C0ced27b3-23fd-4ba8-885e-4e79b6078f0f
d8826115-e1e2-4787-88e6-de72c9c62b79,2026-01-13 18:09:49 UTC,2026-01-13 18:16:37 UTC,fernando.malavolta@zgbr.com.br,fernando.malavolta@zgbr.com.br,2026-01-13 18:16:41 UTC,2026-01-13 18:16:41 UTC,1,,,,-24.2908523,-53.5539981,POINT (-53.5539981 -24.2908523),2026-01-13,,PR-486,,,Assis Chateaubriand,Paraná,85935-000,Brasil,PR-486 Assis Chateaubriand Paraná 85935-000 Brasil,"Parana, Assis Chateaubriand",Enchimento de Graos,50,21,19,22,206.66666666666666,205,155,193,140,147,143,33858.88888888888,,,4. Boa,,,5,"e2661ea8-a8d8-4703-8c8d-10054764fb22,7d458d9d-a800-4941-805b-084d691dcd7d,8d40ab81-f764-49d9-889c-e85a220f167f,ce325daf-3128-4654-8661-4b6c8a4dbe72",",,,",https://web.fulcrumapp.com/photos/view?photos=e2661ea8-a8d8-4703-8c8d-10054764fb22%2C7d458d9d-a800-4941-805b-084d691dcd7d%2C8d40ab81-f764-49d9-889c-e85a220f167f%2Cce325daf-3128-4654-8661-4b6c8a4dbe72
a1efc0c2-b263-4204-ab4e-71b6d5d72941,2026-01-13 17:07:37 UTC,2026-01-13 17:25:09 UTC,eduardo.diamandis@zgbr.com.br,eduardo.diamandis@zgbr.com.br,2026-01-13 18:33:26 UTC,2026-01-13 18:33:26 UTC,1,,,,-12.851496666666666,-58.50840833333333,POINT (-58.50840833333333 -12.851496666666666),2026-01-13,,,,,,,,,,"Mato Grosso, Sapezal",Enchimento de Graos,50,25,25,23,243.333333333333,77,106,80,52,87,96,20196.6666666667,,,4. Boa,65sc/ha,L OK OK qee ,1,"9d954bb4-b384-4515-8b18-0d3850c416c4,f10fb7f2-420d-4793-b04f-3bf356b15d54,93f19cc8-c6f7-4407-afaf-d16d93eda1e3",",,",https://web.fulcrumapp.com/photos/view?photos=9d954bb4-b384-4515-8b18-0d3850c416c4%2Cf10fb7f2-420d-4793-b04f-3bf356b15d54%2C93f19cc8-c6f7-4407-afaf-d16d93eda1e3
36275cb7-7601-4749-a606-65f9cddb8a87,2026-01-13 17:30:38 UTC,2026-01-13 17:40:17 UTC,eduardo.diamandis@zgbr.com.br,eduardo.diamandis@zgbr.com.br,2026-01-13 18:33:28 UTC,2026-01-13 18:33:28 UTC,1,,,,-12.974431233333334,-58.58070265,POINT (-58.58070265 -12.974431233333334),2026-01-13,,,,,,,,,,"Mato Grosso, Sapezal",Maturado (dessecado),50,25,19,21,216.666666666667,87,80,73,69,99,123,19175,,,5. Excelente,65sc/ha,,1,"dde928a0-c5f7-40d9-ae4d-9d564877a255,b2763c05-0528-4a63-99ef-d07c11f0d3e4,393a76f6-94a6-4e16-9e6d-ac2a7d37f862",",,",https://web.fulcrumapp.com/photos/view?photos=dde928a0-c5f7-40d9-ae4d-9d564877a255%2Cb2763c05-0528-4a63-99ef-d07c11f0d3e4%2C393a76f6-94a6-4e16-9e6d-ac2a7d37f862
0164a181-82d8-46c5-937b-6780e25efffe,2026-01-13 17:46:22 UTC,2026-01-13 17:59:08 UTC,eduardo.diamandis@zgbr.com.br,eduardo.diamandis@zgbr.com.br,2026-01-13 18:33:29 UTC,2026-01-13 18:33:29 UTC,1,,,,-13.082658333333331,-58.71355833333333,POINT (-58.71355833333333 -13.082658333333331),2026-01-13,,,,,,,,,,"Mato Grosso, Sapezal",Maturado (dessecado),45,15,22,27,237.037037037037,177,98,51,86,66,87,22320.987654321,,,4. Boa,55sc/ha,,1,"01662d64-f2d5-4647-8759-c25a57069b35,c37d2418-e6a0-4dac-a25f-2364324a4036,4a9255e0-c904-4c97-a668-b60be2b6e721",",,",https://web.fulcrumapp.com/photos/view?photos=01662d64-f2d5-4647-8759-c25a57069b35%2Cc37d2418-e6a0-4dac-a25f-2364324a4036%2C4a9255e0-c904-4c97-a668-b60be2b6e721
57a96813-7647-4b8c-9401-314ff214ffdb,2026-01-13 18:02:24 UTC,2026-01-13 18:12:20 UTC,eduardo.diamandis@zgbr.com.br,eduardo.diamandis@zgbr.com.br,2026-01-13 18:33:29 UTC,2026-01-13 18:33:29 UTC,1,,,,-13.223716666666666,-58.746435000000005,POINT (-58.746435000000005 -13.223716666666666),2026-01-13,,,,,,,,,,"Mato Grosso, Sapezal",Maturado (dessecado),50,18,18,16,173.333333333333,118,129,88,135,112,200,22591.1111111111,,,4. Boa,60sc/ha,,1,"ecb18e25-9a0b-480e-809a-19f0d56aaae3,b044752b-ccdf-4269-9141-67e3283a2046,d2cabd93-3716-45bd-a206-3289d99d7599",",,",https://web.fulcrumapp.com/photos/view?photos=ecb18e25-9a0b-480e-809a-19f0d56aaae3%2Cb044752b-ccdf-4269-9141-67e3283a2046%2Cd2cabd93-3716-45bd-a206-3289d99d7599
980cd803-105d-4c93-8120-dbf8f2f3af55,2026-01-13 18:14:00 UTC,2026-01-13 18:43:44 UTC,eduardo.diamandis@zgbr.com.br,eduardo.diamandis@zgbr.com.br,2026-01-13 18:33:30 UTC,2026-01-13 18:43:47 UTC,2,,,,-13.341584999999997,-58.76409833333332,POINT (-58.76409833333332 -13.341584999999997),2026-01-13,,,,,,,,,,"Mato Grosso, Sapezal",Maturado (dessecado),50,14,20,18,173.333333333333,102,142,105,107,45,115,17795.5555555556,,,4. Boa,60sc/ha,,1,"8a564ecf-d19a-4710-b57e-95195bfc4dc3,6503e90b-c8c7-4f39-b5dc-ee64806b16b7,48db2889-1ff9-47ed-bd53-7ddb2ab88c69",",,",https://web.fulcrumapp.com/photos/view?photos=8a564ecf-d19a-4710-b57e-95195bfc4dc3%2C6503e90b-c8c7-4f39-b5dc-ee64806b16b7%2C48db2889-1ff9-47ed-bd53-7ddb2ab88c69
6307271d-1d6d-4d0f-9248-f4258d55bb81,2026-01-13 18:26:50 UTC,2026-01-13 18:44:07 UTC,fernando.malavolta@zgbr.com.br,eduardo.diamandis@zgbr.com.br,2026-01-13 18:37:42 UTC,2026-01-13 18:44:10 UTC,2,,,,-24.18209,-53.5297383,POINT (-53.5297383 -24.18209),2026-01-13,,,,,,,,,,"Parana, Brasilandia do Sul",Enchimento de Graos,50,23,20,20,210,128,137,116,157,124,267,32515,,,3. Media,,,5,"9c61e7a6-fca2-466e-8930-50da10b65117,aafce873-c021-4e21-a7e4-c1fe3e15078c,174c001c-5830-45ce-a034-4b0e37fe4607,f70ddf42-d8fb-416a-bae9-765d7ea7aee4,ca44676d-10dc-4708-8a29-1c148d1d65ae",",,,,",https://web.fulcrumapp.com/photos/view?photos=9c61e7a6-fca2-466e-8930-50da10b65117%2Caafce873-c021-4e21-a7e4-c1fe3e15078c%2C174c001c-5830-45ce-a034-4b0e37fe4607%2Cf70ddf42-d8fb-416a-bae9-765d7ea7aee4%2Cca44676d-10dc-4708-8a29-1c148d1d65ae
37b2c3f0-9996-4a77-84b4-24c2d1b679de,2026-01-13 18:33:53 UTC,2026-01-13 18:44:52 UTC,eduardo.diamandis@zgbr.com.br,eduardo.diamandis@zgbr.com.br,2026-01-13 18:44:54 UTC,2026-01-13 18:44:54 UTC,1,,,,-13.341585000000002,-58.76409833333334,POINT (-58.76409833333334 -13.341585000000002),2026-01-13,,BR364,,Sapezal,Tangará da Serra,MT,78365-000,BR,BR364 Sapezal Tangará da Serra MT 78365-000 BR,"Mato Grosso, Sapezal",Maturacao,50,18,20,18,186.666666666667,126,62,148,44,195,111,21342.2222222222,,,4. Boa,55sc/ha,,1,"28b82038-95b4-427e-8f51-f6a5d76ea051,f79c804e-81e1-4690-8bd1-a4bc904fea37",",",https://web.fulcrumapp.com/photos/view?photos=28b82038-95b4-427e-8f51-f6a5d76ea051%2Cf79c804e-81e1-4690-8bd1-a4bc904fea37
9d90a7d8-49f2-4891-b13c-7b075dbb8f66,2026-01-13 18:44:50 UTC,2026-01-13 18:50:53 UTC,fernando.malavolta@zgbr.com.br,fernando.malavolta@zgbr.com.br,2026-01-13 18:51:23 UTC,2026-01-13 18:51:23 UTC,1,,,,-24.0840206,-53.4927943,POINT (-53.4927943 -24.0840206),2026-01-13,678,PR-486,,,Brasilândia do Sul,Paraná,87595-000,Brasil,678 PR-486 Brasilândia do Sul Paraná 87595-000 Brasil,"Parana, Brasilandia do Sul",Enchimento de Graos,50,21,14,17,173.33333333333334,118,156,230,134,198,196,29813.333333333332,,,4. Boa,,,5,"a4030b23-f771-403e-83cb-68afce5ce3fb,4bda826f-d15c-4773-9f50-1711ca3c9dc6,5d994066-048c-4aab-bf2d-32892a3f18a5",",,",https://web.fulcrumapp.com/photos/view?photos=a4030b23-f771-403e-83cb-68afce5ce3fb%2C4bda826f-d15c-4773-9f50-1711ca3c9dc6%2C5d994066-048c-4aab-bf2d-32892a3f18a5
681aad98-69c8-44a6-804d-abd397e3fbb6,2026-01-13 19:02:25 UTC,2026-01-13 19:06:31 UTC,fernando.malavolta@zgbr.com.br,fernando.malavolta@zgbr.com.br,2026-01-13 19:06:34 UTC,2026-01-13 19:06:34 UTC,1,,,,-23.9942535,-53.4779384,POINT (-53.4779384 -23.9942535),2026-01-13,,PR-486,,,Cafezal do Sul,Paraná,87565-000,Brasil,PR-486 Cafezal do Sul Paraná 87565-000 Brasil,"Parana, Cafezal do Sul",Enchimento de Graos,50,26,29,23,260,70,55,53,64,97,74,17896.666666666668,,,3. Media,,,5,"b432baca-bc41-414d-a608-1c9641c376b9,508b6256-7405-498d-9bb9-da3e4b0ee6d3,4c03e590-3e24-4b53-a0c2-540533373568",",,",https://web.fulcrumapp.com/photos/view?photos=b432baca-bc41-414d-a608-1c9641c376b9%2C508b6256-7405-498d-9bb9-da3e4b0ee6d3%2C4c03e590-3e24-4b53-a0c2-540533373568
dafb3377-69c7-4155-996e-08b2654b5646,2026-01-13 14:33:06 UTC,2026-01-13 14:49:23 UTC,gabriela.lopes2@chsinc.com,gabriela.lopes2@chsinc.com,2026-01-13 19:25:40 UTC,2026-01-13 19:25:40 UTC,1,,,,-14.917839080321224,-54.08334354798902,POINT (-54.08334354798902 -14.917839080321224),2026-01-13,,,,,,,,,,"Mato Grosso, Paranatinga",Florescimento,48,22,24,19,225.69444444444446,12,9,15,24,21,0,3046.875,,,4. Boa,Menos de 20sc/ha,Formando vagem ainda _ potencial ainda n definido,4,"65f7ee13-1da0-4981-a0f8-6484811cf932,13c88faf-a8d0-4db9-b40b-c881ba1ef4b6,b5e1a83c-b374-477b-9f25-10f2dc0c91f1",",,",https://web.fulcrumapp.com/photos/view?photos=65f7ee13-1da0-4981-a0f8-6484811cf932%2C13c88faf-a8d0-4db9-b40b-c881ba1ef4b6%2Cb5e1a83c-b374-477b-9f25-10f2dc0c91f1
ea37c52c-94dc-4abe-aafa-a9ad6d343d52,2026-01-13 14:59:02 UTC,2026-01-13 15:09:45 UTC,gabriela.lopes2@chsinc.com,gabriela.lopes2@chsinc.com,2026-01-13 19:25:40 UTC,2026-01-13 19:25:40 UTC,1,,,,-14.815608009105045,-54.09651419999997,POINT (-54.09651419999997 -14.815608009105045),2026-01-13,,,,,,,,,,"Mato Grosso, Paranatinga",Enchimento de Graos,45,18,19,16,196.2962962962963,85,109,187,220,102,114,26729.012345679013,,,4. Boa,55sc/ha,,4,"f383c004-64e4-4ff9-a908-f71c5636dcc0,35a4912f-52ac-4766-ae0b-728d8b67da6a,00a8b8ed-4776-4c56-ad2c-be0662eb8057",",,",https://web.fulcrumapp.com/photos/view?photos=f383c004-64e4-4ff9-a908-f71c5636dcc0%2C35a4912f-52ac-4766-ae0b-728d8b67da6a%2C00a8b8ed-4776-4c56-ad2c-be0662eb8057
4147cb68-9da8-4128-a3cc-eaf81c8a8a28,2026-01-13 15:35:43 UTC,2026-01-13 15:49:20 UTC,gabriela.lopes2@chsinc.com,gabriela.lopes2@chsinc.com,2026-01-13 19:25:41 UTC,2026-01-13 19:25:41 UTC,1,,,,-14.586618227267559,-54.00526099999991,POINT (-54.00526099999991 -14.586618227267559),2026-01-13,,,,,,,,,,"Mato Grosso, Paranatinga",Enchimento de Graos,52,27,22,22,227.56410256410254,27,45,69,20,83,78,12212.606837606836,,,4. Boa,,Vagens ainda vazias - enchimento dos grãos no início ,4,"7fceeecb-e490-40f0-92da-503d24868696,63e93729-29d4-4f6e-8b58-ecca884accf7,328c1d16-bbd5-44aa-9b2b-a1d62a0aa93c",",,",https://web.fulcrumapp.com/photos/view?photos=7fceeecb-e490-40f0-92da-503d24868696%2C63e93729-29d4-4f6e-8b58-ecca884accf7%2C328c1d16-bbd5-44aa-9b2b-a1d62a0aa93c
788cd2c4-922d-49b6-9007-7de5efaf7172,2026-01-13 16:01:15 UTC,2026-01-13 16:13:20 UTC,gabriela.lopes2@chsinc.com,gabriela.lopes2@chsinc.com,2026-01-13 19:25:42 UTC,2026-01-13 19:25:42 UTC,1,,,,-14.480132083696605,-54.02818365620144,POINT (-54.02818365620144 -14.480132083696605),2026-01-13,,,,,Paranatinga,Mato Grosso,78870-000,Brasil,Paranatinga Mato Grosso 78870-000 Brasil,"Mato Grosso, Paranatinga",Enchimento de Graos,53,28,28,29,267.2955974842767,139,134,141,116,138,123,35238.46960167714,,,5. Excelente,75sc/ha,,4,"33df6035-aeea-4800-ac35-69290921378d,a16a67eb-c68c-4dce-bbba-dc1d01694c14,9795f98a-2a56-42ab-bf46-0426fa93cb66",",,",https://web.fulcrumapp.com/photos/view?photos=33df6035-aeea-4800-ac35-69290921378d%2Ca16a67eb-c68c-4dce-bbba-dc1d01694c14%2C9795f98a-2a56-42ab-bf46-0426fa93cb66
285248de-a5ab-48e3-83d9-0dcec6ec1016,2026-01-13 16:28:27 UTC,2026-01-13 16:45:50 UTC,gabriela.lopes2@chsinc.com,gabriela.lopes2@chsinc.com,2026-01-13 19:25:44 UTC,2026-01-13 19:25:44 UTC,1,,,,-14.434868371624118,-54.016268525320044,POINT (-54.016268525320044 -14.434868371624118),2026-01-13,3231,Rua dos Imigrantes,,,Paranatinga,Mato Grosso,78870-000,Brasil,3231 Rua dos Imigrantes Paranatinga Mato Grosso 78870-000 Brasil,"Mato Grosso, Paranatinga",Enchimento de Graos,45,13,18,22,196.2962962962963,121,134,167,115,109,169,26663.58024691358,,,4. Boa,,,4,"71556782-eb59-4af1-bf7e-9500a7b92903,b00ddb69-a474-4a84-bbfb-3012139e744a,ab5646f0-b850-4377-bc30-2c9490b6d2ec",",,",https://web.fulcrumapp.com/photos/view?photos=71556782-eb59-4af1-bf7e-9500a7b92903%2Cb00ddb69-a474-4a84-bbfb-3012139e744a%2Cab5646f0-b850-4377-bc30-2c9490b6d2ec
e982a67b-b6e3-46cb-b3dc-6d956bedfeeb,2026-01-13 18:51:42 UTC,2026-01-13 19:00:44 UTC,gabriela.lopes2@chsinc.com,gabriela.lopes2@chsinc.com,2026-01-13 19:26:06 UTC,2026-01-13 19:26:06 UTC,1,,,,-15.15950869393338,-54.064226712402885,POINT (-54.064226712402885 -15.15950869393338),2026-01-13,,,,,,,,,,"Mato Grosso, Paranatinga",Enchimento de Graos,47,31,29,29,315.60283687943263,60,68,61,79,185,79,27983.451536643028,,,4. Boa,,,4,"34961999-6d32-404f-a04c-424b6d725c95,6f897f5d-7c33-4f2f-ac7f-6151389f0c24,d56fa037-bf2a-4157-b4c9-30ecc18342df",",,",https://web.fulcrumapp.com/photos/view?photos=34961999-6d32-404f-a04c-424b6d725c95%2C6f897f5d-7c33-4f2f-ac7f-6151389f0c24%2Cd56fa037-bf2a-4157-b4c9-30ecc18342df
6429249b-c9d3-4f41-8324-8d9d5c7f551a,2026-01-13 19:10:05 UTC,2026-01-13 19:21:38 UTC,gabriela.lopes2@chsinc.com,gabriela.lopes2@chsinc.com,2026-01-13 19:26:07 UTC,2026-01-13 19:26:07 UTC,1,,,,-15.15950868768379,-54.064226712402885,POINT (-54.064226712402885 -15.15950868768379),2026-01-13,,MT-448,,,Primavera do Leste,Mato Grosso,78850-000,Brasil,MT-448 Primavera do Leste Mato Grosso 78850-000 Brasil,"Mato Grosso, Paranatinga",Enchimento de Graos,46,13,17,15,163.04347826086956,77,189,123,211,134,164,24402.173913043476,,,4. Boa,,,4,"7e70c516-8916-4967-a30e-ac277deb6fc3,c2750253-b83b-47ce-a61a-314b1a91aee0,7b6b777a-52cc-42c9-99cd-eb7871732d69",",,",https://web.fulcrumapp.com/photos/view?photos=7e70c516-8916-4967-a30e-ac277deb6fc3%2Cc2750253-b83b-47ce-a61a-314b1a91aee0%2C7b6b777a-52cc-42c9-99cd-eb7871732d69
4ab16ba7-d52a-462f-94b7-e2aceecd7dc3,2026-01-13 19:21:00 UTC,2026-01-13 19:25:48 UTC,eduardo.diamandis@zgbr.com.br,eduardo.diamandis@zgbr.com.br,2026-01-13 20:26:41 UTC,2026-01-13 20:26:41 UTC,1,,,,-13.620755,-58.82665333333333,POINT (-58.82665333333333 -13.620755),2026-01-13,,,,,,,,,,"Mato Grosso, Sapezal",Maturacao,50,27,27,23,256.666666666667,118,77,72,81,98,108,23698.8888888889,,,4. Boa,60sc/ha,,1,"079eb011-e70f-4fb9-9472-47dfc76f8d90,8733065f-ba63-4c53-8c6b-13a33d7a314c",",",https://web.fulcrumapp.com/photos/view?photos=079eb011-e70f-4fb9-9472-47dfc76f8d90%2C8733065f-ba63-4c53-8c6b-13a33d7a314c
d8e769f6-ddfa-4506-aec9-992a05807ac6,2026-01-13 19:36:54 UTC,2026-01-13 19:53:07 UTC,eduardo.diamandis@zgbr.com.br,eduardo.diamandis@zgbr.com.br,2026-01-13 20:26:42 UTC,2026-01-13 20:26:42 UTC,1,,,,-13.761266666666666,-58.836208333333325,POINT (-58.836208333333325 -13.761266666666666),2026-01-13,,,,,,,,,,"Mato Grosso, Sapezal",Maturado (dessecado),50,23,23,18,213.333333333333,47,102,226,105,79,116,24000,,,4. Boa,,,1,"0e534464-6f42-4114-bf8b-58ca3e226209,e309ed24-1abc-496c-b643-cfbe17635df4,a60845f2-d3ff-4933-8e21-199db7a58553",",,",https://web.fulcrumapp.com/photos/view?photos=0e534464-6f42-4114-bf8b-58ca3e226209%2Ce309ed24-1abc-496c-b643-cfbe17635df4%2Ca60845f2-d3ff-4933-8e21-199db7a58553
e72a8b38-7101-4048-b10b-80ed6e4d8c3e,2026-01-13 19:54:11 UTC,2026-01-13 20:04:56 UTC,eduardo.diamandis@zgbr.com.br,eduardo.diamandis@zgbr.com.br,2026-01-13 20:26:42 UTC,2026-01-13 20:26:42 UTC,1,,,,-13.761266666666666,-58.836208333333325,POINT (-58.836208333333325 -13.761266666666666),2026-01-13,,,,,,,,,,"Mato Grosso, Sapezal",Maturado (dessecado),50,17,16,21,180,58,112,93,121,72,96,16560,,,4. Boa,60sc/ha,,1,"a7056411-5c6a-4506-a7d5-04c11145d453,f9e0286b-fd27-4394-87d1-5b8778b9ff53,bb720979-1079-48d0-843b-561151dc5cc7",",,",https://web.fulcrumapp.com/photos/view?photos=a7056411-5c6a-4506-a7d5-04c11145d453%2Cf9e0286b-fd27-4394-87d1-5b8778b9ff53%2Cbb720979-1079-48d0-843b-561151dc5cc7
e43e113d-9550-427b-8c6a-bbc727758b3a,2026-01-13 16:38:01 UTC,2026-01-13 16:43:14 UTC,jhonatan.negreiros@inpasa.com.br,jhonatan.negreiros@inpasa.com.br,2026-01-13 20:51:05 UTC,2026-01-13 20:51:05 UTC,1,,,,-12.801831378613024,-56.592504512571345,POINT (-56.592504512571345 -12.801831378613024),2026-01-13,,,,,,,,,,"Mato Grosso, Sao Jose do Rio Claro",Enchimento de Graos,50,18,24,19,203.333333333333,121,153,71,56,64,136,20367.2222222222,,,4. Boa,50sc/ha,,2,"883f90ba-f80f-400b-ad6a-a6c4a551fb80,3c928090-22a5-4e52-96b0-fa930bd5e4fa,e4015949-ffe3-4aa6-9e53-4595b2abf774",",,",https://web.fulcrumapp.com/photos/view?photos=883f90ba-f80f-400b-ad6a-a6c4a551fb80%2C3c928090-22a5-4e52-96b0-fa930bd5e4fa%2Ce4015949-ffe3-4aa6-9e53-4595b2abf774
5e53a643-f8d6-4531-9702-87ba86f2fd03,2026-01-13 16:57:16 UTC,2026-01-13 17:03:18 UTC,jhonatan.negreiros@inpasa.com.br,jhonatan.negreiros@inpasa.com.br,2026-01-13 20:51:06 UTC,2026-01-13 20:51:06 UTC,1,,,,-12.98299424161107,-56.5797407991633,POINT (-56.5797407991633 -12.98299424161107),2026-01-13,,,,,,,,,,"Mato Grosso, Sao Jose do Rio Claro",Enchimento de Graos,50,19,20,18,190,67,78,49,160,178,114,20456.6666666667,,,4. Boa,50sc/ha,,2,"22c4811d-3bdc-4ad4-95b0-6e18fa232e5f,e5e46197-34b8-4f91-aa3c-fbcb1f00116e,9971f5fa-4cf5-4202-bf2e-32abc1bcfabd",",,",https://web.fulcrumapp.com/photos/view?photos=22c4811d-3bdc-4ad4-95b0-6e18fa232e5f%2Ce5e46197-34b8-4f91-aa3c-fbcb1f00116e%2C9971f5fa-4cf5-4202-bf2e-32abc1bcfabd
07534b7d-e714-402b-a235-1b7198a46e6a,2026-01-13 17:13:56 UTC,2026-01-13 17:22:29 UTC,jhonatan.negreiros@inpasa.com.br,jhonatan.negreiros@inpasa.com.br,2026-01-13 20:51:06 UTC,2026-01-13 20:51:06 UTC,1,,,,-13.072508862088231,-56.62317978520309,POINT (-56.62317978520309 -13.072508862088231),2026-01-13,,,,,,,,,,"Mato Grosso, Sao Jose do Rio Claro",Enchimento de Graos,50,15,16,19,166.666666666667,181,85,116,243,185,220,28611.1111111111,,,4. Boa,65sc/ha,,2,"5fbc3108-5839-444e-9284-554ed35d8208,1dad257d-4d67-462a-9a3f-33c1e636f2e4,14238cbe-fdb4-4792-ba5b-dece4089092d",",,",https://web.fulcrumapp.com/photos/view?photos=5fbc3108-5839-444e-9284-554ed35d8208%2C1dad257d-4d67-462a-9a3f-33c1e636f2e4%2C14238cbe-fdb4-4792-ba5b-dece4089092d
a8a6bef7-c150-489b-b06a-2d904ec8802a,2026-01-13 17:58:05 UTC,2026-01-13 18:04:27 UTC,jhonatan.negreiros@inpasa.com.br,jhonatan.negreiros@inpasa.com.br,2026-01-13 20:51:07 UTC,2026-01-13 20:51:07 UTC,1,,,,-12.81284599566123,-56.46998925139798,POINT (-56.46998925139798 -12.81284599566123),2026-01-13,,,,,,,,,,"Mato Grosso, Tapurah",Maturado (dessecado),45,30,28,31,329.62962962963,62,88,67,56,78,133,26590.1234567901,,,4. Boa,60sc/ha,,2,"99ceddfc-bc67-4d75-b237-f3d547af1caf,acaae949-5995-4b74-b379-84e734e3e9af,6052585c-4c5f-4162-a6de-c3ba7ff9cc52",",,",https://web.fulcrumapp.com/photos/view?photos=99ceddfc-bc67-4d75-b237-f3d547af1caf%2Cacaae949-5995-4b74-b379-84e734e3e9af%2C6052585c-4c5f-4162-a6de-c3ba7ff9cc52
dfc6b73e-adb0-42be-ae62-5e781ee5675f,2026-01-13 18:16:25 UTC,2026-01-13 18:22:38 UTC,jhonatan.negreiros@inpasa.com.br,jhonatan.negreiros@inpasa.com.br,2026-01-13 20:51:07 UTC,2026-01-13 20:51:07 UTC,1,,,,-12.9102090512581,-56.36987008129019,POINT (-56.36987008129019 -12.9102090512581),2026-01-13,,,,,,,,,,"Mato Grosso, Lucas do Rio Verde",Maturacao,50,25,34,35,313.333333333333,41,67,92,88,91,94,24701.1111111111,,,4. Boa,60sc/ha,,2,"f6a695bf-fe34-46c1-8d25-b11f2f87d30a,cc1a0e95-6201-4e2a-b312-75f4c3def907,6615f454-c418-4c4b-bad1-8c75db4ac7e5",",,",https://web.fulcrumapp.com/photos/view?photos=f6a695bf-fe34-46c1-8d25-b11f2f87d30a%2Ccc1a0e95-6201-4e2a-b312-75f4c3def907%2C6615f454-c418-4c4b-bad1-8c75db4ac7e5
2be901e6-d9b7-4d31-80d5-b2e11019dbe4,2026-01-13 18:32:49 UTC,2026-01-13 18:37:38 UTC,jhonatan.negreiros@inpasa.com.br,jhonatan.negreiros@inpasa.com.br,2026-01-13 20:51:08 UTC,2026-01-13 20:51:08 UTC,1,,,,-13.00105266238629,-56.281472039200395,POINT (-56.281472039200395 -13.00105266238629),2026-01-13,,,,,,,,,,"Mato Grosso, Lucas do Rio Verde",Maturado (dessecado),45,28,25,28,300,32,63,50,51,112,76,19200,,,3. Media,45sc/ha,,2,"4852cad7-161a-4daf-ae25-aabe471c75cf,8664964e-3a05-491b-a6bc-4747ef48ab6e,3c4dc108-17dc-4d85-a371-ef171a7645dd",",,",https://web.fulcrumapp.com/photos/view?photos=4852cad7-161a-4daf-ae25-aabe471c75cf%2C8664964e-3a05-491b-a6bc-4747ef48ab6e%2C3c4dc108-17dc-4d85-a371-ef171a7645dd
ad977f87-1235-40fb-bea1-08511732f634,2026-01-13 18:48:31 UTC,2026-01-13 18:54:58 UTC,jhonatan.negreiros@inpasa.com.br,jhonatan.negreiros@inpasa.com.br,2026-01-13 20:51:08 UTC,2026-01-13 20:51:08 UTC,1,,,,-13.081460095774837,-56.176162431128255,POINT (-56.176162431128255 -13.081460095774837),2026-01-13,,,,,,,,,,"Mato Grosso, Lucas do Rio Verde",Enchimento de Graos,45,27,22,23,266.666666666667,97,121,75,74,102,73,24088.8888888889,,,4. Boa,55sc/ha,,2,"b99aeee2-b108-40a7-86dd-5bc3283e63da,e8cc2b70-29a4-4605-bd9d-c41830fb8c37,c5a73e78-f244-4062-9158-5cab68462dc2",",,",https://web.fulcrumapp.com/photos/view?photos=b99aeee2-b108-40a7-86dd-5bc3283e63da%2Ce8cc2b70-29a4-4605-bd9d-c41830fb8c37%2Cc5a73e78-f244-4062-9158-5cab68462dc2
a624f3fe-9017-4843-bc2b-2223f2833dec,2026-01-13 19:05:15 UTC,2026-01-13 19:10:53 UTC,jhonatan.negreiros@inpasa.com.br,jhonatan.negreiros@inpasa.com.br,2026-01-13 20:51:09 UTC,2026-01-13 20:51:09 UTC,1,,,,-13.22734040486203,-56.142393046937784,POINT (-56.142393046937784 -13.22734040486203),2026-01-13,,,,,,,,,,"Mato Grosso, Lucas do Rio Verde",Maturado (dessecado),45,30,27,30,322.222222222222,41,62,133,115,108,121,31148.1481481482,,,5. Excelente,65sc/ha,,2,"a801b740-fa8f-4516-afff-e7404353e6d1,5def09a2-322c-4866-9674-6b74cc9079aa,f6126a22-464b-4bd1-814e-e71b49fbdfe1",",,",https://web.fulcrumapp.com/photos/view?photos=a801b740-fa8f-4516-afff-e7404353e6d1%2C5def09a2-322c-4866-9674-6b74cc9079aa%2Cf6126a22-464b-4bd1-814e-e71b49fbdfe1
4737a458-b752-47cd-97ef-50a07d5615ef,2026-01-13 19:18:15 UTC,2026-01-13 19:26:03 UTC,jhonatan.negreiros@inpasa.com.br,jhonatan.negreiros@inpasa.com.br,2026-01-13 20:51:10 UTC,2026-01-13 20:51:10 UTC,1,,,,-13.295369062628245,-56.057078673786016,POINT (-56.057078673786016 -13.295369062628245),2026-01-13,,,,,,,,,,"Mato Grosso, Nova Mutum",Enchimento de Graos,45,18,22,17,211.111111111111,180,134,112,154,155,157,31385.1851851852,,,4. Boa,75sc/ha,,2,"299156d7-d883-4a7f-80cf-c48fbaeee3e6,18fc148f-c616-4ca0-94fe-64c069ed1ca2,ee9f4561-e68a-445e-8cf8-82b4363b1cd4",",,",https://web.fulcrumapp.com/photos/view?photos=299156d7-d883-4a7f-80cf-c48fbaeee3e6%2C18fc148f-c616-4ca0-94fe-64c069ed1ca2%2Cee9f4561-e68a-445e-8cf8-82b4363b1cd4
23ec1db6-2071-4dcd-894b-be6c516a80b5,2026-01-13 20:50:17 UTC,2026-01-13 21:02:25 UTC,eduardo.diamandis@zgbr.com.br,eduardo.diamandis@zgbr.com.br,2026-01-13 21:20:48 UTC,2026-01-13 21:20:48 UTC,1,,,,-13.52964333333333,-58.934044999999976,POINT (-58.934044999999976 -13.52964333333333),2026-01-13,,,,,,,,,,"Mato Grosso, Sapezal",Maturacao,50,16,17,24,190,88,56,78,40,124,52,13870,,,3. Media,55sc/ha,,1,"f19f1671-96fa-48ff-bfa4-f20cb145436e,08dfa83a-950b-4462-89fc-d4aa41eae5a5,dae807fc-248e-44a2-8e97-6b6e92735da1",",,",https://web.fulcrumapp.com/photos/view?photos=f19f1671-96fa-48ff-bfa4-f20cb145436e%2C08dfa83a-950b-4462-89fc-d4aa41eae5a5%2Cdae807fc-248e-44a2-8e97-6b6e92735da1
e9cf7c22-270a-444f-9305-468207702182,2026-01-13 21:07:31 UTC,2026-01-13 21:21:04 UTC,eduardo.diamandis@zgbr.com.br,eduardo.diamandis@zgbr.com.br,2026-01-13 21:21:35 UTC,2026-01-13 21:21:35 UTC,1,,,,-13.59077073390374,-59.07839656690942,POINT (-59.07839656690942 -13.59077073390374),2026-01-13,,,,Campos De Júlio,Pontes E Lacerda,MT,78307-000,BR,Campos De Júlio Pontes E Lacerda MT 78307-000 BR,"Mato Grosso, Sapezal",Maturacao,50,17,22,22,203.333333333333,231,161,113,97,130,93,27958.3333333333,,,4. Boa,,,1,"6c12aa14-83a8-4212-a3b9-c931183abf39,22aab864-fcb6-4553-93e6-d7b1052ff4f0,40465d7c-77cb-4ebd-b9ea-0cebcf2568af",",,",https://web.fulcrumapp.com/photos/view?photos=6c12aa14-83a8-4212-a3b9-c931183abf39%2C22aab864-fcb6-4553-93e6-d7b1052ff4f0%2C40465d7c-77cb-4ebd-b9ea-0cebcf2568af
56487584-52e5-4f7a-8756-e7eb3aa658d3,2026-01-13 21:25:27 UTC,2026-01-13 21:34:15 UTC,eduardo.diamandis@zgbr.com.br,eduardo.diamandis@zgbr.com.br,2026-01-13 21:34:18 UTC,2026-01-13 21:34:18 UTC,1,,,,-13.589983333333333,-59.078588333333336,POINT (-59.078588333333336 -13.589983333333333),2026-01-13,,,,Campos De Júlio,Pontes E Lacerda,MT,78307-000,BR,Campos De Júlio Pontes E Lacerda MT 78307-000 BR,"Mato Grosso, Campos de Julio",Maturacao,50,28,28,31,290,110,103,96,74,102,62,26438.3333333333,,,4. Boa,,,1,"619ec2f9-8d22-490c-acb4-cf788ab42d10,9fc832bf-d843-49b1-8151-d0ac572937a4,219629e1-dc9d-4973-8bbb-dcc154dbcbed",",,",https://web.fulcrumapp.com/photos/view?photos=619ec2f9-8d22-490c-acb4-cf788ab42d10%2C9fc832bf-d843-49b1-8151-d0ac572937a4%2C219629e1-dc9d-4973-8bbb-dcc154dbcbed
bb2dacc0-36dd-4ef3-b84a-d2d1aee8be05,2026-01-13 18:04:38 UTC,2026-01-13 18:17:47 UTC,lucas.macedo@viterra.com,lucas.macedo@viterra.com,2026-01-13 21:50:10 UTC,2026-01-13 21:50:10 UTC,1,,,,-12.02493461453314,-55.27716049413879,POINT (-55.27716049413879 -12.02493461453314),2026-01-13,,MT140,,Santa Carmem,"Sinop, Mato Grosso",MT,78896-000,BR,"MT140 Santa Carmem Sinop, Mato Grosso MT 78896-000 BR","Mato Grosso, Santa Carmem",Maturado (dessecado),60,16,21,15,144.444444444444,108,123,219,135,219,282,26144.4444444444,,,4. Boa,65sc/ha,,3,"5b229d79-611b-47ba-b274-6f8504e4abef,42dbda15-cbae-4b53-b982-49d5f007fcfb,b14404ad-bdad-4604-b06f-fab8cd64aed1,5df1aca7-e663-4cb9-80c5-87907ef9ed45",",,,",https://web.fulcrumapp.com/photos/view?photos=5b229d79-611b-47ba-b274-6f8504e4abef%2C42dbda15-cbae-4b53-b982-49d5f007fcfb%2Cb14404ad-bdad-4604-b06f-fab8cd64aed1%2C5df1aca7-e663-4cb9-80c5-87907ef9ed45
c7d8b727-554b-413f-b7cf-3a0349b176ad,2026-01-13 18:18:11 UTC,2026-01-13 18:27:19 UTC,lucas.macedo@viterra.com,lucas.macedo@viterra.com,2026-01-13 21:50:11 UTC,2026-01-13 21:50:11 UTC,1,,,,-12.002427186828108,-55.16712223184776,POINT (-55.16712223184776 -12.002427186828108),2026-01-13,,,,,,,,,,"Mato Grosso, Santa Carmem",Em colheita,55,12,18,21,154.545454545455,114,117,83,180,158,86,19009.0909090909,,,4. Boa,60sc/ha,,3,"8a4b399d-b933-407d-a9cb-fc72a13c85f9,9122aee7-3525-4954-967a-bb338d619568,0b98e908-6c33-49d5-9f87-5d8b57be2922,493fea2a-a153-49c8-a997-e8796f5241d5",",,,",https://web.fulcrumapp.com/photos/view?photos=8a4b399d-b933-407d-a9cb-fc72a13c85f9%2C9122aee7-3525-4954-967a-bb338d619568%2C0b98e908-6c33-49d5-9f87-5d8b57be2922%2C493fea2a-a153-49c8-a997-e8796f5241d5
9adf027b-d8f3-41a7-822a-5ebe9362a17e,2026-01-13 18:31:39 UTC,2026-01-13 18:46:09 UTC,lucas.macedo@viterra.com,lucas.macedo@viterra.com,2026-01-13 21:50:11 UTC,2026-01-13 21:50:11 UTC,1,,,,-11.955934457461447,-55.08157537401072,POINT (-55.08157537401072 -11.955934457461447),2026-01-13,,,,,,,,,,"Mato Grosso, Santa Carmem",Maturado (dessecado),55,15,15,11,124.242424242424,162,147,272,423,285,168,30170.202020202,,,5. Excelente,70sc/ha,,3,"c12aca14-7dfb-4895-bafd-f29240086382,100818b1-41f4-4fe2-ac2b-612b3c8f8969,32de5eaf-14c0-414c-8b39-e6f556d18125,6b2cd3b1-6ecd-40ad-a2c5-8915a1759954",",,,",https://web.fulcrumapp.com/photos/view?photos=c12aca14-7dfb-4895-bafd-f29240086382%2C100818b1-41f4-4fe2-ac2b-612b3c8f8969%2C32de5eaf-14c0-414c-8b39-e6f556d18125%2C6b2cd3b1-6ecd-40ad-a2c5-8915a1759954
e9279638-b06d-438d-8f11-b2c5483b725e,2026-01-13 18:46:15 UTC,2026-01-13 19:01:22 UTC,lucas.macedo@viterra.com,lucas.macedo@viterra.com,2026-01-13 21:50:12 UTC,2026-01-13 21:50:12 UTC,1,,,,-11.930525510177233,-54.96996393111616,POINT (-54.96996393111616 -11.930525510177233),2026-01-13,,,,,,,,,,"Mato Grosso, Santa Carmem",Em colheita,50,18,19,21,193.333333333333,141,156,135,150,132,144,27646.6666666667,,,4. Boa,65sc/ha,,3,"fe693da7-252b-4f5c-803c-150eaf7f0148,e5379c17-0338-44c3-84f4-8fa9aabf8c79,4cfa70d7-3a52-4f00-9cdf-675b29a35ae0,586c6852-1bd0-4ae6-88c8-f2907d8173ec",",,,",https://web.fulcrumapp.com/photos/view?photos=fe693da7-252b-4f5c-803c-150eaf7f0148%2Ce5379c17-0338-44c3-84f4-8fa9aabf8c79%2C4cfa70d7-3a52-4f00-9cdf-675b29a35ae0%2C586c6852-1bd0-4ae6-88c8-f2907d8173ec
b2a5384e-35cd-437a-8da8-3cb440fe9fc4,2026-01-13 19:02:54 UTC,2026-01-13 19:18:01 UTC,lucas.macedo@viterra.com,lucas.macedo@viterra.com,2026-01-13 21:50:12 UTC,2026-01-13 21:50:12 UTC,1,,,,-11.949870432738168,-54.85236508776885,POINT (-54.85236508776885 -11.949870432738168),2026-01-13,,,,,,,,,,"Mato Grosso, Santa Carmem",Em colheita,50,19,22,23,213.333333333333,232,278,171,162,138,99,38400,,,5. Excelente,65sc/ha,,3,"0afdb673-3fb8-44cd-9cf8-34df26430cde,e15dd215-7e33-4ea5-81d3-9e6b65847cbb,44129562-d77f-48c6-a4fe-ba54818cf837,42e339cd-182b-419c-9918-c1f82192e4db",",,,",https://web.fulcrumapp.com/photos/view?photos=0afdb673-3fb8-44cd-9cf8-34df26430cde%2Ce15dd215-7e33-4ea5-81d3-9e6b65847cbb%2C44129562-d77f-48c6-a4fe-ba54818cf837%2C42e339cd-182b-419c-9918-c1f82192e4db
7a109ea6-18f5-4af5-aca1-6e71d43b5ebe,2026-01-13 19:21:30 UTC,2026-01-13 19:36:54 UTC,lucas.macedo@viterra.com,lucas.macedo@viterra.com,2026-01-13 21:50:13 UTC,2026-01-13 21:50:13 UTC,1,,,,-11.844445146805187,-54.69176648135165,POINT (-54.69176648135165 -11.844445146805187),2026-01-13,,,,,,,,,,"Mato Grosso, Claudia",Maturacao,50,18,16,19,176.666666666667,138,156,132,147,201,105,25881.6666666667,,,4. Boa,65sc/ha,,3,"1d0fb8fb-12dd-4602-9e1b-12ec0247bfa8,822c4831-01ad-4fd0-b3be-82b771705a53,503704d8-a606-4b6e-aea2-ebcc9633f927,5d08dc1d-89b0-4cbd-8aff-8ac0ecf2f1e2",",,,",https://web.fulcrumapp.com/photos/view?photos=1d0fb8fb-12dd-4602-9e1b-12ec0247bfa8%2C822c4831-01ad-4fd0-b3be-82b771705a53%2C503704d8-a606-4b6e-aea2-ebcc9633f927%2C5d08dc1d-89b0-4cbd-8aff-8ac0ecf2f1e2
653621c8-8fdb-47cf-85b3-0dccc63c5deb,2026-01-13 19:57:01 UTC,2026-01-13 20:08:37 UTC,lucas.macedo@viterra.com,lucas.macedo@viterra.com,2026-01-13 21:50:13 UTC,2026-01-13 21:50:13 UTC,1,,,,-11.670041852635574,-54.61639339095851,POINT (-54.61639339095851 -11.670041852635574),2026-01-13,,,,,,,,,,"Mato Grosso, Claudia",Maturado (dessecado),60,14,14,20,133.333333333333,279,294,125,87,162,103,23333.3333333333,,,4. Boa,60sc/ha,,3,"b62e3118-ea7d-4718-bf17-171155bedb1c,66086d7e-a5eb-4a0f-901d-d3dc20936df2,d63d88dd-6b5b-4423-aac0-f6a4d27734d1,33d90616-caa7-4ef5-b8b8-6effa4f4d88b",",,,",https://web.fulcrumapp.com/photos/view?photos=b62e3118-ea7d-4718-bf17-171155bedb1c%2C66086d7e-a5eb-4a0f-901d-d3dc20936df2%2Cd63d88dd-6b5b-4423-aac0-f6a4d27734d1%2C33d90616-caa7-4ef5-b8b8-6effa4f4d88b
a108b16e-7889-462a-99a5-43da25861349,2026-01-13 20:12:45 UTC,2026-01-13 20:30:38 UTC,lucas.macedo@viterra.com,lucas.macedo@viterra.com,2026-01-13 21:50:14 UTC,2026-01-13 21:50:14 UTC,1,,,,-11.566897756430848,-54.68243038286891,POINT (-54.68243038286891 -11.566897756430848),2026-01-13,,,,,,,,,,"Mato Grosso, Claudia",Maturacao,60,22,25,15,172.222222222222,123,171,186,224,255,249,34674.0740740741,,,4. Boa,70sc/ha,,3,"d9bdbb16-96f3-4129-ad6e-89c08507eaee,cb6c4317-e14b-4f3b-afee-c873c6c9a10d,16e5c48f-232d-44ec-abce-eb4fe1d35978,97b32ae6-2b65-4091-a90f-c3c68c21f28a",",,,",https://web.fulcrumapp.com/photos/view?photos=d9bdbb16-96f3-4129-ad6e-89c08507eaee%2Ccb6c4317-e14b-4f3b-afee-c873c6c9a10d%2C16e5c48f-232d-44ec-abce-eb4fe1d35978%2C97b32ae6-2b65-4091-a90f-c3c68c21f28a
d26ecb33-6ae3-4286-9ca7-26810f72a49c,2026-01-13 20:33:30 UTC,2026-01-13 20:50:10 UTC,lucas.macedo@viterra.com,lucas.macedo@viterra.com,2026-01-13 21:50:15 UTC,2026-01-13 21:50:15 UTC,1,,,,-11.498434413234932,-54.797175703621285,POINT (-54.797175703621285 -11.498434413234932),2026-01-13,,,,,,,,,,"Mato Grosso, Claudia",Maturacao,60,25,26,30,225,184,135,195,150,222,240,42225,,,4. Boa,70sc/ha,,3,"7575cb00-727c-4cb8-86de-6d459b10a0f7,d8bb824f-8570-42cb-857c-fdc2270c4208,553a0130-dab3-40ab-9206-dafbbe807a1e,706a7dfe-4c3d-4260-a141-659f218fc9ed",",,,",https://web.fulcrumapp.com/photos/view?photos=7575cb00-727c-4cb8-86de-6d459b10a0f7%2Cd8bb824f-8570-42cb-857c-fdc2270c4208%2C553a0130-dab3-40ab-9206-dafbbe807a1e%2C706a7dfe-4c3d-4260-a141-659f218fc9ed
eb02b8b9-5108-41f2-bae0-a59286928dfc,2026-01-13 21:41:10 UTC,2026-01-13 21:50:39 UTC,eduardo.diamandis@zgbr.com.br,eduardo.diamandis@zgbr.com.br,2026-01-13 21:50:41 UTC,2026-01-13 21:50:41 UTC,1,,,,-13.756447412266324,-59.282463553886025,POINT (-59.282463553886025 -13.756447412266324),2026-01-13,,,,,,,,,,"Mato Grosso, Campos de Julio",Maturacao,50,18,12,20,166.666666666667,102,95,116,130,143,100,19055.5555555556,,,4. Boa,55sc/ha,,1,"3d3cc3a3-fc12-49ba-867c-67b4e06c0748,8de2760a-0d7a-4607-b73e-a02665d6758b,b1d41661-fd20-4b95-a49d-d14a7a3ca4f1",",,",https://web.fulcrumapp.com/photos/view?photos=3d3cc3a3-fc12-49ba-867c-67b4e06c0748%2C8de2760a-0d7a-4607-b73e-a02665d6758b%2Cb1d41661-fd20-4b95-a49d-d14a7a3ca4f1
cb94ee5c-3507-4dee-a112-69effcd731f1,2026-01-13 19:26:09 UTC,2026-01-13 19:42:55 UTC,gabriela.lopes2@chsinc.com,gabriela.lopes2@chsinc.com,2026-01-13 22:20:18 UTC,2026-01-13 22:20:18 UTC,1,,,,-15.096186014494256,-53.981716978071226,POINT (-53.981716978071226 -15.096186014494256),2026-01-13,,MT-448,,,Primavera do Leste,Mato Grosso,78850-000,Brasil,MT-448 Primavera do Leste Mato Grosso 78850-000 Brasil,"Mato Grosso, Paranatinga",Enchimento de Graos,48,38,25,26,309.0277777777778,33,81,55,32,75,141,21477.43055555556,,,4. Boa,,,4,"b9981d50-be52-4fe9-8835-ec005bcd03bb,696f3fea-7503-4d2e-9751-db8b03ecd366,fe859084-7eb6-4b84-897f-2c3b8937592c",",,",https://web.fulcrumapp.com/photos/view?photos=b9981d50-be52-4fe9-8835-ec005bcd03bb%2C696f3fea-7503-4d2e-9751-db8b03ecd366%2Cfe859084-7eb6-4b84-897f-2c3b8937592c
f998ad60-fcaf-4398-905f-0fd0cdfc76d3,2026-01-13 19:42:58 UTC,2026-01-13 19:49:22 UTC,gabriela.lopes2@chsinc.com,gabriela.lopes2@chsinc.com,2026-01-13 22:20:19 UTC,2026-01-13 22:20:19 UTC,1,,,,-15.0879002418166,-53.93706816821005,POINT (-53.93706816821005 -15.0879002418166),2026-01-13,,,,,,,,,,"Mato Grosso, Paranatinga",Enchimento de Graos,51,27,28,25,261.43790849673206,15,35,46,22,32,48,8627.45098039216,,,4. Boa,,"Início do enchimento dos grãos, sem potencial ainda definido",4,"901d7a9e-7256-4874-b4f5-66f8b33d5227,5b308344-42b9-4209-a742-8b30df8f812a,c1af9936-f07e-4c52-ab3f-703c9e9a4540",",,",https://web.fulcrumapp.com/photos/view?photos=901d7a9e-7256-4874-b4f5-66f8b33d5227%2C5b308344-42b9-4209-a742-8b30df8f812a%2Cc1af9936-f07e-4c52-ab3f-703c9e9a4540
f36a1a9e-de0c-434a-bcfd-730c3d9aeed0,2026-01-13 19:57:33 UTC,2026-01-13 20:04:34 UTC,gabriela.lopes2@chsinc.com,gabriela.lopes2@chsinc.com,2026-01-13 22:20:19 UTC,2026-01-13 22:20:19 UTC,1,,,,-15.088351109712683,-53.877978450256876,POINT (-53.877978450256876 -15.088351109712683),2026-01-13,,MT-448,,,Novo São Joaquim,Mato Grosso,78628-000,Brasil,MT-448 Novo São Joaquim Mato Grosso 78628-000 Brasil,"Mato Grosso, Novo Sao Joaquim",Enchimento de Graos,43,27,25,24,294.5736434108527,49,52,80,53,137,78,22043.92764857881,,,4. Boa,,,4,"a7ca4c4e-8798-402b-b19e-39c6c0787ea1,86ddd8e5-8325-4cac-8a95-a4f0647154ba,11485b1f-9aad-4797-93e3-ff3c4687cce7",",,",https://web.fulcrumapp.com/photos/view?photos=a7ca4c4e-8798-402b-b19e-39c6c0787ea1%2C86ddd8e5-8325-4cac-8a95-a4f0647154ba%2C11485b1f-9aad-4797-93e3-ff3c4687cce7
622ca30d-9df5-4248-8e84-0485997a225c,2026-01-13 20:10:24 UTC,2026-01-13 20:26:12 UTC,gabriela.lopes2@chsinc.com,gabriela.lopes2@chsinc.com,2026-01-13 22:20:20 UTC,2026-01-13 22:20:20 UTC,1,,,,-15.112962139664742,-53.84072529141665,POINT (-53.84072529141665 -15.112962139664742),2026-01-13,,MT-448,,,Santo Antônio do Leste,Mato Grosso,78628-000,Brasil,MT-448 Santo Antônio do Leste Mato Grosso 78628-000 Brasil,"Mato Grosso, Novo Sao Joaquim",Enchimento de Graos,42,48,48,46,563.4920634920635,37,76,67,58,51,89,35500,,,4. Boa,45sc/ha,,4,"469ec6a4-511d-477b-bf9f-adc0e5c3902e,a97df962-3235-4be1-9259-d33a72301db6,3ca49832-f3bf-417e-b230-4b7a12eacd45",",,",https://web.fulcrumapp.com/photos/view?photos=469ec6a4-511d-477b-bf9f-adc0e5c3902e%2Ca97df962-3235-4be1-9259-d33a72301db6%2C3ca49832-f3bf-417e-b230-4b7a12eacd45
a12c4571-9665-4890-9f23-c959ffa93a3a,2026-01-13 20:33:33 UTC,2026-01-13 20:38:45 UTC,gabriela.lopes2@chsinc.com,gabriela.lopes2@chsinc.com,2026-01-13 22:20:21 UTC,2026-01-13 22:20:21 UTC,1,,,,-15.165643124511002,-53.68430897221663,POINT (-53.68430897221663 -15.165643124511002),2026-01-13,,MT-448,,,Novo São Joaquim,Mato Grosso,78625-000,Brasil,MT-448 Novo São Joaquim Mato Grosso 78625-000 Brasil,"Mato Grosso, Novo Sao Joaquim",Enchimento de Graos,47,14,17,16,166.66666666666666,0,0,0,19,25,44,2444.4444444444443,,,4. Boa,,Início do enchimento dos graos,4,"8f52fdbf-b333-403c-bdbc-97c3d664249c,8155dca8-cb9e-45c9-bd0e-b420c5c11b62,72e40945-b7ef-46f8-befd-0e44a98524ee",",,",https://web.fulcrumapp.com/photos/view?photos=8f52fdbf-b333-403c-bdbc-97c3d664249c%2C8155dca8-cb9e-45c9-bd0e-b420c5c11b62%2C72e40945-b7ef-46f8-befd-0e44a98524ee
f3175be2-c7c3-4691-8122-54dc389e4167,2026-01-13 20:47:14 UTC,2026-01-13 20:55:15 UTC,gabriela.lopes2@chsinc.com,gabriela.lopes2@chsinc.com,2026-01-13 22:20:21 UTC,2026-01-13 22:20:21 UTC,1,,,,-15.165643124511014,-53.68430897221663,POINT (-53.68430897221663 -15.165643124511014),2026-01-13,,MT-448,,,Novo São Joaquim,Mato Grosso,78625-000,Brasil,MT-448 Novo São Joaquim Mato Grosso 78625-000 Brasil,"Mato Grosso, Novo Sao Joaquim",Maturado (dessecado),47,17,19,20,198.58156028368793,147,150,130,127,165,163,29191.489361702126,,,4. Boa,,,4,"be43e310-de3b-47ab-b52f-6bb4ba74275a,b28ad2b6-1566-4924-b3c7-7b4ad33358aa,a8a93f69-ab5f-42b3-9362-74afd6d0fc66",",,",https://web.fulcrumapp.com/photos/view?photos=be43e310-de3b-47ab-b52f-6bb4ba74275a%2Cb28ad2b6-1566-4924-b3c7-7b4ad33358aa%2Ca8a93f69-ab5f-42b3-9362-74afd6d0fc66
fbd3d148-cabe-4da0-b494-5ca70bc8f9d1,2026-01-14 10:23:08 UTC,2026-01-14 10:27:29 UTC,fernando.malavolta@zgbr.com.br,fernando.malavolta@zgbr.com.br,2026-01-14 10:27:38 UTC,2026-01-14 10:27:38 UTC,1,,,,-24.4645267,-53.5599817,POINT (-53.5599817 -24.4645267),2026-01-14,2536,PR-239,,,Assis Chateaubriand,Paraná,85935-000,Brasil,2536 PR-239 Assis Chateaubriand Paraná 85935-000 Brasil,"Parana, Assis Chateaubriand",Maturacao,45,20,22,24,244.44444444444443,34,41,156,102,125,162,25259.259259259255,,,4. Boa,,,5,"d6aaac26-93c9-4353-8312-8588f321ff8d,2cb72db1-0f68-4abe-a064-0a20431af2e2,88c6ca12-1a71-44bc-a942-ac7c1a8dd098",",,",https://web.fulcrumapp.com/photos/view?photos=d6aaac26-93c9-4353-8312-8588f321ff8d%2C2cb72db1-0f68-4abe-a064-0a20431af2e2%2C88c6ca12-1a71-44bc-a942-ac7c1a8dd098
ac176a33-3512-43d3-96e6-6ae79f46b0b9,2026-01-14 10:39:56 UTC,2026-01-14 10:45:06 UTC,fernando.malavolta@zgbr.com.br,fernando.malavolta@zgbr.com.br,2026-01-14 10:45:11 UTC,2026-01-14 10:45:11 UTC,1,,,,-24.5649823,-53.6006912,POINT (-53.6006912 -24.5649823),2026-01-14,1026,PR-239,,,Assis Chateaubriand,Paraná,85935-000,Brasil,1026 PR-239 Assis Chateaubriand Paraná 85935-000 Brasil,"Parana, Assis Chateaubriand",Maturacao,50,27,26,25,260,84,195,225,103,104,135,36660,,,5. Excelente,,,5,"62198e44-1f14-46f2-8098-7ffdcf645e5d,05846716-6caf-4329-a273-20e4d401135c,43ac6858-54e1-46d0-8085-cd6999c3c6ea",",,",https://web.fulcrumapp.com/photos/view?photos=62198e44-1f14-46f2-8098-7ffdcf645e5d%2C05846716-6caf-4329-a273-20e4d401135c%2C43ac6858-54e1-46d0-8085-cd6999c3c6ea
fa059432-f2ba-4a5d-8b44-23f9b2047dc1,2026-01-14 11:03:23 UTC,2026-01-14 11:10:16 UTC,fernando.malavolta@zgbr.com.br,fernando.malavolta@zgbr.com.br,2026-01-14 11:10:19 UTC,2026-01-14 11:10:19 UTC,1,,,,-24.5983318,-53.484033,POINT (-53.484033 -24.5983318),2026-01-14,,PR-581,,,Tupãssi,Paraná,85945-000,Brasil,PR-581 Tupãssi Paraná 85945-000 Brasil,"Parana, Tupassi",Maturacao,50,30,28,22,266.6666666666667,129,168,109,74,153,205,37244.444444444445,,,5. Excelente,,,5,"07480155-69da-45ad-8a74-fc7380ec4afa,3a4ef8bc-3ae0-420e-a6ed-378524a0f725,87b9b1a1-f761-455b-bd64-c686be9a621d",",,",https://web.fulcrumapp.com/photos/view?photos=07480155-69da-45ad-8a74-fc7380ec4afa%2C3a4ef8bc-3ae0-420e-a6ed-378524a0f725%2C87b9b1a1-f761-455b-bd64-c686be9a621d
cab49111-c702-46b8-b2ab-4255677bf43b,2026-01-14 11:36:09 UTC,2026-01-14 11:44:33 UTC,fernando.malavolta@zgbr.com.br,fernando.malavolta@zgbr.com.br,2026-01-14 11:44:37 UTC,2026-01-14 11:44:37 UTC,1,,,,-24.7967037,-53.4691594,POINT (-53.4691594 -24.7967037),2026-01-14,11861,PR-486,,,Cascavel,Paraná,,Brasil,11861 PR-486 Cascavel Paraná Brasil,"Parana, Cascavel",Enchimento de Graos,70,24,23,25,171.42857142857144,248,205,209,315,134,155,36171.42857142857,,,3. Media,,,5,"d69b809a-9230-490e-a916-9b9968625db0,9ede60b1-7ae8-4b01-ae78-034d63c268c6,7a182963-2f6a-440b-afda-efde09ac374c,49a54ee2-cba0-4598-85f0-af1cb13a6614,63772be4-a452-415f-9e4e-7eacfc7ca169",",,,,",https://web.fulcrumapp.com/photos/view?photos=d69b809a-9230-490e-a916-9b9968625db0%2C9ede60b1-7ae8-4b01-ae78-034d63c268c6%2C7a182963-2f6a-440b-afda-efde09ac374c%2C49a54ee2-cba0-4598-85f0-af1cb13a6614%2C63772be4-a452-415f-9e4e-7eacfc7ca169
4d769f37-b36c-45fa-af31-9977c4550842,2026-01-14 11:21:03 UTC,2026-01-14 11:26:56 UTC,fernando.malavolta@zgbr.com.br,fernando.malavolta@zgbr.com.br,2026-01-14 11:52:53 UTC,2026-01-14 11:52:53 UTC,1,,,,-24.6970406,-53.4633176,POINT (-53.4633176 -24.6970406),2026-01-14,,,,,,,,,,"Parana, Tupassi",Maturacao,50,22,22,25,230,204,137,121,134,242,211,40211.666666666664,,,5. Excelente,,,5,"4a7bd6c2-3450-4e62-a657-17a773ba23fd,439aff6a-97ee-4e36-b8c8-916e262b6630,24516a1e-30b7-49a5-8d52-398d76b29644",",,",https://web.fulcrumapp.com/photos/view?photos=4a7bd6c2-3450-4e62-a657-17a773ba23fd%2C439aff6a-97ee-4e36-b8c8-916e262b6630%2C24516a1e-30b7-49a5-8d52-398d76b29644
96148dbc-ec5b-481a-b8ec-cf46accd4a17,2026-01-14 11:54:42 UTC,2026-01-14 12:02:56 UTC,fernando.malavolta@zgbr.com.br,fernando.malavolta@zgbr.com.br,2026-01-14 12:02:59 UTC,2026-01-14 12:02:59 UTC,1,,,,-24.905355,-53.4730917,POINT (-53.4730917 -24.905355),2026-01-14,16705,PR-486,,,Cascavel,Paraná,,Brasil,16705 PR-486 Cascavel Paraná Brasil,"Parana, Cascavel",Enchimento de Graos,50,22,18,20,200,177,297,434,107,56,187,41933.333333333336,,,4. Boa,,,5,"0531ca5f-81e1-4df1-bbcb-b50c1e09a9c7,2a2f2302-6520-40cc-a24c-5854ce19b333,ed514f29-6e88-419d-8238-58250243c785",",,",https://web.fulcrumapp.com/photos/view?photos=0531ca5f-81e1-4df1-bbcb-b50c1e09a9c7%2C2a2f2302-6520-40cc-a24c-5854ce19b333%2Ced514f29-6e88-419d-8238-58250243c785
cdd156fb-d62b-41f0-92fd-8714351dcb61,2026-01-14 12:06:46 UTC,2026-01-14 12:14:17 UTC,jhonatan.negreiros@inpasa.com.br,jhonatan.negreiros@inpasa.com.br,2026-01-14 12:14:20 UTC,2026-01-14 12:14:20 UTC,1,,,,-12.956646334020535,-55.98069644705474,POINT (-55.98069644705474 -12.956646334020535),2026-01-14,,MT449,,Lucas Do Rio Verde,Sorriso (Mato Grosso),MT,78455-000,BR,MT449 Lucas Do Rio Verde Sorriso (Mato Grosso) MT 78455-000 BR,"Mato Grosso, Lucas do Rio Verde",Maturado (dessecado),50,21,20,21,206.666666666667,163,220,113,156,78,166,30862.2222222222,,,5. Excelente,75sc/ha,,2,"a8fdb907-f1d0-435a-8700-89f43e9f134d,b7b5cff7-2380-4d6c-ba43-16d47af1ca1a,c0e9b724-f093-49aa-afd9-c4df78e695a0",",,",https://web.fulcrumapp.com/photos/view?photos=a8fdb907-f1d0-435a-8700-89f43e9f134d%2Cb7b5cff7-2380-4d6c-ba43-16d47af1ca1a%2Cc0e9b724-f093-49aa-afd9-c4df78e695a0
4d0c8462-7237-4260-ba90-1794c8991a5a,2026-01-14 12:26:36 UTC,2026-01-14 12:32:03 UTC,fernando.malavolta@zgbr.com.br,fernando.malavolta@zgbr.com.br,2026-01-14 12:32:07 UTC,2026-01-14 12:32:07 UTC,1,,,,-24.9670958,-53.5496947,POINT (-53.5496947 -24.9670958),2026-01-14,,Rodovia Adão Gasparovic,,,Cascavel,Paraná,,Brasil,Rodovia Adão Gasparovic Cascavel Paraná Brasil,"Parana, Cascavel",Maturacao,50,28,28,30,286.6666666666667,121,157,168,106,107,133,37840.00000000001,,,5. Excelente,,,5,"608718e4-034f-440a-b8f2-8200e7ea0266,6adc037c-4d4b-44b1-8716-cb2360805d06,bed1ff0d-a035-4c25-9f09-907c03706e4d",",,",https://web.fulcrumapp.com/photos/view?photos=608718e4-034f-440a-b8f2-8200e7ea0266%2C6adc037c-4d4b-44b1-8716-cb2360805d06%2Cbed1ff0d-a035-4c25-9f09-907c03706e4d
6f931fdc-3a81-4566-801a-cb9cbcd1ace9,2026-01-14 12:46:02 UTC,2026-01-14 12:51:43 UTC,fernando.malavolta@zgbr.com.br,fernando.malavolta@zgbr.com.br,2026-01-14 12:51:47 UTC,2026-01-14 12:51:47 UTC,1,,,,-25.0757977,-53.5885096,POINT (-53.5885096 -25.0757977),2026-01-14,,PR-182,,,Santa Tereza do Oeste,Paraná,85825-000,Brasil,PR-182 Santa Tereza do Oeste Paraná 85825-000 Brasil,"Parana, Santa Tereza do Oeste",Enchimento de Graos,50,29,28,26,276.6666666666667,120,95,132,127,148,175,36750.555555555555,,,5. Excelente,,,5,"93b94a72-a3e3-4b2e-b083-c6faa72c1dc8,0ebd520b-493b-487d-9dd2-9ec147bc0595,e434d576-550f-43fc-8357-ea1a51f84df0",",,",https://web.fulcrumapp.com/photos/view?photos=93b94a72-a3e3-4b2e-b083-c6faa72c1dc8%2C0ebd520b-493b-487d-9dd2-9ec147bc0595%2Ce434d576-550f-43fc-8357-ea1a51f84df0
b49e5520-db08-4ec8-a87a-2b39de78eb3a,2026-01-14 13:03:03 UTC,2026-01-14 13:08:07 UTC,fernando.malavolta@zgbr.com.br,fernando.malavolta@zgbr.com.br,2026-01-14 13:08:11 UTC,2026-01-14 13:08:11 UTC,1,,,,-25.1772617,-53.603255,POINT (-53.603255 -25.1772617),2026-01-14,,Rodovia Deputado Arnaldo Faivro Busato,,,Santa Tereza do Oeste,Paraná,85825-000,Brasil,Rodovia Deputado Arnaldo Faivro Busato Santa Tereza do Oeste Paraná 85825-000 Brasil,"Parana, Lindoeste",Enchimento de Graos,45,25,21,19,240.74074074074073,132,97,149,175,145,108,32339.506172839505,,,4. Boa,,,5,"b1e50d92-d054-4744-b084-670c184adabc,4cdaf41b-f31e-4796-9b46-99e54afdda73,6129734b-c7bf-432b-a2a0-9bddb1ae5ce5",",,",https://web.fulcrumapp.com/photos/view?photos=b1e50d92-d054-4744-b084-670c184adabc%2C4cdaf41b-f31e-4796-9b46-99e54afdda73%2C6129734b-c7bf-432b-a2a0-9bddb1ae5ce5
761a4ba3-c1d5-40e1-8a0a-08121ed3071d,2026-01-14 13:37:15 UTC,2026-01-14 13:43:09 UTC,fernando.malavolta@zgbr.com.br,fernando.malavolta@zgbr.com.br,2026-01-14 13:43:15 UTC,2026-01-14 13:43:15 UTC,1,,,,-25.2714395,-53.5691652,POINT (-53.5691652 -25.2714395),2026-01-14,528,rua peroba,,,Lindoeste,Paraná,85826-000,Brasil,528 rua peroba Lindoeste Paraná 85826-000 Brasil,"Parana, Lindoeste",Maturacao,45,21,21,19,225.9259259259259,76,83,77,102,76,138,20785.185185185182,,,4. Boa,,,5,"834222a6-883a-45f4-993b-041db5554e73,70a18103-4e58-4ded-b230-ca438c72c1f8,9dc9014e-60e2-40a7-9656-d8307a8555d3,834b4f75-74c6-47f1-911e-3dedb54dac7a",",,,",https://web.fulcrumapp.com/photos/view?photos=834222a6-883a-45f4-993b-041db5554e73%2C70a18103-4e58-4ded-b230-ca438c72c1f8%2C9dc9014e-60e2-40a7-9656-d8307a8555d3%2C834b4f75-74c6-47f1-911e-3dedb54dac7a
d6bd34f8-f5b7-4d07-a04f-68134e61632f,2026-01-14 12:23:30 UTC,2026-01-14 12:30:39 UTC,jhonatan.negreiros@inpasa.com.br,jhonatan.negreiros@inpasa.com.br,2026-01-14 13:51:37 UTC,2026-01-14 13:51:37 UTC,1,,,,-12.830771830201865,-56.03244419978106,POINT (-56.03244419978106 -12.830771830201865),2026-01-14,,,,,,,,,,"Mato Grosso, Lucas do Rio Verde",Enchimento de Graos,50,21,18,21,200,110,112,54,246,84,126,24400,,,4. Boa,60sc/ha,,2,"554a71a5-c215-416e-9281-e2388bfd8fdd,8f7988f0-e191-4267-8708-4cec2a5454a2,6d6a9c09-95cb-4aaf-a7b0-5aebda38e110",",,",https://web.fulcrumapp.com/photos/view?photos=554a71a5-c215-416e-9281-e2388bfd8fdd%2C8f7988f0-e191-4267-8708-4cec2a5454a2%2C6d6a9c09-95cb-4aaf-a7b0-5aebda38e110
9cd8a388-b62d-4498-ae2c-8a2d8aef717a,2026-01-14 12:44:13 UTC,2026-01-14 12:57:04 UTC,jhonatan.negreiros@inpasa.com.br,jhonatan.negreiros@inpasa.com.br,2026-01-14 13:51:37 UTC,2026-01-14 13:51:37 UTC,1,,,,-12.7158896095325,-56.096913548668894,POINT (-56.096913548668894 -12.7158896095325),2026-01-14,,,,,,,,,,"Mato Grosso, Lucas do Rio Verde",Enchimento de Graos,45,23,20,21,237.037037037037,48,88,113,59,120,111,21293.8271604938,,,4. Boa,50sc/ha,,2,"9413fccf-94b0-4bf0-bc45-0682d1251daf,019d6a1e-4989-49cd-833e-ec061e5eb098,ed7288e9-2b4b-48c1-94a2-4a09cf0e0718",",,",https://web.fulcrumapp.com/photos/view?photos=9413fccf-94b0-4bf0-bc45-0682d1251daf%2C019d6a1e-4989-49cd-833e-ec061e5eb098%2Ced7288e9-2b4b-48c1-94a2-4a09cf0e0718
0468629e-bbe1-491a-9793-1f17c343848c,2026-01-14 13:01:40 UTC,2026-01-14 13:09:37 UTC,jhonatan.negreiros@inpasa.com.br,jhonatan.negreiros@inpasa.com.br,2026-01-14 13:51:38 UTC,2026-01-14 13:51:38 UTC,1,,,,-12.611986354556251,-56.166897464107635,POINT (-56.166897464107635 -12.611986354556251),2026-01-14,,,,,,,,,,"Mato Grosso, Lucas do Rio Verde",Enchimento de Graos,50,20,19,17,186.666666666667,72,95,154,198,134,110,23737.7777777778,,,3. Media,50sc/ha,,2,"43bc0595-79d5-491f-ae39-0cb5ee21df7b,5594ddb4-03b1-49a9-9100-6760cffe0e2b,78ba9f76-9d0f-4b80-b1b2-2bcf9564abf4",",,",https://web.fulcrumapp.com/photos/view?photos=43bc0595-79d5-491f-ae39-0cb5ee21df7b%2C5594ddb4-03b1-49a9-9100-6760cffe0e2b%2C78ba9f76-9d0f-4b80-b1b2-2bcf9564abf4
121826f5-7bbd-4942-8b86-de598ad1a751,2026-01-14 13:18:13 UTC,2026-01-14 13:24:50 UTC,jhonatan.negreiros@inpasa.com.br,jhonatan.negreiros@inpasa.com.br,2026-01-14 13:51:39 UTC,2026-01-14 13:51:39 UTC,1,,,,-12.482514398446753,-56.19893497897716,POINT (-56.19893497897716 -12.482514398446753),2026-01-14,,,,,,,,,,"Mato Grosso, Ipiranga do Norte",Enchimento de Graos,50,25,24,21,233.333333333333,65,116,136,48,62,202,24461.1111111111,,,4. Boa,60sc/ha,,2,"d341e3ef-f32a-4cf5-878c-064ae9dc1312,14927a5e-7c5c-4908-a2d4-a6e220a21042,3902e918-7aff-41cf-a5e9-5c2e8a36c52f",",,",https://web.fulcrumapp.com/photos/view?photos=d341e3ef-f32a-4cf5-878c-064ae9dc1312%2C14927a5e-7c5c-4908-a2d4-a6e220a21042%2C3902e918-7aff-41cf-a5e9-5c2e8a36c52f
cb8d8113-95cb-450c-8b17-6fec5d56332d,2026-01-14 13:35:01 UTC,2026-01-14 13:39:37 UTC,jhonatan.negreiros@inpasa.com.br,jhonatan.negreiros@inpasa.com.br,2026-01-14 13:51:39 UTC,2026-01-14 13:51:39 UTC,1,,,,-12.37106621499348,-56.17930808193255,POINT (-56.17930808193255 -12.37106621499348),2026-01-14,,,,,,,,,,"Mato Grosso, Ipiranga do Norte",Maturado (dessecado),50,21,25,22,226.666666666667,101,82,75,91,86,86,19682.2222222222,,,4. Boa,55sc/ha,,2,"a1f321c0-bdb9-4075-a972-6db8659b88bf,4491e1e9-0f3c-4867-a73f-ebf348a37ea8,62663078-40e5-4fd5-842b-dab7c317827a",",,",https://web.fulcrumapp.com/photos/view?photos=a1f321c0-bdb9-4075-a972-6db8659b88bf%2C4491e1e9-0f3c-4867-a73f-ebf348a37ea8%2C62663078-40e5-4fd5-842b-dab7c317827a
e70f132e-e0b2-4e86-a55c-27c678877d94,2026-01-14 13:48:59 UTC,2026-01-14 13:56:17 UTC,jhonatan.negreiros@inpasa.com.br,jhonatan.negreiros@inpasa.com.br,2026-01-14 13:56:19 UTC,2026-01-14 13:56:19 UTC,1,,,,-12.255984712654273,-56.15018977006706,POINT (-56.15018977006706 -12.255984712654273),2026-01-14,,MT010,,Ipiranga Do Norte,Sorriso (Mato Grosso),MT,78578-000,BR,MT010 Ipiranga Do Norte Sorriso (Mato Grosso) MT 78578-000 BR,"Mato Grosso, Ipiranga do Norte",Enchimento de Graos,50,16,15,14,150,167,133,96,300,142,120,23950,,,4. Boa,65sc/ha,,2,"f556cc46-3e20-41eb-aeb7-b00cac039b8c,fc0e0a7e-3d23-4163-b1f7-f4da2fa2a8ef,283a8010-cd04-469b-aa58-82092a9e093f",",,",https://web.fulcrumapp.com/photos/view?photos=f556cc46-3e20-41eb-aeb7-b00cac039b8c%2Cfc0e0a7e-3d23-4163-b1f7-f4da2fa2a8ef%2C283a8010-cd04-469b-aa58-82092a9e093f
c2b92083-7fd4-4f6c-a001-ef7bdb4c1b12,2026-01-14 13:04:54 UTC,2026-01-14 13:21:36 UTC,lucas.macedo@viterra.com,lucas.macedo@viterra.com,2026-01-14 14:05:27 UTC,2026-01-14 14:12:48 UTC,2,,,,-12.532970937878348,-55.33230322433332,POINT (-55.33230322433332 -12.532970937878348),2026-01-14,,,,,,,,,,"Mato Grosso, Nova Ubirata",Em colheita,50,28,29,13,233.333333333333,188,155,110,342,69,93,37216.6666666667,,,4. Boa,60sc/ha,Presença de alguns pequenos insetos.,3,"0b67033a-aade-4909-ab0b-b14ffda85ab3,a8e80975-a8ac-49c5-b738-52c3dbdc5265,913256f1-e2a2-4163-a6ee-88d985a5cc89,8f9b8324-abd8-4820-8536-52c5cebc3893,b5c76ed0-99f6-4163-b10e-6e8edfe44933,c9111369-e351-4cb2-ac56-0fee6dfb02f9",",,,,,",https://web.fulcrumapp.com/photos/view?photos=0b67033a-aade-4909-ab0b-b14ffda85ab3%2Ca8e80975-a8ac-49c5-b738-52c3dbdc5265%2C913256f1-e2a2-4163-a6ee-88d985a5cc89%2C8f9b8324-abd8-4820-8536-52c5cebc3893%2Cb5c76ed0-99f6-4163-b10e-6e8edfe44933%2Cc9111369-e351-4cb2-ac56-0fee6dfb02f9
ddd46398-f314-41b6-acb0-b7b0541f0858,2026-01-14 13:22:54 UTC,2026-01-14 13:39:18 UTC,lucas.macedo@viterra.com,lucas.macedo@viterra.com,2026-01-14 14:12:49 UTC,2026-01-14 14:12:49 UTC,1,,,,-12.686671153654052,-55.25023542349715,POINT (-55.25023542349715 -12.686671153654052),2026-01-14,,,,,,,,,,"Mato Grosso, Nova Ubirata",Maturacao,50,19,24,25,226.666666666667,126,141,198,78,80,83,26671.1111111111,,,4. Boa,60sc/ha,"Grande incidência de raspagem de lagartas, mas não implica aparentemente em perda de potencial produtivo.",3,"d6566f3a-95db-40c8-9933-99d80a16f1c4,b9fcf298-2c10-4acf-8696-9794c62639c8,495b3344-ad98-4ea6-a0c2-ab5a8bf697c8,4979ac9a-b301-4b61-a5d2-fec222605d96,418c1cad-e461-4edd-97eb-1dd2c5da5f4c,131270f4-c99b-41f9-898b-b155bb91f826",",,,,,",https://web.fulcrumapp.com/photos/view?photos=d6566f3a-95db-40c8-9933-99d80a16f1c4%2Cb9fcf298-2c10-4acf-8696-9794c62639c8%2C495b3344-ad98-4ea6-a0c2-ab5a8bf697c8%2C4979ac9a-b301-4b61-a5d2-fec222605d96%2C418c1cad-e461-4edd-97eb-1dd2c5da5f4c%2C131270f4-c99b-41f9-898b-b155bb91f826
a8944b9a-f7b2-4d95-9481-b756b6202cc8,2026-01-14 13:42:01 UTC,2026-01-14 13:53:05 UTC,lucas.macedo@viterra.com,lucas.macedo@viterra.com,2026-01-14 14:12:50 UTC,2026-01-14 14:12:50 UTC,1,,,,-12.813184750278307,-55.25892485869607,POINT (-55.25892485869607 -12.813184750278307),2026-01-14,,,,,,,,,,"Mato Grosso, Nova Ubirata",Maturacao,50,12,23,27,206.666666666667,93,200,126,141,72,84,24662.2222222222,,,4. Boa,65sc/ha,,3,"24662565-fb6e-4255-ad0e-1a4d9c154a5a,57230c01-d7d4-4db6-86fd-818700686662,8abba1ca-3a32-44dd-ac6a-34b3e73a5e11,d80fedbc-47d7-4c7b-b753-52baadbe766d",",,,",https://web.fulcrumapp.com/photos/view?photos=24662565-fb6e-4255-ad0e-1a4d9c154a5a%2C57230c01-d7d4-4db6-86fd-818700686662%2C8abba1ca-3a32-44dd-ac6a-34b3e73a5e11%2Cd80fedbc-47d7-4c7b-b753-52baadbe766d
bdf51865-dd6e-4e6c-8616-453f6e1337d2,2026-01-14 14:16:08 UTC,2026-01-14 14:22:12 UTC,jhonatan.negreiros@inpasa.com.br,jhonatan.negreiros@inpasa.com.br,2026-01-14 14:22:14 UTC,2026-01-14 14:22:14 UTC,1,,,,-12.187999405600857,-56.12994901135978,POINT (-56.12994901135978 -12.187999405600857),2026-01-14,,MT010,,Ipiranga Do Norte,Sorriso (Mato Grosso),MT,78578-000,BR,MT010 Ipiranga Do Norte Sorriso (Mato Grosso) MT 78578-000 BR,"Mato Grosso, Ipiranga do Norte",Enchimento de Graos,50,35,30,29,313.333333333333,66,142,36,85,43,8,19844.4444444444,,,3. Media,50sc/ha,,2,"e387e61e-e716-4d41-8d2f-a70a5cdb3c3b,b54a3f46-e2e5-4ed1-b9b2-1592f345c3c2",",",https://web.fulcrumapp.com/photos/view?photos=e387e61e-e716-4d41-8d2f-a70a5cdb3c3b%2Cb54a3f46-e2e5-4ed1-b9b2-1592f345c3c2
54ea80a3-0412-4066-bf2d-479f54aff218,2026-01-14 14:40:18 UTC,2026-01-14 14:45:55 UTC,fernando.malavolta@zgbr.com.br,fernando.malavolta@zgbr.com.br,2026-01-14 14:45:58 UTC,2026-01-14 14:45:58 UTC,1,,,,-24.8926333,-53.3505783,POINT (-53.3505783 -24.8926333),2026-01-14,5797,BR-369,,,Cascavel,Paraná,,Brasil,5797 BR-369 Cascavel Paraná Brasil,"Parana, Cascavel",Maturacao,50,18,19,20,190,80,66,77,155,121,130,19918.333333333332,,,3. Media,,,5,"e62342e6-52ec-442c-94ae-5f5dbc9a8b84,edaa31b6-971d-46e2-a5c5-6a48dfdf54c4,d9760a2d-3d4d-4db3-a7de-1043d9a66b75,578f7e81-21e5-4d2c-8bfb-3d67fb841fd7,0989af2a-2411-4c61-8d8f-49d94e5a55c3",",,,,",https://web.fulcrumapp.com/photos/view?photos=e62342e6-52ec-442c-94ae-5f5dbc9a8b84%2Cedaa31b6-971d-46e2-a5c5-6a48dfdf54c4%2Cd9760a2d-3d4d-4db3-a7de-1043d9a66b75%2C578f7e81-21e5-4d2c-8bfb-3d67fb841fd7%2C0989af2a-2411-4c61-8d8f-49d94e5a55c3
0f34ac68-2e36-4e58-9694-eab980d86cb3,2026-01-14 14:56:48 UTC,2026-01-14 15:04:39 UTC,fernando.malavolta@zgbr.com.br,fernando.malavolta@zgbr.com.br,2026-01-14 15:04:43 UTC,2026-01-14 15:04:43 UTC,1,,,,-24.8119735,-53.2942573,POINT (-53.2942573 -24.8119735),2026-01-14,720,Avenida Castelo Branco,,,Corbélia,Paraná,85420-000,Brasil,720 Avenida Castelo Branco Corbélia Paraná 85420-000 Brasil,"Parana, Corbelia",Maturacao,50,51,20,20,303.3333333333333,101,174,116,92,144,219,42769.99999999999,,,3. Media,,,5,"c664401f-dbc3-458f-8c01-c7b99254e4bf,71e6dc77-9bad-47b9-afab-07541a388dc9,73554cdb-9ec9-41c0-b6ca-02b1fc7521bd,17b918df-ae6a-411a-99b6-26f8887a58e9,a8e43d52-862b-4b34-9c93-b3b506585057,88429c43-9699-42b3-b8ca-f3c0f8cd4f98,257608a7-58a7-488f-8d7b-c89dbf07967f",",,,,,,",https://web.fulcrumapp.com/photos/view?photos=c664401f-dbc3-458f-8c01-c7b99254e4bf%2C71e6dc77-9bad-47b9-afab-07541a388dc9%2C73554cdb-9ec9-41c0-b6ca-02b1fc7521bd%2C17b918df-ae6a-411a-99b6-26f8887a58e9%2Ca8e43d52-862b-4b34-9c93-b3b506585057%2C88429c43-9699-42b3-b8ca-f3c0f8cd4f98%2C257608a7-58a7-488f-8d7b-c89dbf07967f
2dcb8c51-7ab2-401d-ad50-5f2c6d9a9aea,2026-01-14 14:47:19 UTC,2026-01-14 14:59:41 UTC,lucas.macedo@viterra.com,lucas.macedo@viterra.com,2026-01-14 16:15:01 UTC,2026-01-14 16:15:01 UTC,1,,,,-13.235009894718635,-54.9744389579212,POINT (-54.9744389579212 -13.235009894718635),2026-01-14,,,,,,,,,,"Mato Grosso, Nova Ubirata",Maturado (dessecado),55,18,18,21,172.727272727273,188,141,165,198,138,189,29334.8484848485,,,4. Boa,70sc/ha,,3,"62a3c5ac-45c6-4ebb-bf52-a7ff53a1d0dd,517fbe04-3e92-4b63-ad4e-d75bf394b070,73f07d71-4085-4801-bc37-03becc62343e,150bc760-75c2-4174-b3ac-ac04b57cf3c2",",,,",https://web.fulcrumapp.com/photos/view?photos=62a3c5ac-45c6-4ebb-bf52-a7ff53a1d0dd%2C517fbe04-3e92-4b63-ad4e-d75bf394b070%2C73f07d71-4085-4801-bc37-03becc62343e%2C150bc760-75c2-4174-b3ac-ac04b57cf3c2
857c03c4-dbdc-4525-a330-23c6f0396fea,2026-01-14 15:08:06 UTC,2026-01-14 15:24:48 UTC,lucas.macedo@viterra.com,lucas.macedo@viterra.com,2026-01-14 16:15:02 UTC,2026-01-14 16:15:02 UTC,1,,,,-13.331734584656852,-54.854738675108976,POINT (-54.854738675108976 -13.331734584656852),2026-01-14,,,,,,,,,,"Mato Grosso, Nova Ubirata",Maturacao,50,9,16,19,146.666666666667,141,192,315,66,246,318,31240,,,4. Boa,65sc/ha,,3,"b8e6f5b3-ef56-45ea-80fe-d0e966b411db,0b963f6f-db2c-4b31-99fc-dac18da8b29d,b5c17a09-39a1-400a-bbe6-fb0c84ae6dfc,62c26cc2-aa44-4c8d-a8f0-51fa3c3d5ad9",",,,",https://web.fulcrumapp.com/photos/view?photos=b8e6f5b3-ef56-45ea-80fe-d0e966b411db%2C0b963f6f-db2c-4b31-99fc-dac18da8b29d%2Cb5c17a09-39a1-400a-bbe6-fb0c84ae6dfc%2C62c26cc2-aa44-4c8d-a8f0-51fa3c3d5ad9
edea0742-cd7a-40bf-b057-8639e95500d3,2026-01-14 15:27:23 UTC,2026-01-14 15:40:04 UTC,lucas.macedo@viterra.com,lucas.macedo@viterra.com,2026-01-14 16:15:06 UTC,2026-01-14 16:15:06 UTC,1,,,,-13.46296647502892,-54.897089396554584,POINT (-54.897089396554584 -13.46296647502892),2026-01-14,,,,,,,,,,"Mato Grosso, Nova Ubirata",Maturado (dessecado),50,23,26,26,250,70,100,49,69,90,114,20500,,,4. Boa,65sc/ha,,3,"fa00de22-e9b7-4116-9032-10834f16693f,59f07bb6-4e90-41e9-b958-e5b0452bde27,940eaeb0-2ece-49ad-a1e3-f864b5f484af,e1e60972-46ca-4811-ac26-73529827ed19",",,,",https://web.fulcrumapp.com/photos/view?photos=fa00de22-e9b7-4116-9032-10834f16693f%2C59f07bb6-4e90-41e9-b958-e5b0452bde27%2C940eaeb0-2ece-49ad-a1e3-f864b5f484af%2Ce1e60972-46ca-4811-ac26-73529827ed19
4610eec5-c520-44c3-b4b8-d684602e15f1,2026-01-14 15:42:15 UTC,2026-01-14 15:55:55 UTC,lucas.macedo@viterra.com,lucas.macedo@viterra.com,2026-01-14 16:15:07 UTC,2026-01-14 16:15:07 UTC,1,,,,-13.536000726757138,-54.97255378407889,POINT (-54.97255378407889 -13.536000726757138),2026-01-14,,,,,,,,,,"Mato Grosso, Nova Ubirata",Em colheita,50,31,31,37,330,98,70,98,138,57,75,29480,,,4. Boa,60sc/ha,,3,"96c9936b-3840-4722-b5c4-a8483ed667d6,33702bcc-efd9-4677-af12-be6171a7de37,97ff9bc0-c61f-4cfe-a102-40ef9f519ec9,483bcad7-cec9-4647-93de-ce6862ac218b",",,,",https://web.fulcrumapp.com/photos/view?photos=96c9936b-3840-4722-b5c4-a8483ed667d6%2C33702bcc-efd9-4677-af12-be6171a7de37%2C97ff9bc0-c61f-4cfe-a102-40ef9f519ec9%2C483bcad7-cec9-4647-93de-ce6862ac218b
f8dd6761-9ecb-4305-b282-08d64c210f1c,2026-01-14 15:59:17 UTC,2026-01-14 16:07:31 UTC,fernando.malavolta@zgbr.com.br,fernando.malavolta@zgbr.com.br,2026-01-14 16:43:20 UTC,2026-01-14 16:43:20 UTC,1,,,,-24.809125,-53.1875967,POINT (-53.1875967 -24.809125),2026-01-14,,,,,,,,,,"Parana, Braganey",Maturacao,45,19,19,18,207.4074074074074,135,181,208,97,162,174,33081.48148148148,,,4. Boa,,,5,"4960eb6d-8c11-4f73-ac42-cea7dfde2c5a,83f67983-8bf3-455a-ad20-3344626eb2bf,675bd659-646f-4430-840c-342c661fae53,a37990b6-1773-49e4-a357-4dcdd3a301e9,e3a1a904-e2cf-405e-9d64-b602bd8333ed,fd93591e-e921-4bd4-babe-7f6b658a4bae,ba97f801-6e0c-4ca4-8dd0-a62aacb6de6f",",,,,,,",https://web.fulcrumapp.com/photos/view?photos=4960eb6d-8c11-4f73-ac42-cea7dfde2c5a%2C83f67983-8bf3-455a-ad20-3344626eb2bf%2C675bd659-646f-4430-840c-342c661fae53%2Ca37990b6-1773-49e4-a357-4dcdd3a301e9%2Ce3a1a904-e2cf-405e-9d64-b602bd8333ed%2Cfd93591e-e921-4bd4-babe-7f6b658a4bae%2Cba97f801-6e0c-4ca4-8dd0-a62aacb6de6f
cdddb0cf-c64d-42c9-8906-cd6f31fd66bf,2026-01-14 16:28:53 UTC,2026-01-14 16:33:22 UTC,fernando.malavolta@zgbr.com.br,fernando.malavolta@zgbr.com.br,2026-01-14 16:43:20 UTC,2026-01-14 16:43:20 UTC,1,,,,-24.7172933,-53.2463267,POINT (-53.2463267 -24.7172933),2026-01-14,45,WhatsApp,,,Corbélia,Paraná,85420-000,Brasil,45 WhatsApp Corbélia Paraná 85420-000 Brasil,"Parana, Corbelia",Maturacao,45,20,18,24,229.62962962962965,138,160,99,87,84,149,27440.740740740745,,,4. Boa,,,5,"9ae6ff5e-bf19-4193-a8c4-2f934a7de0d5,b20394ca-8676-4196-b7e4-6846203b30df,104c292c-f455-4376-bad4-924f36ceb4f5,1769d798-7c0f-4fb1-8756-b5a66923d676",",,,",https://web.fulcrumapp.com/photos/view?photos=9ae6ff5e-bf19-4193-a8c4-2f934a7de0d5%2Cb20394ca-8676-4196-b7e4-6846203b30df%2C104c292c-f455-4376-bad4-924f36ceb4f5%2C1769d798-7c0f-4fb1-8756-b5a66923d676
97197896-7a6b-4f33-a741-2cb0fba4f1d5,2026-01-14 11:28:17 UTC,2026-01-14 11:42:00 UTC,eduardo.diamandis@zgbr.com.br,eduardo.diamandis@zgbr.com.br,2026-01-14 16:52:53 UTC,2026-01-14 16:52:53 UTC,1,,,,-13.566278333333333,-59.28972666666667,POINT (-59.28972666666667 -13.566278333333333),2026-01-14,,,,,,,,,,"Mato Grosso, Campos de Julio",Maturacao,50,21,17,15,176.666666666667,182,107,143,132,168,116,24968.8888888889,,,5. Excelente,60sc/ha,,1,"bf324df3-b085-4aec-82ca-c0319b1697b5,6f2ce875-a310-47f2-b87d-0ea3e3b0182d,612be27a-78d5-41c4-a0e1-de423ae58766",",,",https://web.fulcrumapp.com/photos/view?photos=bf324df3-b085-4aec-82ca-c0319b1697b5%2C6f2ce875-a310-47f2-b87d-0ea3e3b0182d%2C612be27a-78d5-41c4-a0e1-de423ae58766
9a80b84e-eb34-4a42-927e-7b0ef460ae22,2026-01-14 11:46:53 UTC,2026-01-14 11:55:41 UTC,eduardo.diamandis@zgbr.com.br,eduardo.diamandis@zgbr.com.br,2026-01-14 16:52:54 UTC,2026-01-14 16:52:54 UTC,1,,,,-13.42104833333333,-59.28394499999997,POINT (-59.28394499999997 -13.42104833333333),2026-01-14,,,,,,,,,,"Mato Grosso, Campos de Julio",Enchimento de Graos,50,22,25,21,226.666666666667,52,86,106,138,57,122,21193.3333333333,,,4. Boa,60sc/ha,,1,"f86f7e02-ee3d-4c33-9202-0cc7610e2674,041cbe81-bc3d-475f-afed-a90227cf85a9,fa963703-4fa4-4771-9808-77471835276f",",,",https://web.fulcrumapp.com/photos/view?photos=f86f7e02-ee3d-4c33-9202-0cc7610e2674%2C041cbe81-bc3d-475f-afed-a90227cf85a9%2Cfa963703-4fa4-4771-9808-77471835276f
63cea567-1f1a-43b2-88e9-bf2364d9886e,2026-01-14 12:10:41 UTC,2026-01-14 12:24:28 UTC,eduardo.diamandis@zgbr.com.br,eduardo.diamandis@zgbr.com.br,2026-01-14 16:52:55 UTC,2026-01-14 16:52:55 UTC,1,,,,-13.298835,-59.240163333333335,POINT (-59.240163333333335 -13.298835),2026-01-14,,,,,,,,,,"Mato Grosso, Campos de Julio",Enchimento de Graos,50,14,15,17,153.333333333333,141,205,125,121,169,141,23051.1111111111,,,4. Boa,50sc/ha,,1,"fda197f8-6f19-454e-ba12-67321be03086,3e31a530-ceb7-4141-a8b9-92cfd6292a49,62f93452-2cc8-45f7-b0b2-4f3b1f6693a5",",,",https://web.fulcrumapp.com/photos/view?photos=fda197f8-6f19-454e-ba12-67321be03086%2C3e31a530-ceb7-4141-a8b9-92cfd6292a49%2C62f93452-2cc8-45f7-b0b2-4f3b1f6693a5
5b0b5393-0b94-4820-bd80-da70b0df7280,2026-01-14 13:18:44 UTC,2026-01-14 13:29:27 UTC,eduardo.diamandis@zgbr.com.br,eduardo.diamandis@zgbr.com.br,2026-01-14 16:52:55 UTC,2026-01-14 16:52:55 UTC,1,,,,-13.959501666666661,-59.24859666666663,POINT (-59.24859666666663 -13.959501666666661),2026-01-14,,,,,,,,,,"Mato Grosso, Campo Novo do Parecis",Maturado (dessecado),50,26,27,25,260,76,108,63,102,86,83,22446.6666666667,,,4. Boa,60sc/ha,,1,"be586a35-7405-415c-b797-f6e346beef96,e2603715-b794-4490-8618-938a3d9ad0cf,6bef7183-d69b-429a-a99e-686e75e1a14e",",,",https://web.fulcrumapp.com/photos/view?photos=be586a35-7405-415c-b797-f6e346beef96%2Ce2603715-b794-4490-8618-938a3d9ad0cf%2C6bef7183-d69b-429a-a99e-686e75e1a14e
c5c123e4-8612-410f-8d68-128e07fc328c,2026-01-14 13:34:43 UTC,2026-01-14 13:44:31 UTC,eduardo.diamandis@zgbr.com.br,eduardo.diamandis@zgbr.com.br,2026-01-14 16:52:56 UTC,2026-01-14 16:52:56 UTC,1,,,,-13.963043333333333,-59.247816666666665,POINT (-59.247816666666665 -13.963043333333333),2026-01-14,,,,,,,,,,"Mato Grosso, Campo Novo do Parecis",Maturado (dessecado),50,23,20,20,210,132,102,144,76,148,140,25970,,,4. Boa,60sc/ha,,1,"f122c799-3dbe-4117-a2dd-d8315f6c9d4d,1a8261d5-4c98-4861-9a46-b32a819efd22,63efdbc1-6fa9-412e-81fc-400822b173ca",",,",https://web.fulcrumapp.com/photos/view?photos=f122c799-3dbe-4117-a2dd-d8315f6c9d4d%2C1a8261d5-4c98-4861-9a46-b32a819efd22%2C63efdbc1-6fa9-412e-81fc-400822b173ca
5bcc63d5-a609-4e05-a23d-141959a05b0d,2026-01-14 13:48:47 UTC,2026-01-14 14:03:28 UTC,eduardo.diamandis@zgbr.com.br,eduardo.diamandis@zgbr.com.br,2026-01-14 16:52:57 UTC,2026-01-14 16:52:57 UTC,1,,,,-13.963043333333333,-59.247816666666665,POINT (-59.247816666666665 -13.963043333333333),2026-01-14,,,,,,,,,,"Mato Grosso, Campo Novo do Parecis",Maturado (dessecado),45,15,15,15,166.666666666667,120,92,247,147,96,101,22305.5555555556,,,3. Media,50sc/ha,,1,"203780ff-a010-4cc9-bd34-956a865c8639,a065650a-bd09-407d-8452-571c645f9026,9100aa51-3de1-4eca-a4e1-c586026a4867",",,",https://web.fulcrumapp.com/photos/view?photos=203780ff-a010-4cc9-bd34-956a865c8639%2Ca065650a-bd09-407d-8452-571c645f9026%2C9100aa51-3de1-4eca-a4e1-c586026a4867
79f72d3a-7a72-45f6-a58d-c6873d684f5e,2026-01-14 14:42:19 UTC,2026-01-14 14:53:07 UTC,eduardo.diamandis@zgbr.com.br,eduardo.diamandis@zgbr.com.br,2026-01-14 16:52:58 UTC,2026-01-14 16:52:58 UTC,1,,,,-13.828298566666668,-59.60360718333333,POINT (-59.60360718333333 -13.828298566666668),2026-01-14,,,,,,,,,,"Mato Grosso, Comodoro",Enchimento de Graos,50,16,14,143,576.666666666667,228,66,150,121,278,193,99571.1111111111,,,4. Boa,60sc/ha,,1,"cbbe5cb4-2412-41d2-ba3d-ec32252ed0b0,5cef44a0-887e-4895-a7b3-c1625ece8e7d,cb8c9ddb-2592-4942-baf4-f03a97b2a660",",,",https://web.fulcrumapp.com/photos/view?photos=cbbe5cb4-2412-41d2-ba3d-ec32252ed0b0%2C5cef44a0-887e-4895-a7b3-c1625ece8e7d%2Ccb8c9ddb-2592-4942-baf4-f03a97b2a660
ca5d3a97-e33b-4b43-80ed-bf754e1224c9,2026-01-14 15:30:35 UTC,2026-01-14 15:40:28 UTC,eduardo.diamandis@zgbr.com.br,eduardo.diamandis@zgbr.com.br,2026-01-14 16:52:58 UTC,2026-01-14 16:52:58 UTC,1,,,,-13.350806493517602,-59.8928874425047,POINT (-59.8928874425047 -13.350806493517602),2026-01-14,,,,,,,,,,"Mato Grosso, Comodoro",Maturacao,50,20,13,16,163.333333333333,112,92,128,93,163,176,20797.7777777778,,,4. Boa,,,1,"dc4b6c2f-9962-458f-bc95-f411792b87fd,9d2327fb-6767-4da9-8b71-2095d6bd0288,d4ca8035-fa59-419e-9774-ff53d1be1aa3",",,",https://web.fulcrumapp.com/photos/view?photos=dc4b6c2f-9962-458f-bc95-f411792b87fd%2C9d2327fb-6767-4da9-8b71-2095d6bd0288%2Cd4ca8035-fa59-419e-9774-ff53d1be1aa3
5f532574-b791-4579-baa1-07c274a3ab43,2026-01-14 15:53:55 UTC,2026-01-14 16:04:07 UTC,eduardo.diamandis@zgbr.com.br,eduardo.diamandis@zgbr.com.br,2026-01-14 16:52:59 UTC,2026-01-14 16:52:59 UTC,1,,,,-13.00277730111701,-59.95627784159321,POINT (-59.95627784159321 -13.00277730111701),2026-01-14,,,,,,,,,,"Mato Grosso, Comodoro",Maturacao,50,20,23,17,200,82,89,170,87,96,112,21200,,,4. Boa,55sc/ha,,1,"01f913c0-2fc6-4759-9d7b-c2d6097804aa,4827af22-02f7-4700-807f-c94cd4cb293c,1b2e7b5f-e387-4db7-aa7f-2fd061bb4378",",,",https://web.fulcrumapp.com/photos/view?photos=01f913c0-2fc6-4759-9d7b-c2d6097804aa%2C4827af22-02f7-4700-807f-c94cd4cb293c%2C1b2e7b5f-e387-4db7-aa7f-2fd061bb4378
d8816cb1-0168-4f00-bb05-a2db081e3e89,2026-01-14 16:50:41 UTC,2026-01-14 16:58:49 UTC,fernando.malavolta@zgbr.com.br,fernando.malavolta@zgbr.com.br,2026-01-14 16:59:01 UTC,2026-01-14 16:59:01 UTC,1,,,,-24.6289933,-53.26557,POINT (-53.26557 -24.6289933),2026-01-14,,,,,Cafelândia,Paraná,85415-000,Brasil,Cafelândia Paraná 85415-000 Brasil,"Parana, Cafelandia",Enchimento de Graos,50,24,29,21,246.66666666666666,153,124,145,147,205,314,44728.88888888888,,,5. Excelente,,,5,"dd8d1792-51a0-41ba-9271-484a54626727,14c06d46-c6f8-40cf-a2bb-8c790eb51ce9,f112326d-f15d-4cbd-bcbd-13f0fce378a9,b9d56667-3ea4-4635-b987-325d72124b3e",",,,",https://web.fulcrumapp.com/photos/view?photos=dd8d1792-51a0-41ba-9271-484a54626727%2C14c06d46-c6f8-40cf-a2bb-8c790eb51ce9%2Cf112326d-f15d-4cbd-bcbd-13f0fce378a9%2Cb9d56667-3ea4-4635-b987-325d72124b3e
7b50dfbb-3431-4102-b328-f5260e2bffc9,2026-01-14 16:50:05 UTC,2026-01-14 17:05:42 UTC,eduardo.diamandis@zgbr.com.br,eduardo.diamandis@zgbr.com.br,2026-01-14 17:05:46 UTC,2026-01-14 17:05:46 UTC,1,,,,-12.720973729701326,-60.10736787639501,POINT (-60.10736787639501 -12.720973729701326),2026-01-14,,,,,,,,,,"Rondonia, Vilhena",Em colheita,50,26,24,25,250,114,58,145,103,97,138,27291.6666666667,,,5. Excelente,,,1,"1ac8bc53-593f-4e29-91e9-b1f93b40d2f2,cf6dbbc6-b824-4467-95f5-049d735f847d,16e3926d-c632-4836-a022-0625c9c6b2c6",",,",https://web.fulcrumapp.com/photos/view?photos=1ac8bc53-593f-4e29-91e9-b1f93b40d2f2%2Ccf6dbbc6-b824-4467-95f5-049d735f847d%2C16e3926d-c632-4836-a022-0625c9c6b2c6
bbd8146d-3d20-4fbd-a22c-ae3acb1c7deb,2026-01-14 17:17:49 UTC,2026-01-14 17:26:52 UTC,fernando.malavolta@zgbr.com.br,fernando.malavolta@zgbr.com.br,2026-01-14 17:26:56 UTC,2026-01-14 17:26:56 UTC,1,,,,-24.5244826,-53.2460937,POINT (-53.2460937 -24.5244826),2026-01-14,,Rodovia Vereador Jocelino Pereira dos Santos,,,Nova Aurora,Paraná,85410-000,Brasil,Rodovia Vereador Jocelino Pereira dos Santos Nova Aurora Paraná 85410-000 Brasil,"Parana, Nova Aurora",Enchimento de Graos,60,19,22,20,169.44444444444446,144,266,196,251,365,205,40299.537037037044,,,4. Boa,,Área em expansão urbana.,5,"eab8ca03-dc97-4620-902b-5af2e0667035,0c564ef2-260f-4d08-884d-12be451279bb,d1efeb26-1453-4e02-bbff-61d9b60d7b9c,44465641-e34e-4b11-a7d6-65e7cdd97559,d27b6ff0-94c4-451a-8948-e570f839f2d2,b5346bee-e3d1-4312-b855-2f08c272b510",",,,,,",https://web.fulcrumapp.com/photos/view?photos=eab8ca03-dc97-4620-902b-5af2e0667035%2C0c564ef2-260f-4d08-884d-12be451279bb%2Cd1efeb26-1453-4e02-bbff-61d9b60d7b9c%2C44465641-e34e-4b11-a7d6-65e7cdd97559%2Cd27b6ff0-94c4-451a-8948-e570f839f2d2%2Cb5346bee-e3d1-4312-b855-2f08c272b510
f7c7093e-7d7d-4cb2-b74e-067d60027b14,2026-01-14 12:12:01 UTC,2026-01-14 12:24:44 UTC,gabriela.lopes2@chsinc.com,gabriela.lopes2@chsinc.com,2026-01-14 17:38:37 UTC,2026-01-14 17:38:37 UTC,1,,,,-15.618308684119956,-53.75204172493685,POINT (-53.75204172493685 -15.618308684119956),2026-01-14,,,,,,,,,,"Mato Grosso, Primavera do Leste",Enchimento de Graos,46,33,31,30,340.57971014492756,79,74,60,59,54,86,23386.47342995169,,,4. Boa,,Mt 383,4,"9078e9c3-564d-4aff-9167-122a8a986594,c115123a-7731-4823-887d-d8bec3c22886,8d5dea8e-b234-4a17-b184-2fae95aa42af",",,",https://web.fulcrumapp.com/photos/view?photos=9078e9c3-564d-4aff-9167-122a8a986594%2Cc115123a-7731-4823-887d-d8bec3c22886%2C8d5dea8e-b234-4a17-b184-2fae95aa42af
63e2b8dc-d233-4dd7-9049-e565455c6242,2026-01-14 12:36:48 UTC,2026-01-14 12:53:16 UTC,gabriela.lopes2@chsinc.com,gabriela.lopes2@chsinc.com,2026-01-14 17:38:39 UTC,2026-01-14 17:38:39 UTC,1,,,,-15.518301999711108,-53.75851101240295,POINT (-53.75851101240295 -15.518301999711108),2026-01-14,,,,,,,,,,"Mato Grosso, Primavera do Leste",Enchimento de Graos,49,20,19,15,183.6734693877551,75,160,306,119,125,157,28836.734693877548,,,4. Boa,,,4,"4348c554-4a92-4dd7-8324-196393c2a56d,d69cc9d6-52ce-44d0-a0e8-ec5eacd1c3ec,7c2f1303-6c27-4c3d-8cb1-2dfb6c6e7700",",,",https://web.fulcrumapp.com/photos/view?photos=4348c554-4a92-4dd7-8324-196393c2a56d%2Cd69cc9d6-52ce-44d0-a0e8-ec5eacd1c3ec%2C7c2f1303-6c27-4c3d-8cb1-2dfb6c6e7700
6b58a1d5-fe9c-4eb4-955b-628271cb5254,2026-01-14 12:58:16 UTC,2026-01-14 13:20:51 UTC,gabriela.lopes2@chsinc.com,gabriela.lopes2@chsinc.com,2026-01-14 17:38:39 UTC,2026-01-14 17:38:39 UTC,1,,,,-15.422999758561765,-53.737508599102796,POINT (-53.737508599102796 -15.422999758561765),2026-01-14,,,,,,,,,,"Mato Grosso, Primavera do Leste",Maturacao,42,21,21,22,253.96825396825398,70,94,77,51,110,80,20402.116402116404,,,4. Boa,,,4,"f3e436c5-b15e-40cf-86fa-8d59c20fc6e6,260281b5-23a1-4a45-8601-951ec2b1deb9,22e6835f-49f6-4814-87fe-ec0186e2a041",",,",https://web.fulcrumapp.com/photos/view?photos=f3e436c5-b15e-40cf-86fa-8d59c20fc6e6%2C260281b5-23a1-4a45-8601-951ec2b1deb9%2C22e6835f-49f6-4814-87fe-ec0186e2a041
43816147-07a1-41c9-b976-70e909f5c5b4,2026-01-14 13:20:54 UTC,2026-01-14 13:29:20 UTC,gabriela.lopes2@chsinc.com,gabriela.lopes2@chsinc.com,2026-01-14 17:38:40 UTC,2026-01-14 17:38:40 UTC,1,,,,-15.354934109955432,-53.703199065236376,POINT (-53.703199065236376 -15.354934109955432),2026-01-14,,,,,,,,,,"Mato Grosso, Primavera do Leste",Enchimento de Graos,46,18,18,19,199.2753623188406,54,103,89,106,167,109,20857.487922705313,,,4. Boa,,,4,"6d03c343-e139-4cd3-81be-d7734faefd8f,4377d9fe-48d1-4099-9438-e19879ac30f7,638b6718-dba7-45b3-89f5-1bebfe94e0c2",",,",https://web.fulcrumapp.com/photos/view?photos=6d03c343-e139-4cd3-81be-d7734faefd8f%2C4377d9fe-48d1-4099-9438-e19879ac30f7%2C638b6718-dba7-45b3-89f5-1bebfe94e0c2
f2cf52c5-2154-4f7c-a195-208b21faca97,2026-01-14 13:46:04 UTC,2026-01-14 19:32:06 UTC,gabriela.lopes2@chsinc.com,gabriela.lopes2@chsinc.com,2026-01-14 17:38:41 UTC,2026-01-15 11:01:57 UTC,2,,,,-15.281848369132844,-53.66072406873532,POINT (-53.66072406873532 -15.281848369132844),2026-01-14,,,,,Novo São Joaquim,Mato Grosso,,Brasil,Novo São Joaquim Mato Grosso Brasil,"Mato Grosso, Novo Santo Antonio",Enchimento de Graos,48,11,13,13,128.47222222222223,131,170,163,220,154,189,21990.162037037036,,,4. Boa,,,4,"37bc336a-b393-46ce-a03b-eec078e7a936,3c0f92ec-698a-40af-a949-41b85674e662,5aedbc3b-3c24-42d1-9ecc-04965d512018",",,",https://web.fulcrumapp.com/photos/view?photos=37bc336a-b393-46ce-a03b-eec078e7a936%2C3c0f92ec-698a-40af-a949-41b85674e662%2C5aedbc3b-3c24-42d1-9ecc-04965d512018
40ef07a1-cf45-4673-bb3c-f7626d4e3d48,2026-01-14 17:49:21 UTC,2026-01-14 17:55:32 UTC,fernando.malavolta@zgbr.com.br,fernando.malavolta@zgbr.com.br,2026-01-14 18:00:31 UTC,2026-01-14 18:00:31 UTC,1,,,,-24.5544259,-53.1206523,POINT (-53.1206523 -24.5544259),2026-01-14,,,,,,,,,,"Parana, Ubirata",Maturacao,50,19,19,17,183.33333333333334,161,109,148,119,96,136,23497.222222222223,,,3. Media,,,5,"efe5d8c5-b8f6-4f40-b167-79690592afab,64a65381-df27-4287-bcea-c40c627c8621,17d47aeb-1e03-455f-9a54-f9e2751558b4",",,",https://web.fulcrumapp.com/photos/view?photos=efe5d8c5-b8f6-4f40-b167-79690592afab%2C64a65381-df27-4287-bcea-c40c627c8621%2C17d47aeb-1e03-455f-9a54-f9e2751558b4
e02dd400-184b-43fd-9a72-d3d82ac76141,2026-01-14 18:07:36 UTC,2026-01-14 18:12:51 UTC,fernando.malavolta@zgbr.com.br,fernando.malavolta@zgbr.com.br,2026-01-14 18:12:57 UTC,2026-01-14 18:12:57 UTC,1,,,,-24.5579933,-52.9939117,POINT (-52.9939117 -24.5579933),2026-01-14,318,Avenida Marcilio Daltro,,,Ubiratã,Paraná,85440-000,Brasil,318 Avenida Marcilio Daltro Ubiratã Paraná 85440-000 Brasil,"Parana, Ubirata",Maturacao,50,25,22,23,233.33333333333334,47,83,112,71,140,147,23333.333333333332,,,4. Boa,,,5,"79bee90b-322a-4fbe-9190-49f9f2a8b59a,44dc33d3-6286-4491-a575-4e9cf515c088,937c904e-37a3-42cc-8b30-c6d673bcfc20,1748d467-0f84-4a7c-b606-08899a922190,bca25973-480c-40fb-8e7b-1f6a4c9dd00d",",,,,",https://web.fulcrumapp.com/photos/view?photos=79bee90b-322a-4fbe-9190-49f9f2a8b59a%2C44dc33d3-6286-4491-a575-4e9cf515c088%2C937c904e-37a3-42cc-8b30-c6d673bcfc20%2C1748d467-0f84-4a7c-b606-08899a922190%2Cbca25973-480c-40fb-8e7b-1f6a4c9dd00d
b453e6a0-5035-469a-aca0-a6d2dc5b70d7,2026-01-14 18:17:14 UTC,2026-01-14 18:26:24 UTC,eduardo.diamandis@zgbr.com.br,eduardo.diamandis@zgbr.com.br,2026-01-14 18:26:41 UTC,2026-01-14 18:26:41 UTC,1,,,,-12.728144830073251,-60.18039751368276,POINT (-60.18039751368276 -12.728144830073251),2026-01-14,,BR364,,Vilhena,Vilhena,RO,76988-899,BR,BR364 Vilhena Vilhena RO 76988-899 BR,"Rondonia, Vilhena",Maturacao,50,24,20,25,230,40,66,104,100,117,141,21773.3333333333,,,4. Boa,60sc/ha,,1,"58807d02-63fb-47ad-8baa-5ba76ec7addb,f5f521ab-026c-4c09-9ae1-241d12e53a8d,3c1a7ca8-dc5c-47d5-84d3-c1a45c91bbf6",",,",https://web.fulcrumapp.com/photos/view?photos=58807d02-63fb-47ad-8baa-5ba76ec7addb%2Cf5f521ab-026c-4c09-9ae1-241d12e53a8d%2C3c1a7ca8-dc5c-47d5-84d3-c1a45c91bbf6
18c3d5d4-2457-4b6d-afb8-5df9e2474ea0,2026-01-14 18:28:37 UTC,2026-01-14 18:37:08 UTC,fernando.malavolta@zgbr.com.br,fernando.malavolta@zgbr.com.br,2026-01-14 18:37:22 UTC,2026-01-14 18:37:22 UTC,1,,,,-24.495145,-52.901675,POINT (-52.901675 -24.495145),2026-01-14,KM 436,BR-369,,,Ubiratã,Paraná,85440-000,Brasil,KM 436 BR-369 Ubiratã Paraná 85440-000 Brasil,"Parana, Ubirata",Maturacao,50,19,21,20,200,157,234,192,184,259,350,45866.666666666664,,,4. Boa,,,5,"e5f6f9a8-78d3-43f0-a561-49a39a32775b,ee5b5d33-64a3-4a1e-bead-29a0e9f11fbf,cf05782a-2aab-4dd9-aad2-dc86bfe88a9f,6a78b848-7ef8-4a94-ac61-9678cb873b0d",",,,",https://web.fulcrumapp.com/photos/view?photos=e5f6f9a8-78d3-43f0-a561-49a39a32775b%2Cee5b5d33-64a3-4a1e-bead-29a0e9f11fbf%2Ccf05782a-2aab-4dd9-aad2-dc86bfe88a9f%2C6a78b848-7ef8-4a94-ac61-9678cb873b0d
855dba79-027b-424d-8814-0c2cb22b2418,2026-01-14 18:48:44 UTC,2026-01-14 18:56:54 UTC,fernando.malavolta@zgbr.com.br,fernando.malavolta@zgbr.com.br,2026-01-14 18:57:30 UTC,2026-01-14 18:57:30 UTC,1,,,,-24.4107183,-52.8175183,POINT (-52.8175183 -24.4107183),2026-01-14,s/n,BR-369,,,Juranda,Paraná,87355-000,Brasil,s/n BR-369 Juranda Paraná 87355-000 Brasil,"Parana, Juranda",Maturacao,50,21,21,23,216.66666666666666,125,157,154,138,176,153,32608.333333333332,,,4. Boa,,,5,"48db46e2-cda3-4703-a406-499ddf35e3a6,72ce36c2-ef7e-4416-b8ce-856bb5d863ea,e4e71b82-3557-44d5-ad99-20778b172d10,7b085362-92a7-4299-a351-b4697e10d42d,0276b355-491a-4417-8e43-f2a7fd3926e0,4063f664-69c9-4de4-9684-bc0385e1f7f5",",,,,,",https://web.fulcrumapp.com/photos/view?photos=48db46e2-cda3-4703-a406-499ddf35e3a6%2C72ce36c2-ef7e-4416-b8ce-856bb5d863ea%2Ce4e71b82-3557-44d5-ad99-20778b172d10%2C7b085362-92a7-4299-a351-b4697e10d42d%2C0276b355-491a-4417-8e43-f2a7fd3926e0%2C4063f664-69c9-4de4-9684-bc0385e1f7f5
81ae012e-f32f-4650-9c65-f33df28774a3,2026-01-14 14:31:49 UTC,2026-01-14 14:38:33 UTC,jhonatan.negreiros@inpasa.com.br,jhonatan.negreiros@inpasa.com.br,2026-01-14 19:05:45 UTC,2026-01-14 19:05:45 UTC,1,,,,-12.070926907483255,-56.11658365470927,POINT (-56.11658365470927 -12.070926907483255),2026-01-14,,,,,,,,,,"Mato Grosso, Sinop",Maturado (dessecado),50,16,19,16,170,155,197,136,173,110,78,24055,,,4. Boa,60sc/ha,,2,"53a994c4-714b-4824-bd0d-53a555db9991,55909ab6-5a50-4261-beba-9cad341b31bf,56b88a65-7ab1-4ba7-b86e-3b316af1d2da",",,",https://web.fulcrumapp.com/photos/view?photos=53a994c4-714b-4824-bd0d-53a555db9991%2C55909ab6-5a50-4261-beba-9cad341b31bf%2C56b88a65-7ab1-4ba7-b86e-3b316af1d2da
a602ffbf-b392-48d3-942d-376f8824a543,2026-01-14 14:49:23 UTC,2026-01-14 14:57:37 UTC,jhonatan.negreiros@inpasa.com.br,jhonatan.negreiros@inpasa.com.br,2026-01-14 19:05:46 UTC,2026-01-14 19:05:46 UTC,1,,,,-11.935072056959974,-56.158628119208075,POINT (-56.158628119208075 -11.935072056959974),2026-01-14,,,,,,,,,,"Mato Grosso, Ipiranga do Norte",Enchimento de Graos,45,27,26,25,288.888888888889,108,64,49,210,39,155,30092.5925925926,,,5. Excelente,75sc/ha,,2,"3eaf7cb6-959a-4ebe-92b0-20c8e0b77f00,0dcb541d-54d6-44db-8d66-b8a2e9bfd954,4d4f8173-b359-453d-9d4b-ac944c21d7dd",",,",https://web.fulcrumapp.com/photos/view?photos=3eaf7cb6-959a-4ebe-92b0-20c8e0b77f00%2C0dcb541d-54d6-44db-8d66-b8a2e9bfd954%2C4d4f8173-b359-453d-9d4b-ac944c21d7dd
ec08671a-e9bb-4ec1-9dd2-8522ff2237be,2026-01-14 18:00:27 UTC,2026-01-14 18:06:33 UTC,jhonatan.negreiros@inpasa.com.br,jhonatan.negreiros@inpasa.com.br,2026-01-14 19:05:48 UTC,2026-01-14 19:05:48 UTC,1,,,,-11.618380746814752,-55.9752428904697,POINT (-55.9752428904697 -11.618380746814752),2026-01-14,,,,,,,,,,"Mato Grosso, Sinop",Maturado (dessecado),50,17,11,16,146.666666666667,90,108,76,172,89,123,16084.4444444444,,,3. Media,45sc/ha,,2,"f9ee346f-a443-4948-84cf-35af9ad94896,7d8b8eff-31c8-4ee7-ac87-2f959ec7ab9c,0194c81d-4f42-4863-890a-1be83ea08039",",,",https://web.fulcrumapp.com/photos/view?photos=f9ee346f-a443-4948-84cf-35af9ad94896%2C7d8b8eff-31c8-4ee7-ac87-2f959ec7ab9c%2C0194c81d-4f42-4863-890a-1be83ea08039
b106bb1f-8f3c-4560-bb8f-106407cc2914,2026-01-14 18:22:05 UTC,2026-01-14 18:30:11 UTC,jhonatan.negreiros@inpasa.com.br,jhonatan.negreiros@inpasa.com.br,2026-01-14 19:05:50 UTC,2026-01-14 19:05:50 UTC,1,,,,-11.61939936371213,-55.80586629274755,POINT (-55.80586629274755 -11.61939936371213),2026-01-14,,,,,,,,,,"Mato Grosso, Sinop",Enchimento de Graos,45,13,12,21,170.37037037037,202,134,132,105,155,128,24306.1728395062,,,4. Boa,60sc/ha,,2,"d5c0e30b-b605-4da9-b007-d23a74abdcfd,a3f9d439-aff0-4e8f-964c-8193728f4a82,dd6a4765-6908-49f9-9c64-244aebb6dace",",,",https://web.fulcrumapp.com/photos/view?photos=d5c0e30b-b605-4da9-b007-d23a74abdcfd%2Ca3f9d439-aff0-4e8f-964c-8193728f4a82%2Cdd6a4765-6908-49f9-9c64-244aebb6dace
7683f21c-43c2-4d9f-ae85-d6e14a01fd9d,2026-01-14 18:44:56 UTC,2026-01-14 18:50:47 UTC,jhonatan.negreiros@inpasa.com.br,jhonatan.negreiros@inpasa.com.br,2026-01-14 19:05:51 UTC,2026-01-14 19:05:51 UTC,1,,,,-11.668927236739298,-55.65686156018519,POINT (-55.65686156018519 -11.668927236739298),2026-01-14,,,,,,,,,,"Mato Grosso, Sinop",Enchimento de Graos,45,17,16,20,196.296296296296,152,89,83,99,100,107,20611.1111111111,,,3. Media,50sc/ha,,2,"6a257ff0-932a-40da-9572-678868005258,878a6f4a-5efb-4768-978c-d798ced96884,8ec140c3-dc27-47ac-8624-7267e17d51af",",,",https://web.fulcrumapp.com/photos/view?photos=6a257ff0-932a-40da-9572-678868005258%2C878a6f4a-5efb-4768-978c-d798ced96884%2C8ec140c3-dc27-47ac-8624-7267e17d51af
9bbb6711-ca79-4b46-8ca6-7ea624d638e3,2026-01-14 19:03:28 UTC,2026-01-14 19:10:32 UTC,jhonatan.negreiros@inpasa.com.br,jhonatan.negreiros@inpasa.com.br,2026-01-14 19:10:36 UTC,2026-01-14 19:10:36 UTC,1,,,,-11.682715696688119,-55.51974960572699,POINT (-55.51974960572699 -11.682715696688119),2026-01-14,,MT220,,Sinop,Sinop,MT,78550-970,BR,MT220 Sinop Sinop MT 78550-970 BR,"Mato Grosso, Sinop",Maturacao,50,18,21,16,183.333333333333,118,110,146,185,106,108,23619.4444444444,,,4. Boa,55sc/ha,,2,"9585280c-03d0-4cc8-a51b-9ded5e1fb836,349573bf-85a7-4182-8c53-2e3a8fbd1c0f,1249dbba-1417-4e09-a61b-dd528f90af26",",,",https://web.fulcrumapp.com/photos/view?photos=9585280c-03d0-4cc8-a51b-9ded5e1fb836%2C349573bf-85a7-4182-8c53-2e3a8fbd1c0f%2C1249dbba-1417-4e09-a61b-dd528f90af26
6cf42a6f-725f-4298-b458-d7068b833a24,2026-01-14 19:12:57 UTC,2026-01-14 19:20:50 UTC,fernando.malavolta@zgbr.com.br,fernando.malavolta@zgbr.com.br,2026-01-14 19:20:57 UTC,2026-01-14 19:20:57 UTC,1,,,,-24.3617567,-52.9225567,POINT (-52.9225567 -24.3617567),2026-01-14,,Rodovia José de Oliveira Fabrício dos Santos,,,Juranda,Paraná,87355-000,Brasil,Rodovia José de Oliveira Fabrício dos Santos Juranda Paraná 87355-000 Brasil,"Parana, Juranda",Enchimento de Graos,50,14,18,15,156.66666666666666,168,235,192,131,176,207,28957.22222222222,,,5. Excelente,,,5,"040d7d4f-26d0-4570-91ef-e3aad577c634,062dbff0-5492-4ba8-a315-42dce9b4eff1,fa25356c-bd7d-4331-b007-8d4d77c9773b,e05060f3-be02-48b8-859e-2fd9aa770c23",",,,",https://web.fulcrumapp.com/photos/view?photos=040d7d4f-26d0-4570-91ef-e3aad577c634%2C062dbff0-5492-4ba8-a315-42dce9b4eff1%2Cfa25356c-bd7d-4331-b007-8d4d77c9773b%2Ce05060f3-be02-48b8-859e-2fd9aa770c23
d9f2cea2-4141-41ae-93b5-31d3de70785b,2026-01-14 19:34:54 UTC,2026-01-14 19:40:53 UTC,fernando.malavolta@zgbr.com.br,fernando.malavolta@zgbr.com.br,2026-01-14 19:40:58 UTC,2026-01-14 19:40:58 UTC,1,,,,-24.2681178,-52.9644116,POINT (-52.9644116 -24.2681178),2026-01-14,11,PR-472,,,Rancho Alegre D'Oeste,Paraná,87395-000,Brasil,11 PR-472 Rancho Alegre D'Oeste Paraná 87395-000 Brasil,"Parana, Rancho Alegre D'Oeste",Enchimento de Graos,45,28,26,25,292.59259259259255,183,183,157,145,239,231,55495.061728395056,,,5. Excelente,,,5,"b03b684d-b96a-49d5-af52-333fde530e20,737cccb6-f25a-464c-b686-f7330c5cfb07,c6c54f6f-b7d0-4433-8266-3adb46b34f5f,a17a57e8-f35c-44c6-872c-66b2dac85502",",,,",https://web.fulcrumapp.com/photos/view?photos=b03b684d-b96a-49d5-af52-333fde530e20%2C737cccb6-f25a-464c-b686-f7330c5cfb07%2Cc6c54f6f-b7d0-4433-8266-3adb46b34f5f%2Ca17a57e8-f35c-44c6-872c-66b2dac85502
922f330e-446a-409a-b276-ff1c820cf4cf,2026-01-14 17:08:53 UTC,2026-01-14 17:27:00 UTC,lucas.macedo@viterra.com,lucas.macedo@viterra.com,2026-01-14 20:17:16 UTC,2026-01-14 20:17:16 UTC,1,,,,-13.48157147238838,-55.138382649760466,POINT (-55.138382649760466 -13.48157147238838),2026-01-14,,,,Sorriso,Sorriso,MT,78899-200,BR,Sorriso Sorriso MT 78899-200 BR,"Mato Grosso, Nova Ubirata",Maturacao,50,17,17,18,173.333333333333,282,156,183,150,135,135,30073.3333333333,,,5. Excelente,65sc/ha,,3,"e20225b1-0834-43b8-b80b-26241385e0f6,80d981eb-e574-4a66-bb75-3ed8343ccd96,5798fabb-6368-4859-a608-db68023aa72f,a5e169f9-46c8-4854-a2ad-55f7db51315d",",,,",https://web.fulcrumapp.com/photos/view?photos=e20225b1-0834-43b8-b80b-26241385e0f6%2C80d981eb-e574-4a66-bb75-3ed8343ccd96%2C5798fabb-6368-4859-a608-db68023aa72f%2Ca5e169f9-46c8-4854-a2ad-55f7db51315d
da40ac39-a6a8-4c33-8a91-4a23cef8db62,2026-01-14 17:29:47 UTC,2026-01-14 17:50:16 UTC,lucas.macedo@viterra.com,lucas.macedo@viterra.com,2026-01-14 20:17:16 UTC,2026-01-14 20:17:16 UTC,1,,,,-13.39592090138667,-55.080404802394085,POINT (-55.080404802394085 -13.39592090138667),2026-01-14,,,,,,,,,,"Mato Grosso, Nova Ubirata",Maturacao,50,23,22,18,210,171,177,195,228,153,129,36855,,,4. Boa,65sc/ha,,3,"052b75d8-d44c-4e9a-9cc9-bde852e9ff26,b86b6ab0-5bc6-4322-8d03-5485c7854198,231f8c4f-eeee-4ca5-93bb-0a3cb24b3054,f0d28143-882b-48f7-b0f5-1a29e4334a62",",,,",https://web.fulcrumapp.com/photos/view?photos=052b75d8-d44c-4e9a-9cc9-bde852e9ff26%2Cb86b6ab0-5bc6-4322-8d03-5485c7854198%2C231f8c4f-eeee-4ca5-93bb-0a3cb24b3054%2Cf0d28143-882b-48f7-b0f5-1a29e4334a62
067b63ae-2cf4-4bc3-a49a-fcfe5d87f7d8,2026-01-14 19:24:37 UTC,2026-01-14 19:31:38 UTC,gabriela.lopes2@chsinc.com,gabriela.lopes2@chsinc.com,2026-01-15 11:02:00 UTC,2026-01-15 11:02:00 UTC,1,,,,-17.05990781956333,-54.76082981834739,POINT (-54.76082981834739 -17.05990781956333),2026-01-14,,BR-163,,,Itiquira,Mato Grosso,78790-000,Brasil,BR-163 Itiquira Mato Grosso 78790-000 Brasil,"Mato Grosso, Rondonopolis",Enchimento de Graos,28,24,26,30,476.19047619047615,29,58,64,104,84,63,31904.761904761905,,,4. Boa,70sc/ha,,4,"7dc5e98d-c07a-4ed6-9432-f6a0ea401ef9,9f147b4c-5450-497a-97ad-e4eb943f0464,44bd2ad4-a84c-4c92-9b36-c1d1c20e60fa",",,",https://web.fulcrumapp.com/photos/view?photos=7dc5e98d-c07a-4ed6-9432-f6a0ea401ef9%2C9f147b4c-5450-497a-97ad-e4eb943f0464%2C44bd2ad4-a84c-4c92-9b36-c1d1c20e60fa
d12fa010-3ff5-4e49-884b-aa16039b29b7,2026-01-14 19:38:25 UTC,2026-01-14 19:45:44 UTC,gabriela.lopes2@chsinc.com,gabriela.lopes2@chsinc.com,2026-01-15 11:02:13 UTC,2026-01-15 11:02:13 UTC,1,,,,-17.141520825830483,-54.75786114341531,POINT (-54.75786114341531 -17.141520825830483),2026-01-14,,BR-163,,,Itiquira,Mato Grosso,78790-000,Brasil,BR-163 Itiquira Mato Grosso 78790-000 Brasil,"Mato Grosso, Rondonopolis",Enchimento de Graos,52,26,21,23,224.35897435897436,61,93,70,90,66,159,20154.91452991453,,,4. Boa,45sc/ha,,4,"08ff7362-15bc-4136-b893-ee00c28d394d,812267c2-107d-453a-9eea-273468c64eaa,146db699-42d9-4744-9160-299be688b4c5",",,",https://web.fulcrumapp.com/photos/view?photos=08ff7362-15bc-4136-b893-ee00c28d394d%2C812267c2-107d-453a-9eea-273468c64eaa%2C146db699-42d9-4744-9160-299be688b4c5
5a794aae-8301-4a2c-8ed3-4a7ee5530b9c,2026-01-14 20:19:24 UTC,2026-01-14 20:29:26 UTC,gabriela.lopes2@chsinc.com,gabriela.lopes2@chsinc.com,2026-01-15 11:02:14 UTC,2026-01-15 11:02:14 UTC,1,,,,-17.37288520599586,-54.75811155929977,POINT (-54.75811155929977 -17.37288520599586),2026-01-14,,BR-163,,,Itiquira,Mato Grosso,78790-000,Brasil,BR-163 Itiquira Mato Grosso 78790-000 Brasil,"Mato Grosso, Rondonopolis",Enchimento de Graos,17,17,20,18,539.2156862745097,67,42,56,170,181,104,55718.954248366004,,,4. Boa,,,4,"1b658b68-2dff-4504-8d4b-b45f2d65ca79,0d26c872-93c2-4cdf-8bf6-3e73285353e6,447c294c-c395-4bdc-9f8c-ffde35c14c7b",",,",https://web.fulcrumapp.com/photos/view?photos=1b658b68-2dff-4504-8d4b-b45f2d65ca79%2C0d26c872-93c2-4cdf-8bf6-3e73285353e6%2C447c294c-c395-4bdc-9f8c-ffde35c14c7b
862b8c4d-e08c-4161-b55b-d036837f2f86,2026-01-14 20:45:48 UTC,2026-01-14 21:02:37 UTC,gabriela.lopes2@chsinc.com,gabriela.lopes2@chsinc.com,2026-01-15 11:02:15 UTC,2026-01-15 11:02:15 UTC,1,,,,-17.37288520599586,-54.75811155929977,POINT (-54.75811155929977 -17.37288520599586),2026-01-14,,BR-163,,,Itiquira,Mato Grosso,78790-000,Brasil,BR-163 Itiquira Mato Grosso 78790-000 Brasil,"Mato Grosso, Rondonopolis",Enchimento de Graos,48,11,15,13,135.41666666666669,98,105,116,168,110,63,14895.833333333336,,,4. Boa,,"Muitas vagens ainda sem graos, pq está no processo de enchimento",4,"5f46ad3d-26a5-4ae2-869b-3a3831f645f7,81c67d83-27c0-473b-ac60-6e8677a93ce2,3523eeb7-c38b-4c2f-9593-a337ec2336b3",",,",https://web.fulcrumapp.com/photos/view?photos=5f46ad3d-26a5-4ae2-869b-3a3831f645f7%2C81c67d83-27c0-473b-ac60-6e8677a93ce2%2C3523eeb7-c38b-4c2f-9593-a337ec2336b3
94a535ff-022e-4b98-b298-66d3f4912d1e,2026-01-14 21:56:19 UTC,2026-01-14 22:12:05 UTC,gabriela.lopes2@chsinc.com,gabriela.lopes2@chsinc.com,2026-01-15 11:02:15 UTC,2026-01-15 11:02:15 UTC,1,,,,-16.631039434507656,-54.696079114351974,POINT (-54.696079114351974 -16.631039434507656),2026-01-14,,Rodovia Juscelino Kubitscheck,,,Rondonópolis,Mato Grosso,,Brasil,Rodovia Juscelino Kubitscheck Rondonópolis Mato Grosso Brasil,"Mato Grosso, Rondonopolis",Enchimento de Graos,50,23,17,18,193.33333333333334,30,83,104,97,95,65,15273.333333333334,,,4. Boa,,"Muitas vagens ainda sem graos formados, por isso, a estimativa está mais abaixo do que deverá ser ",4,"d7f63d9c-a11e-40dc-9c69-c6e24bc230a7,1c6e69cc-209c-4a75-a49d-4bd930b2a3e9,271e1638-1d02-49a4-858e-a4bbb14f9270",",,",https://web.fulcrumapp.com/photos/view?photos=d7f63d9c-a11e-40dc-9c69-c6e24bc230a7%2C1c6e69cc-209c-4a75-a49d-4bd930b2a3e9%2C271e1638-1d02-49a4-858e-a4bbb14f9270
c724ad78-a9ea-44e9-a136-304e48283ede,2026-01-15 11:02:21 UTC,2026-01-15 11:08:34 UTC,fernando.malavolta@zgbr.com.br,fernando.malavolta@zgbr.com.br,2026-01-15 11:08:39 UTC,2026-01-15 11:08:39 UTC,1,,,,-24.451521,-53.3301442,POINT (-53.3301442 -24.451521),2026-01-15,,PR-364,,,Iracema do Oeste,Paraná,85833-000,Brasil,PR-364 Iracema do Oeste Paraná 85833-000 Brasil,"Parana, Iracema do Oeste",Enchimento de Graos,50,12,14,17,143.33333333333334,164,222,207,201,112,243,27448.333333333332,,,5. Excelente,,,5,"3b7dd7d2-326b-465e-b0cb-63c5c5725bde,ab1cbfa8-d3c1-4177-b6c8-024bdd87a49d,271ece7c-a637-4bc9-9073-bf6ed22e57a7",",,",https://web.fulcrumapp.com/photos/view?photos=3b7dd7d2-326b-465e-b0cb-63c5c5725bde%2Cab1cbfa8-d3c1-4177-b6c8-024bdd87a49d%2C271ece7c-a637-4bc9-9073-bf6ed22e57a7
fa5a53e4-3c96-4625-9eb4-2d1c3c1a68f8,2026-01-15 10:30:20 UTC,2026-01-15 10:39:31 UTC,fernando.malavolta@zgbr.com.br,fernando.malavolta@zgbr.com.br,2026-01-15 11:44:51 UTC,2026-01-15 11:44:51 UTC,1,,,,-24.4260905,-53.1905499,POINT (-53.1905499 -24.4260905),2026-01-15,,Rodovia Vereador Jocelino Pereira dos Santos,,,Nova Aurora,Paraná,85410-000,Brasil,Rodovia Vereador Jocelino Pereira dos Santos Nova Aurora Paraná 85410-000 Brasil,"Parana, Nova Aurora",Enchimento de Graos,45,14,16,19,181.4814814814815,154,235,150,302,226,368,43404.320987654326,,,5. Excelente,,,5,"ebe8db25-d9c4-41cb-9d02-3d747f5af015,708a1239-3560-4eed-a6f0-4d6da83e4547,b5840922-e149-47e3-8ebf-c5c9578cae19",",,",https://web.fulcrumapp.com/photos/view?photos=ebe8db25-d9c4-41cb-9d02-3d747f5af015%2C708a1239-3560-4eed-a6f0-4d6da83e4547%2Cb5840922-e149-47e3-8ebf-c5c9578cae19
0235af95-0348-4a9f-8fa5-a9d1d64995ae,2026-01-15 11:44:54 UTC,2026-01-15 11:50:24 UTC,fernando.malavolta@zgbr.com.br,fernando.malavolta@zgbr.com.br,2026-01-15 11:50:27 UTC,2026-01-15 11:50:27 UTC,1,,,,-24.3759797,-53.6125211,POINT (-53.6125211 -24.3759797),2026-01-15,,,,,Assis Chateaubriand,Paraná,85935-000,Brasil,Assis Chateaubriand Paraná 85935-000 Brasil,"Parana, Assis Chateaubriand",Maturacao,50,20,30,29,263.3333333333333,112,69,84,131,112,94,26421.11111111111,,,4. Boa,,,5,"ba0bcc53-9925-48cf-923a-1ae010b8d58d,24b1ff46-69c8-4a3c-a9b7-0f85bea94a9e,bb597983-ea26-443a-a995-e82c9c7c45b1",",,",https://web.fulcrumapp.com/photos/view?photos=ba0bcc53-9925-48cf-923a-1ae010b8d58d%2C24b1ff46-69c8-4a3c-a9b7-0f85bea94a9e%2Cbb597983-ea26-443a-a995-e82c9c7c45b1
9b93e2ee-e9e6-4c7a-bb80-e46a41868fc4,2026-01-15 11:40:44 UTC,2026-01-15 11:48:13 UTC,jhonatan.negreiros@inpasa.com.br,jhonatan.negreiros@inpasa.com.br,2026-01-15 11:57:54 UTC,2026-01-15 11:57:54 UTC,1,,,,-11.89371421395133,-55.646689017758234,POINT (-55.646689017758234 -11.89371421395133),2026-01-15,,,,,,,,,,"Mato Grosso, Sinop",Enchimento de Graos,50,27,21,19,223.333333333333,134,92,85,63,192,115,25348.3333333333,,,3. Media,55sc/ha,,2,"9342f680-16a9-43f8-8f6b-fcbaff191948,2b72a3b9-3842-4234-a24e-538814d69716,6baa2f87-0f8a-47a5-888a-476e38114bf0",",,",https://web.fulcrumapp.com/photos/view?photos=9342f680-16a9-43f8-8f6b-fcbaff191948%2C2b72a3b9-3842-4234-a24e-538814d69716%2C6baa2f87-0f8a-47a5-888a-476e38114bf0
217e6b01-4bf0-472f-8ffe-b44bd4718e19,2026-01-15 12:01:04 UTC,2026-01-15 12:07:18 UTC,fernando.malavolta@zgbr.com.br,fernando.malavolta@zgbr.com.br,2026-01-15 12:10:37 UTC,2026-01-15 12:10:37 UTC,1,,,,-24.406853,-53.704813,POINT (-53.704813 -24.406853),2026-01-15,,Rodovia Deputado Edilson Alencar,,,Palotina,Paraná,85955-000,Brasil,Rodovia Deputado Edilson Alencar Palotina Paraná 85955-000 Brasil,"Parana, Palotina",Maturacao,50,26,26,27,263.3333333333333,146,137,147,103,186,133,37393.33333333333,,,5. Excelente,,,5,"79632567-5c65-4fb3-a64c-b2412393460a,b2fc4994-10f2-4c01-9e0d-e38d1524b3d1,a900a6b1-714a-4282-ae49-d12086f7f3cd",",,",https://web.fulcrumapp.com/photos/view?photos=79632567-5c65-4fb3-a64c-b2412393460a%2Cb2fc4994-10f2-4c01-9e0d-e38d1524b3d1%2Ca900a6b1-714a-4282-ae49-d12086f7f3cd
c295f5fe-3678-4630-9aaa-b665e2740faa,2026-01-15 12:06:22 UTC,2026-01-15 12:12:11 UTC,jhonatan.negreiros@inpasa.com.br,jhonatan.negreiros@inpasa.com.br,2026-01-15 12:13:39 UTC,2026-01-15 12:13:39 UTC,1,,,,-11.905695707548322,-55.79246174549292,POINT (-55.79246174549292 -11.905695707548322),2026-01-15,,MT222,,Sorriso,Sorriso (Mato Grosso),MT,78550-000,BR,MT222 Sorriso Sorriso (Mato Grosso) MT 78550-000 BR,"Mato Grosso, Sorriso",Em colheita,50,33,24,21,260,164,105,92,85,143,79,28946.6666666667,,,5. Excelente,70sc/ha,PGM 150 ,2,"6cd747e7-c581-40a5-b116-3736814534fc,352f35e1-9d47-492f-9307-ff0265beb4db,29641fdf-ea27-47f6-a56f-c2ef3c349f56",",,",https://web.fulcrumapp.com/photos/view?photos=6cd747e7-c581-40a5-b116-3736814534fc%2C352f35e1-9d47-492f-9307-ff0265beb4db%2C29641fdf-ea27-47f6-a56f-c2ef3c349f56
676564ee-8daf-46be-acec-860218c56d19,2026-01-15 12:16:20 UTC,2026-01-15 12:20:57 UTC,fernando.malavolta@zgbr.com.br,fernando.malavolta@zgbr.com.br,2026-01-15 12:21:00 UTC,2026-01-15 12:21:00 UTC,1,,,,-24.311242,-53.7518593,POINT (-53.7518593 -24.311242),2026-01-15,,Rodovia Deputado Edilson Alencar,,,Palotina,Paraná,85950-000,Brasil,Rodovia Deputado Edilson Alencar Palotina Paraná 85950-000 Brasil,"Parana, Palotina",Maturado (dessecado),50,17,19,22,193.33333333333334,106,153,155,221,146,127,29257.77777777778,,,5. Excelente,,,5,"8537c626-1227-41bb-8ce9-afd5c52637f2,e2df1ea9-051d-44dc-b4ad-f17a0a0a47e1,50c0c313-c3e0-407f-8545-f1d07e251d78",",,",https://web.fulcrumapp.com/photos/view?photos=8537c626-1227-41bb-8ce9-afd5c52637f2%2Ce2df1ea9-051d-44dc-b4ad-f17a0a0a47e1%2C50c0c313-c3e0-407f-8545-f1d07e251d78
3bee68d8-b977-416d-96a8-df0ee9243bcd,2026-01-15 12:32:23 UTC,2026-01-15 12:39:42 UTC,jhonatan.negreiros@inpasa.com.br,jhonatan.negreiros@inpasa.com.br,2026-01-15 12:39:12 UTC,2026-01-15 12:39:44 UTC,2,,,,-11.894100895162573,-55.925213992647755,POINT (-55.925213992647755 -11.894100895162573),2026-01-15,,MT222,,Ipiranga Do Norte,Sorriso (Mato Grosso),MT,78563-000,BR,MT222 Ipiranga Do Norte Sorriso (Mato Grosso) MT 78563-000 BR,"Mato Grosso, Ipiranga do Norte",Maturado (dessecado),50,18,13,17,160,127,137,142,177,157,126,23093.3333333333,,,4. Boa,65sc/ha,,2,"af94c47c-7333-4410-9ed5-83ba8dbc6919,04fbc4ba-9d80-4e46-9fd6-e31ce72f5562,6db0eb87-6b63-4a8b-99be-18d4e911a0b6",",,",https://web.fulcrumapp.com/photos/view?photos=af94c47c-7333-4410-9ed5-83ba8dbc6919%2C04fbc4ba-9d80-4e46-9fd6-e31ce72f5562%2C6db0eb87-6b63-4a8b-99be-18d4e911a0b6
2b058e41-269a-4f32-8a92-f531763e46a3,2026-01-15 13:14:12 UTC,2026-01-15 13:19:39 UTC,fernando.malavolta@zgbr.com.br,fernando.malavolta@zgbr.com.br,2026-01-15 13:19:44 UTC,2026-01-15 13:19:44 UTC,1,,,,-24.1036211,-54.097989,POINT (-54.097989 -24.1036211),2026-01-15,,PR-496,,,Terra Roxa,Paraná,85990-000,Brasil,PR-496 Terra Roxa Paraná 85990-000 Brasil,"Parana, Terra Roxa",Maturacao,50,12,21,19,173.33333333333334,68,138,125,148,72,146,20135.55555555556,,,4. Boa,,,5,"4e09182c-ad41-4d1d-a14e-ea1e4c453887,95a72f79-ad97-41c9-8802-57e17a19111a,eb2d71e2-03d8-43d8-bf0f-d159ebff1023",",,",https://web.fulcrumapp.com/photos/view?photos=4e09182c-ad41-4d1d-a14e-ea1e4c453887%2C95a72f79-ad97-41c9-8802-57e17a19111a%2Ceb2d71e2-03d8-43d8-bf0f-d159ebff1023
3a5fdf8c-ce56-4d88-91b4-20189fe9e86f,2026-01-15 12:18:55 UTC,2026-01-15 12:41:09 UTC,gabriela.lopes2@chsinc.com,gabriela.lopes2@chsinc.com,2026-01-15 14:09:07 UTC,2026-01-15 14:09:07 UTC,1,,,,-17.222878495558515,-54.75943930336019,POINT (-54.75943930336019 -17.222878495558515),2026-01-15,,BR-163,,,Itiquira,Mato Grosso,78790-000,Brasil,BR-163 Itiquira Mato Grosso 78790-000 Brasil,"Mato Grosso, Rondonopolis",Enchimento de Graos,53,22,21,20,198.11320754716976,15,94,92,175,217,235,27339.622641509428,,,4. Boa,,,4,"b5e46e6d-eddb-456a-8837-be4d9003dbe5,fd1ade73-e921-47e8-b865-165a47fe9b46,f59bb461-de4f-4132-8466-805b3d10ee68",",,",https://web.fulcrumapp.com/photos/view?photos=b5e46e6d-eddb-456a-8837-be4d9003dbe5%2Cfd1ade73-e921-47e8-b865-165a47fe9b46%2Cf59bb461-de4f-4132-8466-805b3d10ee68
8efca9ef-30b2-4363-81d9-92ae015b7ccd,2026-01-15 13:16:38 UTC,2026-01-15 13:31:21 UTC,gabriela.lopes2@chsinc.com,gabriela.lopes2@chsinc.com,2026-01-15 14:09:08 UTC,2026-01-15 14:09:08 UTC,1,,,,-17.612103470219726,-54.652046139265025,POINT (-54.652046139265025 -17.612103470219726),2026-01-15,,MS-213,,,Sonora,Mato Grosso do Sul,79415-000,Brasil,MS-213 Sonora Mato Grosso do Sul 79415-000 Brasil,"Mato Grosso do Sul, Sonora",Enchimento de Graos,39,19,17,17,226.49572649572647,155,110,80,163,104,229,31747.150997150995,,,5. Excelente,,,4,"9b60fdbe-1486-47b3-8a80-276a8862212b,3107064e-89e8-43b6-be39-76c99337b5ec,cb3d070b-7710-44db-8713-8b54be420693",",,",https://web.fulcrumapp.com/photos/view?photos=9b60fdbe-1486-47b3-8a80-276a8862212b%2C3107064e-89e8-43b6-be39-76c99337b5ec%2Ccb3d070b-7710-44db-8713-8b54be420693
96c79aca-d88d-4615-9ac6-bedcbb46f708,2026-01-15 13:54:51 UTC,2026-01-15 14:05:34 UTC,gabriela.lopes2@chsinc.com,gabriela.lopes2@chsinc.com,2026-01-15 14:09:08 UTC,2026-01-15 14:09:08 UTC,1,,,,-17.682356974505478,-54.746825430532006,POINT (-54.746825430532006 -17.682356974505478),2026-01-15,,BR-163,,,Sonora,Mato Grosso do Sul,79415-000,Brasil,BR-163 Sonora Mato Grosso do Sul 79415-000 Brasil,"Mato Grosso do Sul, Sonora",Desenv. Vegetativo,0,0,0,0,,0,0,0,0,0,0,,,,4. Boa,,"O ponto indicado não tinha soja, tratava-se de uma área de cana, como pode ser visto na imagem abaixo",4,"a03d9a48-0853-4822-8e31-c70bebb38c9b,4092ee35-79af-4233-9911-074e478a2d50",",",https://web.fulcrumapp.com/photos/view?photos=a03d9a48-0853-4822-8e31-c70bebb38c9b%2C4092ee35-79af-4233-9911-074e478a2d50
069b9992-0e30-43d4-b4f3-d7b175a0a903,2026-01-15 14:05:36 UTC,2026-01-15 14:08:39 UTC,gabriela.lopes2@chsinc.com,gabriela.lopes2@chsinc.com,2026-01-15 14:09:09 UTC,2026-01-15 14:09:09 UTC,1,,,,-17.586655400984657,-54.74333949098082,POINT (-54.74333949098082 -17.586655400984657),2026-01-15,,BR-163,,,Sonora,Mato Grosso do Sul,79415-000,Brasil,BR-163 Sonora Mato Grosso do Sul 79415-000 Brasil,"Mato Grosso do Sul, Sonora",Desenv. Vegetativo,0,0,0,0,,0,0,0,0,0,0,,,,4. Boa,,"Não havia soja nesse ponto. Como pode ser visto nas imagens abaixo, trata-se de área de cana",4,"3a7b87ee-b94e-4e69-a655-3674d62640e5,6bafd087-8417-43c5-ab42-d7e85e50b195",",",https://web.fulcrumapp.com/photos/view?photos=3a7b87ee-b94e-4e69-a655-3674d62640e5%2C6bafd087-8417-43c5-ab42-d7e85e50b195
698ff0fe-8001-45bc-8025-6b23ecbb7d1e,2026-01-15 14:14:27 UTC,2026-01-15 14:16:55 UTC,gabriela.lopes2@chsinc.com,gabriela.lopes2@chsinc.com,2026-01-15 14:17:05 UTC,2026-01-15 14:17:05 UTC,1,,,,-17.494354377604036,-54.73861811706711,POINT (-54.73861811706711 -17.494354377604036),2026-01-15,,BR-163,,,Itiquira,Mato Grosso,78790-000,Brasil,BR-163 Itiquira Mato Grosso 78790-000 Brasil,"Mato Grosso, Rondonopolis",Desenv. Vegetativo,0,0,0,0,,0,0,0,0,0,0,,,,4. Boa,,"Não havia soja na área, como pode ser visto nas imagens abaixo. Na área havia apenas cana de açúcar ",4,"752f4134-0bc7-4890-bcfa-2b11d07a10a7,e451ae5b-baed-45df-8030-9b3127e78146",",",https://web.fulcrumapp.com/photos/view?photos=752f4134-0bc7-4890-bcfa-2b11d07a10a7%2Ce451ae5b-baed-45df-8030-9b3127e78146
5e832c3f-f620-43e1-82e9-fb3bfa469917,2026-01-15 13:32:05 UTC,2026-01-15 13:48:21 UTC,lucas.macedo@viterra.com,lucas.macedo@viterra.com,2026-01-15 14:26:57 UTC,2026-01-15 14:26:57 UTC,1,,,,-13.532548765664485,-55.12979736556777,POINT (-55.12979736556777 -13.532548765664485),2026-01-15,,,,Sorriso,Sorriso,MT,78578-000,BR,Sorriso Sorriso MT 78578-000 BR,"Mato Grosso, Nova Ubirata",Maturado (dessecado),50,15,18,18,170,173,147,258,68,132,90,24593.3333333333,,,4. Boa,55sc/ha,,3,"ce31d051-fc0a-4bf9-ae88-393ef962262d,0b6f1331-315d-41d8-b925-7aab378ca30f,1ca2ea29-a3b0-472f-a4bc-c580debaeca7,22eea5d5-22d3-46e7-9914-037bad9f7b5b",",,,",https://web.fulcrumapp.com/photos/view?photos=ce31d051-fc0a-4bf9-ae88-393ef962262d%2C0b6f1331-315d-41d8-b925-7aab378ca30f%2C1ca2ea29-a3b0-472f-a4bc-c580debaeca7%2C22eea5d5-22d3-46e7-9914-037bad9f7b5b
9b2756cc-e7b6-40e5-8727-4f831ef6a3a7,2026-01-15 14:04:01 UTC,2026-01-15 14:27:21 UTC,lucas.macedo@viterra.com,lucas.macedo@viterra.com,2026-01-15 14:27:23 UTC,2026-01-15 14:27:23 UTC,1,,,,-13.705199053259332,-55.23004426815676,POINT (-55.23004426815676 -13.705199053259332),2026-01-15,,,,Santa Rita Do Trivelato,Sorriso,MT,78453-000,BR,Santa Rita Do Trivelato Sorriso MT 78453-000 BR,"Mato Grosso, Santa Rita do Trivelato",Maturacao,50,9,16,16,136.666666666667,183,228,195,180,273,246,29725,,,3. Media,60sc/ha,"Presença de raspagem, muitas daninhas, percevejo e lagartos. Area que teve adubacao verde mas pareceu nao responder.",3,"4cb79263-5a62-4c41-9d71-b8c5772272c2,984da8ae-5e67-412d-bb75-cafe1a4829e7,018b6cdf-d763-433b-918e-d70008f373b4,8e5d4abd-212f-4501-8ec9-48239e3c9e11,676d82bf-250d-4dc5-b9bc-c7cfde2c8786",",,,,",https://web.fulcrumapp.com/photos/view?photos=4cb79263-5a62-4c41-9d71-b8c5772272c2%2C984da8ae-5e67-412d-bb75-cafe1a4829e7%2C018b6cdf-d763-433b-918e-d70008f373b4%2C8e5d4abd-212f-4501-8ec9-48239e3c9e11%2C676d82bf-250d-4dc5-b9bc-c7cfde2c8786
86a7ae54-716f-4c61-814b-8de2875236b3,2026-01-15 14:04:10 UTC,2026-01-15 14:10:32 UTC,fernando.malavolta@zgbr.com.br,fernando.malavolta@zgbr.com.br,2026-01-15 14:32:05 UTC,2026-01-15 14:32:05 UTC,1,,,,-23.9474279,-54.3130262,POINT (-54.3130262 -23.9474279),2026-01-15,,,,,,,,,,"Mato Grosso do Sul, Mundo Novo",Maturado (dessecado),50,20,20,18,193.33333333333334,113,115,144,147,121,117,24392.222222222223,,,1. Muito Ruim,,,5,"9461af7e-71b7-45f8-a30c-786051d3ff3b,c1324a4b-9478-44fa-a83e-596185e5cae9,c9c3ee22-67bf-4abf-afb3-7c39382309e3,dd23d3b7-de2e-43d2-9537-4862578ad041",",,,",https://web.fulcrumapp.com/photos/view?photos=9461af7e-71b7-45f8-a30c-786051d3ff3b%2Cc1324a4b-9478-44fa-a83e-596185e5cae9%2Cc9c3ee22-67bf-4abf-afb3-7c39382309e3%2Cdd23d3b7-de2e-43d2-9537-4862578ad041
0ad9e6f5-7e3d-44bf-9197-0f64bd95ccfd,2026-01-15 14:31:42 UTC,2026-01-15 14:38:18 UTC,fernando.malavolta@zgbr.com.br,fernando.malavolta@zgbr.com.br,2026-01-15 14:38:21 UTC,2026-01-15 14:38:21 UTC,1,,,,-23.819405,-54.3286833,POINT (-54.3286833 -23.819405),2026-01-15,,,,,Guaíra,Paraná,85980-000,Brasil,Guaíra Paraná 85980-000 Brasil,"Mato Grosso do Sul, Eldorado",Enchimento de Graos,50,29,25,16,233.33333333333334,240,247,425,152,141,125,51722.222222222226,,,4. Boa,,,5,"4a4223e0-68e0-4d13-b018-0b2e30b3b31a,d1b20f66-504f-4234-a55a-a93a31363cb9,1672a500-dada-459d-aa0c-2e8747b512f0,a6175a9b-733c-487c-b565-5ce77a1b3661",",,,",https://web.fulcrumapp.com/photos/view?photos=4a4223e0-68e0-4d13-b018-0b2e30b3b31a%2Cd1b20f66-504f-4234-a55a-a93a31363cb9%2C1672a500-dada-459d-aa0c-2e8747b512f0%2Ca6175a9b-733c-487c-b565-5ce77a1b3661
da9f9098-45ad-4f81-bd1c-543955215107,2026-01-15 14:27:36 UTC,2026-01-15 14:44:30 UTC,lucas.macedo@viterra.com,lucas.macedo@viterra.com,2026-01-15 14:44:33 UTC,2026-01-15 14:44:33 UTC,1,,,,-13.81839890499955,-55.26633806531808,POINT (-55.26633806531808 -13.81839890499955),2026-01-15,,MT235,,Santa Rita Do Trivelato,Sorriso,MT,78453-000,BR,MT235 Santa Rita Do Trivelato Sorriso MT 78453-000 BR,"Mato Grosso, Santa Rita do Trivelato",Maturado (dessecado),50,18,19,22,196.666666666667,150,165,141,126,129,105,26746.6666666667,,,4. Boa,65sc/ha,,3,"f1015558-8dbc-4739-bd3e-c5e6f36738b8,cbf031fe-43cf-420b-8201-00d258e4fe35,413208ed-99f3-4b92-9e6e-c4cc2e9f6f64,6625dcab-d25c-4eb8-a72b-53a03fa28e6c",",,,",https://web.fulcrumapp.com/photos/view?photos=f1015558-8dbc-4739-bd3e-c5e6f36738b8%2Ccbf031fe-43cf-420b-8201-00d258e4fe35%2C413208ed-99f3-4b92-9e6e-c4cc2e9f6f64%2C6625dcab-d25c-4eb8-a72b-53a03fa28e6c
1dff30d5-2dd5-4303-8041-bcac14fbc4bf,2026-01-15 12:57:31 UTC,2026-01-15 13:03:31 UTC,jhonatan.negreiros@inpasa.com.br,jhonatan.negreiros@inpasa.com.br,2026-01-15 14:51:55 UTC,2026-01-15 14:51:55 UTC,1,,,,-11.905724251532023,-56.04440646247882,POINT (-56.04440646247882 -11.905724251532023),2026-01-15,,,,,,,,,,"Mato Grosso, Ipiranga do Norte",Enchimento de Graos,50,17,15,14,153.333333333333,185,151,117,177,185,125,24022.2222222222,,,5. Excelente,65sc/ha,,2,"1644de56-8bbc-4b7c-9bcb-51f196068fe0,0bf3f245-6186-4774-9021-af03c923f66a,6224c782-abee-48aa-b674-99c0a54f38ad",",,",https://web.fulcrumapp.com/photos/view?photos=1644de56-8bbc-4b7c-9bcb-51f196068fe0%2C0bf3f245-6186-4774-9021-af03c923f66a%2C6224c782-abee-48aa-b674-99c0a54f38ad
90272277-8105-42eb-b898-933caa8a3970,2026-01-15 13:22:29 UTC,2026-01-15 13:29:19 UTC,jhonatan.negreiros@inpasa.com.br,jhonatan.negreiros@inpasa.com.br,2026-01-15 14:51:55 UTC,2026-01-15 14:51:55 UTC,1,,,,-11.87361736783001,-56.15876834844813,POINT (-56.15876834844813 -11.87361736783001),2026-01-15,,,,,,,,,,"Mato Grosso, Ipiranga do Norte",Maturacao,50,11,12,12,116.666666666667,162,143,278,126,255,184,22322.2222222222,,,5. Excelente,60sc/ha,,2,"9e2ba79e-b885-47b4-b38a-4f1ef8e93c04,da8008e0-48df-42d5-a85f-820c49c9143d,3d75e7aa-c3b5-45f8-ac80-854537b887e7",",,",https://web.fulcrumapp.com/photos/view?photos=9e2ba79e-b885-47b4-b38a-4f1ef8e93c04%2Cda8008e0-48df-42d5-a85f-820c49c9143d%2C3d75e7aa-c3b5-45f8-ac80-854537b887e7
186fd28d-9797-4778-8d54-8c1005362a53,2026-01-15 13:55:22 UTC,2026-01-15 14:01:44 UTC,jhonatan.negreiros@inpasa.com.br,jhonatan.negreiros@inpasa.com.br,2026-01-15 14:51:56 UTC,2026-01-15 14:51:56 UTC,1,,,,-11.64244246670198,-56.16601693449184,POINT (-56.16601693449184 -11.64244246670198),2026-01-15,,,,,,,,,,"Mato Grosso, Ipiranga do Norte",Enchimento de Graos,50,17,20,14,170,102,78,116,225,199,58,22043.3333333333,,,4. Boa,55sc/ha,,2,"caa86f90-ad59-4bd0-b896-f6c3e7633f15,fa944fdc-a999-478f-9a8d-f88f44d8bb5e,e2f377a1-5db2-4d23-ad77-3927883b7a06",",,",https://web.fulcrumapp.com/photos/view?photos=caa86f90-ad59-4bd0-b896-f6c3e7633f15%2Cfa944fdc-a999-478f-9a8d-f88f44d8bb5e%2Ce2f377a1-5db2-4d23-ad77-3927883b7a06
28da7118-9e30-4bfa-a00b-1418760dff9d,2026-01-15 14:14:44 UTC,2026-01-15 14:20:51 UTC,jhonatan.negreiros@inpasa.com.br,jhonatan.negreiros@inpasa.com.br,2026-01-15 14:51:56 UTC,2026-01-15 14:51:56 UTC,1,,,,-11.581221171665547,-56.3273650501448,POINT (-56.3273650501448 -11.581221171665547),2026-01-15,,,,,,,,,,"Mato Grosso, Tabapora",Maturacao,50,22,28,25,250,162,84,87,115,96,83,26125,,,4. Boa,65sc/ha,,2,"f3cab29d-b681-431e-89ae-e5eb2667d865,384115d9-856a-412e-9a8e-04102419741e,65c242df-8824-47fe-a1bb-f1d2468c5a04",",,",https://web.fulcrumapp.com/photos/view?photos=f3cab29d-b681-431e-89ae-e5eb2667d865%2C384115d9-856a-412e-9a8e-04102419741e%2C65c242df-8824-47fe-a1bb-f1d2468c5a04
ce88cc2e-2475-4d91-ac5c-72df2a39dd91,2026-01-15 14:31:15 UTC,2026-01-15 14:37:57 UTC,jhonatan.negreiros@inpasa.com.br,jhonatan.negreiros@inpasa.com.br,2026-01-15 14:51:57 UTC,2026-01-15 14:51:57 UTC,1,,,,-11.553294007890866,-56.47017933690252,POINT (-56.47017933690252 -11.553294007890866),2026-01-15,,,,,,,,,,"Mato Grosso, Tabapora",Maturado (dessecado),50,15,13,15,143.333333333333,112,176,267,182,183,87,24056.1111111111,,,4. Boa,65sc/ha,,2,"c225c49b-373b-4231-8da5-14d19d036bda,25f59002-fc18-44b6-8979-82b19bf8d1b9,37956af0-9db8-4d24-a7ad-6678b3071778",",,",https://web.fulcrumapp.com/photos/view?photos=c225c49b-373b-4231-8da5-14d19d036bda%2C25f59002-fc18-44b6-8979-82b19bf8d1b9%2C37956af0-9db8-4d24-a7ad-6678b3071778
2b726f19-612a-4cb8-897e-408dee381a46,2026-01-15 14:45:35 UTC,2026-01-15 14:52:14 UTC,jhonatan.negreiros@inpasa.com.br,jhonatan.negreiros@inpasa.com.br,2026-01-15 14:52:17 UTC,2026-01-15 14:52:17 UTC,1,,,,-11.553322970877916,-56.57920058821941,POINT (-56.57920058821941 -11.553322970877916),2026-01-15,,MT220,,Porto Dos Gaúchos,Juara,MT,78563-000,BR,MT220 Porto Dos Gaúchos Juara MT 78563-000 BR,"Mato Grosso, Porto dos Gauchos",Enchimento de Graos,50,17,16,13,153.333333333333,121,165,140,148,72,167,20776.6666666667,,,4. Boa,55sc/ha,,2,"db1e8e23-a1de-4567-8f79-fb484c0c06ce,a99b5407-a0bd-4389-a146-a740afd69967,b4328ff7-7859-4d90-bf4a-4debbae3eada",",,",https://web.fulcrumapp.com/photos/view?photos=db1e8e23-a1de-4567-8f79-fb484c0c06ce%2Ca99b5407-a0bd-4389-a146-a740afd69967%2Cb4328ff7-7859-4d90-bf4a-4debbae3eada
d09ad448-5334-452d-bbab-c6c4703e20e3,2026-01-15 14:51:25 UTC,2026-01-15 15:06:04 UTC,lucas.macedo@viterra.com,lucas.macedo@viterra.com,2026-01-15 15:06:06 UTC,2026-01-15 15:06:06 UTC,1,,,,-13.870851799999999,-55.34503190000001,POINT (-55.34503190000001 -13.870851799999999),2026-01-15,,,,,,,,,,"Mato Grosso, Santa Rita do Trivelato",Em colheita,50,18,18,20,186.666666666667,165,141,150,201,147,126,28933.3333333333,,,4. Boa,65sc/ha,,3,"bd5a77c1-d37b-4aa6-a335-d349de6dfe45,3779d66c-979c-4f5f-a624-b1a62104cbf4,7812fd57-19cc-44fb-8e1a-a6a77f25be15,51748333-6294-4f20-bb3a-1de87d8f1923",",,,",https://web.fulcrumapp.com/photos/view?photos=bd5a77c1-d37b-4aa6-a335-d349de6dfe45%2C3779d66c-979c-4f5f-a624-b1a62104cbf4%2C7812fd57-19cc-44fb-8e1a-a6a77f25be15%2C51748333-6294-4f20-bb3a-1de87d8f1923
d50df6af-7bb9-4004-a840-cc92ca6d57ab,2026-01-15 15:04:28 UTC,2026-01-15 15:11:55 UTC,jhonatan.negreiros@inpasa.com.br,jhonatan.negreiros@inpasa.com.br,2026-01-15 15:11:58 UTC,2026-01-15 15:11:58 UTC,1,,,,-11.478489149634013,-56.67166413206757,POINT (-56.67166413206757 -11.478489149634013),2026-01-15,,MT410,,Tabaporã,Juara,MT,78563-000,BR,MT410 Tabaporã Juara MT 78563-000 BR,"Mato Grosso, Tabapora",Maturado (dessecado),50,13,10,13,120,220,172,137,178,256,216,23580,,,4. Boa,60sc/ha,,2,"22ea2699-8f50-4728-8032-717477e4aee4,018266c6-791d-488d-87a1-3b654ad46177,d1b02041-add4-4c04-87ba-21b0d4bbd540",",,",https://web.fulcrumapp.com/photos/view?photos=22ea2699-8f50-4728-8032-717477e4aee4%2C018266c6-791d-488d-87a1-3b654ad46177%2Cd1b02041-add4-4c04-87ba-21b0d4bbd540
0adcb124-6a1c-4828-b2b5-880d3952920e,2026-01-15 15:08:37 UTC,2026-01-15 15:19:31 UTC,lucas.macedo@viterra.com,lucas.macedo@viterra.com,2026-01-15 15:24:53 UTC,2026-01-15 15:24:53 UTC,1,,,,-13.930257,-55.42212249999999,POINT (-55.42212249999999 -13.930257),2026-01-15,,MT235,,Santa Rita Do Trivelato,Sorriso,MT,78453-000,BR,MT235 Santa Rita Do Trivelato Sorriso MT 78453-000 BR,"Mato Grosso, Santa Rita do Trivelato",Em colheita,55,21,22,31,224.242424242424,156,90,129,120,108,75,25339.3939393939,,,4. Boa,65sc/ha,,3,"fa3161b7-3f0c-4fa1-a7c8-1c1d891e0197,2cda9049-da72-4009-8964-9c9f3d676108,5e62e1fb-3860-4e29-b95c-151bf4cf6fed,2ffcea28-69b0-4a46-bf9d-537af682906e",",,,",https://web.fulcrumapp.com/photos/view?photos=fa3161b7-3f0c-4fa1-a7c8-1c1d891e0197%2C2cda9049-da72-4009-8964-9c9f3d676108%2C5e62e1fb-3860-4e29-b95c-151bf4cf6fed%2C2ffcea28-69b0-4a46-bf9d-537af682906e
d4e07477-4a08-4f25-b88b-d9fa20634576,2026-01-15 15:23:26 UTC,2026-01-15 15:30:41 UTC,jhonatan.negreiros@inpasa.com.br,jhonatan.negreiros@inpasa.com.br,2026-01-15 15:31:03 UTC,2026-01-15 15:31:03 UTC,1,,,,-11.42395582489681,-56.79977195787318,POINT (-56.79977195787318 -11.42395582489681),2026-01-15,,MT410,,Tabaporã,Juara,MT,78563-000,BR,MT410 Tabaporã Juara MT 78563-000 BR,"Mato Grosso, Tabapora",Maturado (dessecado),50,14,15,13,140,158,140,269,174,193,193,26296.6666666667,,,4. Boa,65sc/ha,,2,"d06172d5-7186-4969-b9c5-354d7c381711,0176f6de-21d8-4a17-a04b-d5afdc5ed4fc,d9287a16-625c-4f20-9532-e2736ef2eb0f",",,",https://web.fulcrumapp.com/photos/view?photos=d06172d5-7186-4969-b9c5-354d7c381711%2C0176f6de-21d8-4a17-a04b-d5afdc5ed4fc%2Cd9287a16-625c-4f20-9532-e2736ef2eb0f
4147f378-64e4-4c68-b214-b33e50c8e3c0,2026-01-15 15:25:02 UTC,2026-01-15 15:38:28 UTC,lucas.macedo@viterra.com,lucas.macedo@viterra.com,2026-01-15 15:38:30 UTC,2026-01-15 15:38:30 UTC,1,,,,-13.868178599999998,-55.5566798,POINT (-55.5566798 -13.868178599999998),2026-01-15,,MT235,,Nova Mutum,Sorriso,MT,78453-000,BR,MT235 Nova Mutum Sorriso MT 78453-000 BR,"Mato Grosso, Nova Mutum",Em colheita,50,23,25,26,246.666666666667,135,63,123,85,177,153,30257.7777777778,,,4. Boa,65sc/ha,,3,"c01ebf1b-d516-420e-aea7-e7a16ed342e2,f377eea3-d278-4a92-a01b-faabb968c606,d6fc943e-0672-4813-8d85-146fd9419799,a9537ab1-e899-458d-8d3e-6dbae7ea6ade",",,,",https://web.fulcrumapp.com/photos/view?photos=c01ebf1b-d516-420e-aea7-e7a16ed342e2%2Cf377eea3-d278-4a92-a01b-faabb968c606%2Cd6fc943e-0672-4813-8d85-146fd9419799%2Ca9537ab1-e899-458d-8d3e-6dbae7ea6ade
2e5f6dd6-a960-4008-886b-934ab2ef5dbd,2026-01-15 15:41:27 UTC,2026-01-15 15:55:42 UTC,lucas.macedo@viterra.com,lucas.macedo@viterra.com,2026-01-15 15:55:43 UTC,2026-01-15 15:55:43 UTC,1,,,,-13.791473,-55.67638279999999,POINT (-55.67638279999999 -13.791473),2026-01-15,,MT235,,Nova Mutum,Sorriso,MT,78450-000,BR,MT235 Nova Mutum Sorriso MT 78450-000 BR,"Mato Grosso, Nova Mutum",Em colheita,55,22,17,26,196.969696969697,133,201,165,126,132,135,29282.8282828283,,,4. Boa,65sc/ha,,3,"9545200b-f821-4ed8-ab42-76dca8607362,df52f280-ecf7-4fbe-aad7-02561a8417cb,e6c15779-082d-456d-9d67-f3d0ce24d7ee,fed30d66-9ef9-4588-a3cb-1340a7cf351e",",,,",https://web.fulcrumapp.com/photos/view?photos=9545200b-f821-4ed8-ab42-76dca8607362%2Cdf52f280-ecf7-4fbe-aad7-02561a8417cb%2Ce6c15779-082d-456d-9d67-f3d0ce24d7ee%2Cfed30d66-9ef9-4588-a3cb-1340a7cf351e
1a55a820-b5a4-4e95-8cbf-761cf6904293,2026-01-15 15:12:51 UTC,2026-01-15 15:18:04 UTC,fernando.malavolta@zgbr.com.br,fernando.malavolta@zgbr.com.br,2026-01-15 16:21:52 UTC,2026-01-15 16:21:52 UTC,1,,,,-23.5566738,-54.1938493,POINT (-54.1938493 -23.5566738),2026-01-15,,BR-163,,,Itaquiraí,Mato Grosso do Sul,79965-000,Brasil,BR-163 Itaquiraí Mato Grosso do Sul 79965-000 Brasil,"Mato Grosso do Sul, Itaquirai",Maturacao,50,29,22,19,233.33333333333334,88,61,141,136,78,184,26755.55555555556,,,4. Boa,,,5,"56c82f73-b6f8-400f-97de-d545fa8d74d2,06a171b2-524e-441a-a7cf-1f9288eedebf,43c8da15-cd4c-48b4-bf68-3cc2b0cf94b9",",,",https://web.fulcrumapp.com/photos/view?photos=56c82f73-b6f8-400f-97de-d545fa8d74d2%2C06a171b2-524e-441a-a7cf-1f9288eedebf%2C43c8da15-cd4c-48b4-bf68-3cc2b0cf94b9
d01f6253-2b2a-42a6-b180-49f0a0ad3a38,2026-01-15 14:32:19 UTC,2026-01-15 14:45:23 UTC,gabriela.lopes2@chsinc.com,gabriela.lopes2@chsinc.com,2026-01-15 16:55:45 UTC,2026-01-15 16:55:45 UTC,1,,,,-17.413813880918813,-54.68753808772779,POINT (-54.68753808772779 -17.413813880918813),2026-01-15,,MT-299,,,Itiquira,Mato Grosso,78790-000,Brasil,MT-299 Itiquira Mato Grosso 78790-000 Brasil,"Mato Grosso, Itiquira",Enchimento de Graos,63,27,25,26,206.34920634920636,80,96,150,125,178,166,27341.26984126984,,,4. Boa,,,4,"3edf24e3-066e-47b6-840f-9b7320a7d67d,6f5a7140-0255-408b-bcfa-5f60a0c0c005,35e548bb-c5b0-45d4-8f7d-4cbca4a12b06",",,",https://web.fulcrumapp.com/photos/view?photos=3edf24e3-066e-47b6-840f-9b7320a7d67d%2C6f5a7140-0255-408b-bcfa-5f60a0c0c005%2C35e548bb-c5b0-45d4-8f7d-4cbca4a12b06
fa37309e-6863-496e-b28a-7aa231b7073f,2026-01-15 14:54:18 UTC,2026-01-15 15:03:10 UTC,gabriela.lopes2@chsinc.com,gabriela.lopes2@chsinc.com,2026-01-15 16:55:45 UTC,2026-01-15 16:55:45 UTC,1,,,,-17.39964961034979,-54.58139809961677,POINT (-54.58139809961677 -17.39964961034979),2026-01-15,,,,,,,,,,"Mato Grosso, Itiquira",Enchimento de Graos,50,19,15,17,170,97,80,85,144,80,156,18190,,,4. Boa,,,4,"bbc1d505-af77-4820-9370-c3246b05261f,b1ad7a79-1667-42ff-9e2e-6d27420e91e8,92ce7c10-512f-4e50-90ea-fabc4ddf6654",",,",https://web.fulcrumapp.com/photos/view?photos=bbc1d505-af77-4820-9370-c3246b05261f%2Cb1ad7a79-1667-42ff-9e2e-6d27420e91e8%2C92ce7c10-512f-4e50-90ea-fabc4ddf6654
82f00d67-7b60-45b0-a669-7d402c4f972b,2026-01-15 15:08:27 UTC,2026-01-15 15:18:14 UTC,gabriela.lopes2@chsinc.com,gabriela.lopes2@chsinc.com,2026-01-15 16:55:46 UTC,2026-01-15 16:55:46 UTC,1,,,,-17.393227299305284,-54.47746601240298,POINT (-54.47746601240298 -17.393227299305284),2026-01-15,,,,,,,,,,"Mato Grosso, Itiquira",Enchimento de Graos,43,17,17,15,189.92248062015503,47,10,12,23,10,46,4684.754521963824,,,3. Media,,"Início do enchimento, ainda sem graos nas vagens",4,"ebafd407-f2a6-4acf-a966-18f4a2e9c676,43e65863-c392-4e71-887c-ba8c4868624d,f3f5146f-64a5-4c59-994e-cfaf84bfe961",",,",https://web.fulcrumapp.com/photos/view?photos=ebafd407-f2a6-4acf-a966-18f4a2e9c676%2C43e65863-c392-4e71-887c-ba8c4868624d%2Cf3f5146f-64a5-4c59-994e-cfaf84bfe961
fb5fe564-6829-413d-84cf-4c7077ba00da,2026-01-15 15:18:18 UTC,2026-01-15 15:28:09 UTC,gabriela.lopes2@chsinc.com,gabriela.lopes2@chsinc.com,2026-01-15 16:55:47 UTC,2026-01-15 16:55:47 UTC,1,,,,-17.3863135766365,-54.39569079871966,POINT (-54.39569079871966 -17.3863135766365),2026-01-15,,,,,,,,,,"Mato Grosso, Itiquira",Enchimento de Graos,50,24,26,25,250,118,57,91,131,130,76,25125,,,4. Boa,,,4,"307c5889-aac5-4174-86ca-cfcf4d48f9ef,ad23386c-2b81-40c2-b6a9-591aecd86c30,f9650783-d8e0-4484-bccb-29c4176402bd",",,",https://web.fulcrumapp.com/photos/view?photos=307c5889-aac5-4174-86ca-cfcf4d48f9ef%2Cad23386c-2b81-40c2-b6a9-591aecd86c30%2Cf9650783-d8e0-4484-bccb-29c4176402bd
f829e43b-9863-4901-b86f-6516869c017c,2026-01-15 16:58:13 UTC,2026-01-15 17:07:00 UTC,jhonatan.negreiros@inpasa.com.br,jhonatan.negreiros@inpasa.com.br,2026-01-15 17:07:01 UTC,2026-01-15 17:07:01 UTC,1,,,,-11.53604785461421,-56.777005630636786,POINT (-56.777005630636786 -11.53604785461421),2026-01-15,,MT220,,Porto Dos Gaúchos,Juara,MT,78563-000,BR,MT220 Porto Dos Gaúchos Juara MT 78563-000 BR,"Mato Grosso, Porto dos Gauchos",Enchimento de Graos,50,22,20,23,216.666666666667,118,148,124,95,137,153,27986.1111111111,,,5. Excelente,70sc/ha,,2,"4ba9406e-7b1a-47c8-892c-01141f1792f5,2929e000-1f4c-4a09-81a4-f03ee4113ead,5158ec30-94ff-44ba-9b20-57f539cd179b",",,",https://web.fulcrumapp.com/photos/view?photos=4ba9406e-7b1a-47c8-892c-01141f1792f5%2C2929e000-1f4c-4a09-81a4-f03ee4113ead%2C5158ec30-94ff-44ba-9b20-57f539cd179b
08883377-ea2f-4422-8549-9578348e0866,2026-01-15 17:33:27 UTC,2026-01-15 17:40:50 UTC,jhonatan.negreiros@inpasa.com.br,jhonatan.negreiros@inpasa.com.br,2026-01-15 17:48:18 UTC,2026-01-15 17:48:18 UTC,1,,,,-11.627172779971305,-57.2118199846439,POINT (-57.2118199846439 -11.627172779971305),2026-01-15,,MT220,,Porto Dos Gaúchos,Juara,MT,78560-000,BR,MT220 Porto Dos Gaúchos Juara MT 78560-000 BR,"Mato Grosso, Porto dos Gauchos",Maturado (dessecado),50,14,13,12,130,151,177,148,234,228,243,25588.3333333333,,,5. Excelente,65sc/ha,,2,"a5c27759-e623-44e5-9652-688b480b5da6,fabb63f1-4880-4a6c-8042-842fe9a24292,375e8888-d08e-4f07-9808-6d556f6e468a",",,",https://web.fulcrumapp.com/photos/view?photos=a5c27759-e623-44e5-9652-688b480b5da6%2Cfabb63f1-4880-4a6c-8042-842fe9a24292%2C375e8888-d08e-4f07-9808-6d556f6e468a
5f7079da-d779-48af-b440-ce59785b5052,2026-01-15 17:42:19 UTC,2026-01-15 17:55:24 UTC,lucas.macedo@viterra.com,lucas.macedo@viterra.com,2026-01-15 17:55:26 UTC,2026-01-15 17:55:26 UTC,1,,,,-13.9109261,-55.357045600000006,POINT (-55.357045600000006 -13.9109261),2026-01-15,,MT235,,Santa Rita Do Trivelato,Sorriso,MT,78453-000,BR,MT235 Santa Rita Do Trivelato Sorriso MT 78453-000 BR,"Mato Grosso, Santa Rita do Trivelato",Maturado (dessecado),50,21,21,23,216.666666666667,175,165,162,105,165,246,36761.1111111111,,,4. Boa,65sc/ha,,3,"9caa2f65-0f45-424c-a2e8-cf92982f5916,d37f83ad-2609-4179-85ff-4fc8507d8556,81c93672-8084-4608-9f53-b8da3d5b65cc,1375f9b1-1795-496a-a189-f5fbf2b17a02",",,,",https://web.fulcrumapp.com/photos/view?photos=9caa2f65-0f45-424c-a2e8-cf92982f5916%2Cd37f83ad-2609-4179-85ff-4fc8507d8556%2C81c93672-8084-4608-9f53-b8da3d5b65cc%2C1375f9b1-1795-496a-a189-f5fbf2b17a02
02a54c4f-9991-4ee2-b975-b1814b6344a5,2026-01-15 16:38:58 UTC,2026-01-15 16:46:12 UTC,fernando.malavolta@zgbr.com.br,fernando.malavolta@zgbr.com.br,2026-01-15 18:30:51 UTC,2026-01-15 18:30:51 UTC,1,,,,-23.3252367,-54.2176217,POINT (-54.2176217 -23.3252367),2026-01-15,,BR-163,,,Naviraí,Mato Grosso do Sul,79950-000,Brasil,BR-163 Naviraí Mato Grosso do Sul 79950-000 Brasil,"Mato Grosso do Sul, Itaquirai",Enchimento de Graos,45,22,30,25,285.18518518518516,24,100,261,197,123,88,37691.97530864197,,,3. Media,,,5,"75fec281-b159-4d69-aba4-161208ebf7f5,bcc0cd18-fcbe-4144-87de-6885a599eddd,a3b0523b-23fd-4758-9d8a-06e4f32de99c,7dc23fa5-6c42-4181-8f87-ba37813e50c1",",,,",https://web.fulcrumapp.com/photos/view?photos=75fec281-b159-4d69-aba4-161208ebf7f5%2Cbcc0cd18-fcbe-4144-87de-6885a599eddd%2Ca3b0523b-23fd-4758-9d8a-06e4f32de99c%2C7dc23fa5-6c42-4181-8f87-ba37813e50c1
6fd349e1-60d8-4167-b8af-e494105b0d55,2026-01-15 17:40:35 UTC,2026-01-15 17:47:08 UTC,fernando.malavolta@zgbr.com.br,fernando.malavolta@zgbr.com.br,2026-01-15 18:30:52 UTC,2026-01-15 18:30:52 UTC,1,,,,-22.98588,-54.1724983,POINT (-54.1724983 -22.98588),2026-01-15,,,,,,,,,,"Mato Grosso do Sul, Navirai",Enchimento de Graos,50,17,22,23,206.66666666666666,118,146,212,155,142,160,32136.666666666668,,,5. Excelente,,,5,"4639166b-529b-4791-b63c-01e9160c12e9,f6b125ff-1950-4caa-a216-3bafa574ad37,645b3be7-d151-4337-8bcd-4b5fee430ab0",",,",https://web.fulcrumapp.com/photos/view?photos=4639166b-529b-4791-b63c-01e9160c12e9%2Cf6b125ff-1950-4caa-a216-3bafa574ad37%2C645b3be7-d151-4337-8bcd-4b5fee430ab0
47065e74-ec46-4ba0-acb2-49c7bcc1d032,2026-01-15 18:13:26 UTC,2026-01-15 18:19:39 UTC,fernando.malavolta@zgbr.com.br,fernando.malavolta@zgbr.com.br,2026-01-15 18:30:53 UTC,2026-01-15 18:30:53 UTC,1,,,,-22.9277517,-54.0862383,POINT (-54.0862383 -22.9277517),2026-01-15,,,,,,,,,,"Mato Grosso do Sul, Navirai",Enchimento de Graos,50,25,25,24,246.66666666666666,380,175,178,154,103,210,49333.333333333336,,,5. Excelente,,,5,"d3966f26-4b0b-4a7b-a8e3-21f8edf4f0c0,b8c5c30e-d9bf-4456-b97c-c25d0329fde1,554230ee-c1b4-4b68-b4a8-f546ae9efa0e,44e80240-48e4-4afc-9a45-7a3fdd8abbae",",,,",https://web.fulcrumapp.com/photos/view?photos=d3966f26-4b0b-4a7b-a8e3-21f8edf4f0c0%2Cb8c5c30e-d9bf-4456-b97c-c25d0329fde1%2C554230ee-c1b4-4b68-b4a8-f546ae9efa0e%2C44e80240-48e4-4afc-9a45-7a3fdd8abbae
a79a6e42-b096-484a-b048-dc46a3ecc3df,2026-01-14 18:52:23 UTC,2026-01-14 18:57:48 UTC,eduardo.diamandis@zgbr.com.br,eduardo.diamandis@zgbr.com.br,2026-01-15 18:42:58 UTC,2026-01-15 18:42:58 UTC,1,,,,-12.753161448175804,-60.105447325438,POINT (-60.105447325438 -12.753161448175804),2026-01-14,,,,,,,,,,"Rondonia, Vilhena",Enchimento de Graos,50,18,16,18,173.333333333333,137,130,114,186,102,147,23573.3333333333,,,4. Boa,60sc/ha,,1,"404ae299-658d-4b31-81bd-c9def68e791c,05a4c221-2dbf-44e1-b011-93f886ad1144,efe8c00b-d1f5-4020-b2ff-a2a05a694867",",,",https://web.fulcrumapp.com/photos/view?photos=404ae299-658d-4b31-81bd-c9def68e791c%2C05a4c221-2dbf-44e1-b011-93f886ad1144%2Cefe8c00b-d1f5-4020-b2ff-a2a05a694867
0d10f41f-5774-40b5-9df2-d3843251b9d5,2026-01-15 17:39:17 UTC,2026-01-15 17:48:02 UTC,eduardo.diamandis@zgbr.com.br,eduardo.diamandis@zgbr.com.br,2026-01-15 18:42:59 UTC,2026-01-15 18:42:59 UTC,1,,,,-14.353148861593791,-57.95922712557612,POINT (-57.95922712557612 -14.353148861593791),2026-01-15,,,,,,,,,,"Mato Grosso, Campo Novo do Parecis",Enchimento de Graos,50,29,27,25,270,127,55,86,102,135,114,27855,,,4. Boa,50sc/ha,,1,"32499c1b-06f3-4596-90da-905c222b0600,c26483f4-cfb5-40ac-8ae7-f09cdccb7d14,f642f504-9985-4ab9-b17a-5f129f6ea439",",,",https://web.fulcrumapp.com/photos/view?photos=32499c1b-06f3-4596-90da-905c222b0600%2Cc26483f4-cfb5-40ac-8ae7-f09cdccb7d14%2Cf642f504-9985-4ab9-b17a-5f129f6ea439
199eee3c-9e3a-41af-b5af-2d6ed81dc2e2,2026-01-15 17:59:36 UTC,2026-01-15 18:08:24 UTC,eduardo.diamandis@zgbr.com.br,eduardo.diamandis@zgbr.com.br,2026-01-15 18:43:00 UTC,2026-01-15 18:43:00 UTC,1,,,,-14.31302014410959,-57.81795658225078,POINT (-57.81795658225078 -14.31302014410959),2026-01-15,,,,,,,,,,"Mato Grosso, Campo Novo do Parecis",Maturado (dessecado),50,27,25,37,296.666666666667,50,61,120,199,145,66,31693.8888888889,,,4. Boa,65sc/ha,,1,"d09b8d73-ecfb-4737-972f-04ceb7930e60,a7499be6-0958-411f-ba94-a2bf361e9b4f,364832cb-0086-4319-a18f-5bedd71b18c8",",,",https://web.fulcrumapp.com/photos/view?photos=d09b8d73-ecfb-4737-972f-04ceb7930e60%2Ca7499be6-0958-411f-ba94-a2bf361e9b4f%2C364832cb-0086-4319-a18f-5bedd71b18c8
a8904e82-ef05-4ad9-ad4e-862f427a7914,2026-01-15 18:17:44 UTC,2026-01-15 18:22:12 UTC,eduardo.diamandis@zgbr.com.br,eduardo.diamandis@zgbr.com.br,2026-01-15 18:43:01 UTC,2026-01-15 18:43:01 UTC,1,,,,-14.257131666666664,-57.678401666666666,POINT (-57.678401666666666 -14.257131666666664),2026-01-15,,,,,,,,,,"Mato Grosso, Diamantino",Enchimento de Graos,50,16,13,19,160,70,42,141,195,139,81,17813.3333333333,,,4. Boa,,,1,"569bb471-15ba-4304-b071-59ac95e2df06,535bf4c7-8424-462d-a12e-35835fc91069",",",https://web.fulcrumapp.com/photos/view?photos=569bb471-15ba-4304-b071-59ac95e2df06%2C535bf4c7-8424-462d-a12e-35835fc91069
0de005ca-6f1b-47fd-9488-497d4c9e8eaa,2026-01-15 18:28:46 UTC,2026-01-15 18:35:35 UTC,eduardo.diamandis@zgbr.com.br,eduardo.diamandis@zgbr.com.br,2026-01-15 18:43:01 UTC,2026-01-15 18:43:01 UTC,1,,,,-14.192596666666669,-57.56161166666667,POINT (-57.56161166666667 -14.192596666666669),2026-01-15,,,,,,,,,,"Mato Grosso, Diamantino",Maturado (dessecado),50,26,15,22,210,137,100,120,203,123,176,30065,,,4. Boa,65sc/ha,,1,"6eb48f23-026b-47fc-95d1-d5f98ee59ef6,597df7d7-39b0-4c11-ba16-2442732a7ee5,92ad0a84-e897-45f6-a5cd-620311b24a9c",",,",https://web.fulcrumapp.com/photos/view?photos=6eb48f23-026b-47fc-95d1-d5f98ee59ef6%2C597df7d7-39b0-4c11-ba16-2442732a7ee5%2C92ad0a84-e897-45f6-a5cd-620311b24a9c
475dfa09-cf99-4cdc-a6f8-56376763fa79,2026-01-15 17:53:37 UTC,2026-01-15 18:00:06 UTC,jhonatan.negreiros@inpasa.com.br,jhonatan.negreiros@inpasa.com.br,2026-01-15 18:44:59 UTC,2026-01-15 18:44:59 UTC,1,,,,-11.695569438903853,-57.12395819953936,POINT (-57.12395819953936 -11.695569438903853),2026-01-15,,,,,,,,,,"Mato Grosso, Itanhanga",Maturado (dessecado),50,16,15,18,163.333333333333,109,150,145,287,271,243,32802.7777777778,,,5. Excelente,70sc/ha,,2,"bc2878db-ec1b-4cd4-9383-d063dce2e729,bbba6316-e357-46b4-82d7-b6f773466611,c53f064a-fa3c-40fd-a900-a80926879f82",",,",https://web.fulcrumapp.com/photos/view?photos=bc2878db-ec1b-4cd4-9383-d063dce2e729%2Cbbba6316-e357-46b4-82d7-b6f773466611%2Cc53f064a-fa3c-40fd-a900-a80926879f82
0ce38630-dab7-4cac-ba44-44ba2f862fa8,2026-01-15 18:09:30 UTC,2026-01-15 18:16:59 UTC,jhonatan.negreiros@inpasa.com.br,jhonatan.negreiros@inpasa.com.br,2026-01-15 18:45:00 UTC,2026-01-15 18:45:00 UTC,1,,,,-11.720388609609072,-57.011193394534196,POINT (-57.011193394534196 -11.720388609609072),2026-01-15,,,,,,,,,,"Mato Grosso, Itanhanga",Enchimento de Graos,45,21,20,22,233.333333333333,108,71,154,159,141,275,35311.1111111111,,,5. Excelente,75sc/ha,,2,"fa553943-361b-4139-9d7b-3ebf4b2daf35,a519b3c3-df73-4d65-a82f-93ef74e9fc5e,d8d1c30b-27a7-495d-b8b7-2461714955c2",",,",https://web.fulcrumapp.com/photos/view?photos=fa553943-361b-4139-9d7b-3ebf4b2daf35%2Ca519b3c3-df73-4d65-a82f-93ef74e9fc5e%2Cd8d1c30b-27a7-495d-b8b7-2461714955c2
24d34075-e644-42fd-9b30-8a858912b272,2026-01-15 18:32:03 UTC,2026-01-15 18:38:10 UTC,jhonatan.negreiros@inpasa.com.br,jhonatan.negreiros@inpasa.com.br,2026-01-15 18:45:01 UTC,2026-01-15 18:45:01 UTC,1,,,,-11.735796599525594,-56.81161331147708,POINT (-56.81161331147708 -11.735796599525594),2026-01-15,,,,,,,,,,"Mato Grosso, Itanhanga",Maturacao,45,21,21,22,237.037037037037,101,99,142,209,127,86,30182.7160493827,,,5. Excelente,70sc/ha,,2,"f96d52e0-49f2-4296-9fe6-fe36ae6a0794,67a264ec-6c2e-4dcc-869f-24b9889d870e,a604ada0-d834-430b-b917-ac4c02264bd3",",,",https://web.fulcrumapp.com/photos/view?photos=f96d52e0-49f2-4296-9fe6-fe36ae6a0794%2C67a264ec-6c2e-4dcc-869f-24b9889d870e%2Ca604ada0-d834-430b-b917-ac4c02264bd3
78a1947a-4982-4eaa-809e-21478358b110,2026-01-15 18:52:12 UTC,2026-01-15 18:58:23 UTC,jhonatan.negreiros@inpasa.com.br,jhonatan.negreiros@inpasa.com.br,2026-01-15 19:00:51 UTC,2026-01-15 19:00:51 UTC,1,,,,-11.824880220822452,-56.64476437680448,POINT (-56.64476437680448 -11.824880220822452),2026-01-15,,,,,,,,,,"Mato Grosso, Itanhanga",Maturacao,50,17,15,20,173.333333333333,110,143,160,157,182,246,28831.1111111111,,,4. Boa,65sc/ha,,2,"0d9f2fbf-9c5b-4d1f-b5ed-af4fcc535a7e,8d96b6cc-94d9-427b-90ed-a360c3db1d32,43380543-5de7-435f-9002-355c3fe03d55",",,",https://web.fulcrumapp.com/photos/view?photos=0d9f2fbf-9c5b-4d1f-b5ed-af4fcc535a7e%2C8d96b6cc-94d9-427b-90ed-a360c3db1d32%2C43380543-5de7-435f-9002-355c3fe03d55
0bd97bf1-a511-4464-bd7b-7eeee653455c,2026-01-15 18:57:01 UTC,2026-01-15 20:04:21 UTC,fernando.malavolta@zgbr.com.br,fernando.malavolta@zgbr.com.br,2026-01-15 20:04:35 UTC,2026-01-15 20:04:35 UTC,1,,,,-23.2113733,-54.2101983,POINT (-54.2101983 -23.2113733),2026-01-15,,,,,Guaíra,Paraná,85980-000,Brasil,Guaíra Paraná 85980-000 Brasil,"Mato Grosso do Sul, Itaquirai",Enchimento de Graos,45,20,21,20,225.9259259259259,212,138,142,55,119,233,33851.23456790123,,,5. Excelente,,,5,"020b5fd8-56a0-4593-abf1-8618f10fbdac,3136d548-9f5c-46a7-b494-234d01e58d54,f627f034-2130-4f84-a1ba-5dbf40f2d9bc",",,",https://web.fulcrumapp.com/photos/view?photos=020b5fd8-56a0-4593-abf1-8618f10fbdac%2C3136d548-9f5c-46a7-b494-234d01e58d54%2Cf627f034-2130-4f84-a1ba-5dbf40f2d9bc
45db2e66-a931-4a05-a49b-c83f7c8a18b1,2026-01-15 19:18:48 UTC,2026-01-15 19:27:37 UTC,fernando.malavolta@zgbr.com.br,fernando.malavolta@zgbr.com.br,2026-01-15 20:05:05 UTC,2026-01-15 20:05:05 UTC,1,,,,-23.2402115,-54.0754731,POINT (-54.0754731 -23.2402115),2026-01-15,,BR-487,,,Itaquiraí,Mato Grosso do Sul,79965-000,Brasil,BR-487 Itaquiraí Mato Grosso do Sul 79965-000 Brasil,"Mato Grosso do Sul, Itaquirai",Maturacao,45,16,18,20,200,138,105,213,133,213,294,36533.333333333336,,,5. Excelente,,,5,"601a67f9-d0c5-45b3-bc14-7adc15b9ceb6,3e45f82f-c4c6-4d89-979c-d164e07ee71a,d1a6a00b-226f-4620-8c98-5369c09ac2b5",",,",https://web.fulcrumapp.com/photos/view?photos=601a67f9-d0c5-45b3-bc14-7adc15b9ceb6%2C3e45f82f-c4c6-4d89-979c-d164e07ee71a%2Cd1a6a00b-226f-4620-8c98-5369c09ac2b5
7caeef15-47c6-47c2-b2cd-11ce6433e106,2026-01-15 18:58:49 UTC,2026-01-15 19:10:50 UTC,eduardo.diamandis@zgbr.com.br,eduardo.diamandis@zgbr.com.br,2026-01-15 20:55:55 UTC,2026-01-15 20:55:55 UTC,1,,,,-14.18563535788507,-57.506313496181065,POINT (-57.506313496181065 -14.18563535788507),2026-01-15,,,,,,,,,,"Mato Grosso, Diamantino",Enchimento de Graos,50,25,27,24,253.333333333333,201,161,94,137,155,87,35255.5555555556,,,4. Boa,,,1,"06853939-2b57-44b9-ba95-740037854928,0631f007-e061-4073-bf28-0ff9c2c4e265,e215feb8-04c6-46f7-8db7-12f9f19557be",",,",https://web.fulcrumapp.com/photos/view?photos=06853939-2b57-44b9-ba95-740037854928%2C0631f007-e061-4073-bf28-0ff9c2c4e265%2Ce215feb8-04c6-46f7-8db7-12f9f19557be
d03b95ed-ae7d-4749-a19c-62aab2d6a602,2026-01-15 19:11:31 UTC,2026-01-15 19:27:10 UTC,eduardo.diamandis@zgbr.com.br,eduardo.diamandis@zgbr.com.br,2026-01-15 20:55:56 UTC,2026-01-15 20:55:56 UTC,1,,,,-14.173460187409239,-57.405531695143104,POINT (-57.405531695143104 -14.173460187409239),2026-01-15,,,,,,,,,,"Mato Grosso, Diamantino",Maturacao,50,20,24,22,220,152,85,108,110,125,129,25996.6666666667,,,4. Boa,60sc/ha,,1,"b318d7fd-40e0-47a4-95ed-5d084fb7f711,baa70864-75fb-403a-82a3-c48d91f64ee3,d5deedef-8e76-4f30-8f70-a3af3c05fda5",",,",https://web.fulcrumapp.com/photos/view?photos=b318d7fd-40e0-47a4-95ed-5d084fb7f711%2Cbaa70864-75fb-403a-82a3-c48d91f64ee3%2Cd5deedef-8e76-4f30-8f70-a3af3c05fda5
6b7792d3-fd33-48d4-9f23-fdb69af82b53,2026-01-15 19:29:02 UTC,2026-01-15 19:37:16 UTC,eduardo.diamandis@zgbr.com.br,eduardo.diamandis@zgbr.com.br,2026-01-15 20:55:56 UTC,2026-01-15 20:55:56 UTC,1,,,,-14.17539288069472,-57.29328368131142,POINT (-57.29328368131142 -14.17539288069472),2026-01-15,,,,,,,,,,"Mato Grosso, Diamantino",Enchimento de Graos,50,15,20,22,190,124,160,70,103,74,133,21026.6666666667,,,5. Excelente,55sc/ha,,1,"1f9e7bb9-f603-4c96-be6e-701be5b35f68,fbf1e3e4-689b-48d2-9d54-39370ee6f446",",",https://web.fulcrumapp.com/photos/view?photos=1f9e7bb9-f603-4c96-be6e-701be5b35f68%2Cfbf1e3e4-689b-48d2-9d54-39370ee6f446
bf92ae78-a48d-4e2f-b807-90d9b5e5ffe8,2026-01-15 19:40:27 UTC,2026-01-15 19:54:56 UTC,eduardo.diamandis@zgbr.com.br,eduardo.diamandis@zgbr.com.br,2026-01-15 20:55:57 UTC,2026-01-15 20:55:57 UTC,1,,,,-14.17218430769861,-57.18951281951457,POINT (-57.18951281951457 -14.17218430769861),2026-01-15,,,,,,,,,,"Mato Grosso, Diamantino",Enchimento de Graos,50,18,11,16,150,146,157,141,85,55,84,16700,,,4. Boa,55sc/ha,Cara chato,1,"eacabe17-f9c4-431b-b0d9-f0f6e8c019f7,ff70ee22-0bfa-4d32-9534-b7ccafff693a,f928428c-ca2f-41b5-b020-2bae98382d1b",",,",https://web.fulcrumapp.com/photos/view?photos=eacabe17-f9c4-431b-b0d9-f0f6e8c019f7%2Cff70ee22-0bfa-4d32-9534-b7ccafff693a%2Cf928428c-ca2f-41b5-b020-2bae98382d1b
5edf132b-0f80-479e-9e47-aa03b4568362,2026-01-15 19:56:06 UTC,2026-01-15 20:08:23 UTC,eduardo.diamandis@zgbr.com.br,eduardo.diamandis@zgbr.com.br,2026-01-15 20:55:57 UTC,2026-01-15 20:55:57 UTC,1,,,,-14.175818286971703,-57.06173708895185,POINT (-57.06173708895185 -14.175818286971703),2026-01-15,,,,,,,,,,"Mato Grosso, Diamantino",Enchimento de Graos,50,19,20,14,176.666666666667,125,54,172,188,199,235,28649.4444444444,,,4. Boa,60sc/ha,,1,"98d6cdd1-8527-4aa8-8595-046da5b1f46b,1696a835-a738-494b-9f42-50c59d06b163,855730a0-5ec1-4f15-b385-45201458b1c9",",,",https://web.fulcrumapp.com/photos/view?photos=98d6cdd1-8527-4aa8-8595-046da5b1f46b%2C1696a835-a738-494b-9f42-50c59d06b163%2C855730a0-5ec1-4f15-b385-45201458b1c9
004f0688-a857-46ad-b8e6-16fb9b1d6eac,2026-01-15 20:13:06 UTC,2026-01-15 20:26:37 UTC,eduardo.diamandis@zgbr.com.br,eduardo.diamandis@zgbr.com.br,2026-01-15 20:55:58 UTC,2026-01-15 20:55:58 UTC,1,,,,-14.236867657929562,-56.56613812543026,POINT (-56.56613812543026 -14.236867657929562),2026-01-15,,,,,,,,,,"Mato Grosso, Diamantino",Maturacao,50,19,20,22,203.333333333333,121,97,123,59,68,89,18876.1111111111,,,4. Boa,60sc/ha,,1,"fdccaa7e-ec03-4eae-8219-0c01a98ad407,cde997da-c370-4824-8058-6b80f90205a7,fecd5244-fef0-4c09-af47-202fa5621953",",,",https://web.fulcrumapp.com/photos/view?photos=fdccaa7e-ec03-4eae-8219-0c01a98ad407%2Ccde997da-c370-4824-8058-6b80f90205a7%2Cfecd5244-fef0-4c09-af47-202fa5621953
f91fd0ef-c48e-45e9-a18e-b861a16cef3b,2026-01-15 20:26:49 UTC,2026-01-15 20:43:19 UTC,eduardo.diamandis@zgbr.com.br,eduardo.diamandis@zgbr.com.br,2026-01-15 20:55:58 UTC,2026-01-15 20:55:58 UTC,1,,,,-14.153157037898293,-56.81170849123359,POINT (-56.81170849123359 -14.153157037898293),2026-01-15,,,,,,,,,,"Mato Grosso, Diamantino",Maturado (dessecado),45,20,18,19,211.111111111111,132,150,147,124,195,121,30575.9259259259,,,3. Media,45sc/ha,,1,"b2fdf013-efe3-4ab8-bfe4-0899f3723fa2,29ba3229-96a5-46ff-9c41-abac29ba90ea,769700bf-a8dd-458d-9015-dbf3b38caebc",",,",https://web.fulcrumapp.com/photos/view?photos=b2fdf013-efe3-4ab8-bfe4-0899f3723fa2%2C29ba3229-96a5-46ff-9c41-abac29ba90ea%2C769700bf-a8dd-458d-9015-dbf3b38caebc
d64616ce-df23-4823-8034-c98044d823c3,2026-01-15 20:44:07 UTC,2026-01-15 20:57:35 UTC,lucas.macedo@viterra.com,lucas.macedo@viterra.com,2026-01-15 20:58:08 UTC,2026-01-15 20:58:08 UTC,1,,,,-13.088983700000002,-55.793002300000005,POINT (-55.793002300000005 -13.088983700000002),2026-01-15,,,,,,,,,,"Mato Grosso, Lucas do Rio Verde",Maturacao,50,17,19,22,193.333333333333,270,141,141,153,120,177,32286.6666666667,,,4. Boa,60sc/ha,,3,"092dd456-47cf-493a-8637-a77a8ed23281,259d80dc-f31c-4b17-b68a-4b616169edf6,fa26e08b-8d04-42bd-871a-0be33b00fb95,30dcfab7-8139-4712-ba96-378e8824afdc",",,,",https://web.fulcrumapp.com/photos/view?photos=092dd456-47cf-493a-8637-a77a8ed23281%2C259d80dc-f31c-4b17-b68a-4b616169edf6%2Cfa26e08b-8d04-42bd-871a-0be33b00fb95%2C30dcfab7-8139-4712-ba96-378e8824afdc
8e5f0773-5963-46a5-b8c4-e8afb21fc7b9,2026-01-15 18:03:53 UTC,2026-01-15 18:13:58 UTC,lucas.macedo@viterra.com,lucas.macedo@viterra.com,2026-01-15 21:04:27 UTC,2026-01-15 21:04:27 UTC,1,,,,-13.787815000000002,-55.3679249,POINT (-55.3679249 -13.787815000000002),2026-01-15,,,,,,,,,,"Mato Grosso, Santa Rita do Trivelato",Maturado (dessecado),50,20,21,21,206.666666666667,135,144,165,126,141,96,27796.6666666667,,,4. Boa,65sc/ha,,3,"3ce6370c-a166-4792-893e-5fe84f959467,f0a2ec94-0739-4fa4-bc4b-9f1bdd0fb23b,9f71c726-baeb-4a7a-85c8-080c15d31c96,d759ba24-8bce-45da-b47d-02456cf57293",",,,",https://web.fulcrumapp.com/photos/view?photos=3ce6370c-a166-4792-893e-5fe84f959467%2Cf0a2ec94-0739-4fa4-bc4b-9f1bdd0fb23b%2C9f71c726-baeb-4a7a-85c8-080c15d31c96%2Cd759ba24-8bce-45da-b47d-02456cf57293
f79300c0-4466-46b8-af1a-d01e97b924de,2026-01-15 18:26:30 UTC,2026-01-15 18:38:36 UTC,lucas.macedo@viterra.com,lucas.macedo@viterra.com,2026-01-15 21:04:28 UTC,2026-01-15 21:04:28 UTC,1,,,,-13.6367645,-55.4275928,POINT (-55.4275928 -13.6367645),2026-01-15,,,,,,,,,,"Mato Grosso, Santa Rita do Trivelato",Maturado (dessecado),50,20,21,21,206.666666666667,222,159,231,130,141,177,36511.1111111111,,,4. Boa,65sc/ha,,3,"80298570-d87f-4a24-8360-ad20a946b6f6,705316b7-a2e8-4025-ae6a-dae4107ed58d,6713fcea-c046-4959-842b-b88cb45951b9,65194990-40d7-40b4-908a-bea1e35073a2",",,,",https://web.fulcrumapp.com/photos/view?photos=80298570-d87f-4a24-8360-ad20a946b6f6%2C705316b7-a2e8-4025-ae6a-dae4107ed58d%2C6713fcea-c046-4959-842b-b88cb45951b9%2C65194990-40d7-40b4-908a-bea1e35073a2
07aefa4c-49a4-439b-b344-a5b9284b30f1,2026-01-15 18:46:21 UTC,2026-01-15 18:59:57 UTC,lucas.macedo@viterra.com,lucas.macedo@viterra.com,2026-01-15 21:04:28 UTC,2026-01-15 21:04:28 UTC,1,,,,-13.521355699999999,-55.5115859,POINT (-55.5115859 -13.521355699999999),2026-01-15,,,,,,,,,,"Mato Grosso, Santa Rita do Trivelato",Maturacao,45,21,26,22,255.555555555556,126,144,147,135,165,144,36672.2222222222,,,4. Boa,65sc/ha,,3,"15b0d741-1bd1-45db-b6ce-58c15fcd3c51,c4230f01-61d5-4dc5-bf46-ec2013b834aa,12507f8e-ec3f-4d66-96a4-23038af98c69,12195304-5eb6-400a-ac5f-2bd270642fc3",",,,",https://web.fulcrumapp.com/photos/view?photos=15b0d741-1bd1-45db-b6ce-58c15fcd3c51%2Cc4230f01-61d5-4dc5-bf46-ec2013b834aa%2C12507f8e-ec3f-4d66-96a4-23038af98c69%2C12195304-5eb6-400a-ac5f-2bd270642fc3
595153a1-16ac-4d0a-a1ee-8dba17e694b2,2026-01-15 19:05:59 UTC,2026-01-15 19:19:38 UTC,lucas.macedo@viterra.com,lucas.macedo@viterra.com,2026-01-15 21:04:29 UTC,2026-01-15 21:04:29 UTC,1,,,,-13.4218942,-55.599471300000005,POINT (-55.599471300000005 -13.4218942),2026-01-15,,,,,,,,,,"Mato Grosso, Santa Rita do Trivelato",Maturado (dessecado),50,23,22,22,223.333333333333,108,53,58,138,171,156,25460,,,4. Boa,55sc/ha,,3,"c24d73d7-0a11-43de-af13-3a1ecece347a,ff60f3fc-483b-479b-8c03-124974163194,c2fb43dd-d540-4a60-afab-4e6ace65944a,042c5de7-efae-4aff-afeb-344bacfe97fa",",,,",https://web.fulcrumapp.com/photos/view?photos=c24d73d7-0a11-43de-af13-3a1ecece347a%2Cff60f3fc-483b-479b-8c03-124974163194%2Cc2fb43dd-d540-4a60-afab-4e6ace65944a%2C042c5de7-efae-4aff-afeb-344bacfe97fa
a1715a25-2f4c-45f2-b5d0-e29248e531b2,2026-01-15 20:27:55 UTC,2026-01-15 20:40:52 UTC,lucas.macedo@viterra.com,lucas.macedo@viterra.com,2026-01-15 21:04:29 UTC,2026-01-15 21:04:29 UTC,1,,,,-13.183869799999998,-55.72804460000001,POINT (-55.72804460000001 -13.183869799999998),2026-01-15,,,,,,,,,,"Mato Grosso, Lucas do Rio Verde",Em colheita,50,19,27,27,243.333333333333,81,81,120,135,95,180,28064.4444444444,,,4. Boa,60sc/ha,,3,"afb3e991-5392-4efe-81de-d727632fbcad,d9fa8b18-38f3-43d5-a3c2-3f778cedb5b9,9fa1f681-1928-48b6-b16c-ba280ded58f9,dc6d843b-d3a8-4614-b202-8b17a570f030",",,,",https://web.fulcrumapp.com/photos/view?photos=afb3e991-5392-4efe-81de-d727632fbcad%2Cd9fa8b18-38f3-43d5-a3c2-3f778cedb5b9%2C9fa1f681-1928-48b6-b16c-ba280ded58f9%2Cdc6d843b-d3a8-4614-b202-8b17a570f030
f9f52bf0-e1fe-4491-aa40-ab7feaa451ae,2026-01-15 21:04:12 UTC,2026-01-15 21:12:45 UTC,eduardo.diamandis@zgbr.com.br,eduardo.diamandis@zgbr.com.br,2026-01-15 21:12:48 UTC,2026-01-15 21:12:48 UTC,1,,,,-14.377021294716073,-56.37566867598716,POINT (-56.37566867598716 -14.377021294716073),2026-01-15,,,,,,,,,,"Mato Grosso, Diamantino",Enchimento de Graos,50,19,11,15,150,54,55,44,121,58,96,10700,,,4. Boa,50sc/ha,,1,"aae5db72-3d47-47f4-9304-7838d1a765ba,755c2614-7613-419c-8709-65e0293de9ac,0692b316-9f02-406a-b0b8-c2212e4312d8",",,",https://web.fulcrumapp.com/photos/view?photos=aae5db72-3d47-47f4-9304-7838d1a765ba%2C755c2614-7613-419c-8709-65e0293de9ac%2C0692b316-9f02-406a-b0b8-c2212e4312d8
19e60ddc-1cca-4c9a-bd1f-0bffcc4ebb80,2026-01-15 17:36:50 UTC,2026-01-15 17:45:23 UTC,gabriela.lopes2@chsinc.com,gabriela.lopes2@chsinc.com,2026-01-15 22:58:05 UTC,2026-01-15 22:58:05 UTC,1,,,,-17.17527419198823,-54.265513671964605,POINT (-54.265513671964605 -17.17527419198823),2026-01-15,,,,,,,,,,"Mato Grosso, Itiquira",Enchimento de Graos,45,32,29,31,340.7407407407407,54,70,133,52,81,38,24306.17283950617,,,4. Boa,,"Vagens ainda em enchimento, sem graos ainda",4,"66d7ad92-4b85-4824-a0cb-731f4c14ee3c,612af780-fd2c-4948-9bf1-0736add3c7d6,3dd67453-2c9b-4d0c-b431-d0e99a4a537a",",,",https://web.fulcrumapp.com/photos/view?photos=66d7ad92-4b85-4824-a0cb-731f4c14ee3c%2C612af780-fd2c-4948-9bf1-0736add3c7d6%2C3dd67453-2c9b-4d0c-b431-d0e99a4a537a
d5281c62-94c4-4ce7-a95f-13b42d35daa8,2026-01-15 18:08:50 UTC,2026-01-15 18:21:06 UTC,gabriela.lopes2@chsinc.com,gabriela.lopes2@chsinc.com,2026-01-15 22:58:06 UTC,2026-01-15 22:58:06 UTC,1,,,,-17.137376597953857,-54.47916420607534,POINT (-54.47916420607534 -17.137376597953857),2026-01-15,,,,,,,,,,"Mato Grosso, Itiquira",Enchimento de Graos,45,13,15,15,159.25925925925927,99,70,173,179,173,82,20597.53086419753,,,4. Boa,,Muitas plantas ainda com vagens vazias ,4,"96cc4d4a-3aac-4a54-888d-1178fdbfcdc5,fef2cae7-d7b1-4a1d-9019-3ddfe7352998,c8f3331b-65df-42a9-bd1d-17315a171eab",",,",https://web.fulcrumapp.com/photos/view?photos=96cc4d4a-3aac-4a54-888d-1178fdbfcdc5%2Cfef2cae7-d7b1-4a1d-9019-3ddfe7352998%2Cc8f3331b-65df-42a9-bd1d-17315a171eab
7e41124f-4452-433d-9ea7-c629861197d8,2026-01-15 19:59:37 UTC,2026-01-15 20:30:37 UTC,gabriela.lopes2@chsinc.com,gabriela.lopes2@chsinc.com,2026-01-15 22:58:07 UTC,2026-01-15 22:58:07 UTC,1,,,,-16.79430737367882,-54.12878724056912,POINT (-54.12878724056912 -16.79430737367882),2026-01-15,,,,,,,,,,"Mato Grosso, Alto Garças",Enchimento de Graos,42,27,27,25,313.4920634920635,37,49,40,8,13,65,11076.719576719575,,,5. Excelente,,,4,"3b93162b-9116-4c45-b941-ffa01664c627,bd2df6ed-1b2c-44fb-a136-cb7c6a2290e5,078c8f57-5e7d-4cd4-8042-1955e254b20a",",,",https://web.fulcrumapp.com/photos/view?photos=3b93162b-9116-4c45-b941-ffa01664c627%2Cbd2df6ed-1b2c-44fb-a136-cb7c6a2290e5%2C078c8f57-5e7d-4cd4-8042-1955e254b20a
c68a2d0b-7d97-4132-9196-16760a639496,2026-01-15 20:30:38 UTC,2026-01-15 20:39:50 UTC,gabriela.lopes2@chsinc.com,gabriela.lopes2@chsinc.com,2026-01-15 22:58:08 UTC,2026-01-15 22:58:08 UTC,1,,,,-16.82949641218569,-54.00768535830528,POINT (-54.00768535830528 -16.82949641218569),2026-01-15,,,,,,,,,,"Mato Grosso, Alto Garças",Enchimento de Graos,45,20,26,23,255.55555555555554,119,103,98,86,138,90,27003.703703703704,,,4. Boa,,Algumas vagens ainda estão enchendo ,4,"723e7172-cec1-4bf6-a80f-aaa36ef9913a,6375f695-517d-47f6-9ba7-1e4a80068c6a,ecbb674b-494d-420b-aa1a-cea2755c0611",",,",https://web.fulcrumapp.com/photos/view?photos=723e7172-cec1-4bf6-a80f-aaa36ef9913a%2C6375f695-517d-47f6-9ba7-1e4a80068c6a%2Cecbb674b-494d-420b-aa1a-cea2755c0611
c0009414-a811-430c-837f-f9b4693ab12f,2026-01-15 21:07:27 UTC,2026-01-15 21:29:23 UTC,gabriela.lopes2@chsinc.com,gabriela.lopes2@chsinc.com,2026-01-15 22:58:09 UTC,2026-01-15 22:58:09 UTC,1,,,,-16.838476386537923,-53.78163583126442,POINT (-53.78163583126442 -16.838476386537923),2026-01-15,,,,,,,,,,"Mato Grosso, Alto Garças",Enchimento de Graos,50,23,19,24,220,60,85,61,68,129,140,19910,,,3. Media,,,4,"5dea41bd-6835-43a3-9938-64d5391ff368,6a739222-1ea3-4cd5-a446-cca481419922,3bddf0d2-7542-4f1d-b3fe-b42deb272758",",,",https://web.fulcrumapp.com/photos/view?photos=5dea41bd-6835-43a3-9938-64d5391ff368%2C6a739222-1ea3-4cd5-a446-cca481419922%2C3bddf0d2-7542-4f1d-b3fe-b42deb272758
3dff0578-f98a-4b24-a99f-d66d4d90fd8a,2026-01-16 11:32:32 UTC,2026-01-16 11:37:19 UTC,gabriela.lopes2@chsinc.com,gabriela.lopes2@chsinc.com,2026-01-16 23:19:45 UTC,2026-01-16 23:19:45 UTC,1,,,,-17.01680641747176,-53.48815386873546,POINT (-53.48815386873546 -17.01680641747176),2026-01-16,,,,,,,,,,"Mato Grosso, Alto Garças",Enchimento de Graos,45,31,41,38,407.4074074074074,24,33,62,55,21,32,15413.58024691358,,,3. Media,,,4,"0ffacb53-2225-4cf9-8659-91ffc6977924,63d61cca-11d4-4439-b6f6-51e839eb36dd,67af630b-6805-4ca9-bbb0-8591b3cde9d0",",,",https://web.fulcrumapp.com/photos/view?photos=0ffacb53-2225-4cf9-8659-91ffc6977924%2C63d61cca-11d4-4439-b6f6-51e839eb36dd%2C67af630b-6805-4ca9-bbb0-8591b3cde9d0
6c06746b-01c5-4893-858e-788d3f337d1c,2026-01-16 12:57:54 UTC,2026-01-16 13:08:04 UTC,gabriela.lopes2@chsinc.com,gabriela.lopes2@chsinc.com,2026-01-16 23:19:47 UTC,2026-01-16 23:19:47 UTC,1,,,,-17.749203627766924,-53.32410048068985,POINT (-53.32410048068985 -17.749203627766924),2026-01-16,,,,,,,,,,"Mato Grosso, Alto Taquari",Maturado (dessecado),46,32,34,32,355.07246376811594,52,25,27,100,129,85,24736.714975845407,,,4. Boa,,,4,"f8ffef89-29cf-4c19-b052-3d5bb3932021,7e2f05db-83e8-4792-8646-46320b39a0e5,933bc4fa-ce3a-4345-a747-8bf566bca3aa",",,",https://web.fulcrumapp.com/photos/view?photos=f8ffef89-29cf-4c19-b052-3d5bb3932021%2C7e2f05db-83e8-4792-8646-46320b39a0e5%2C933bc4fa-ce3a-4345-a747-8bf566bca3aa
e84b1e42-87bf-465e-af60-f0977bc357a1,2026-01-16 13:25:30 UTC,2026-01-16 13:47:54 UTC,gabriela.lopes2@chsinc.com,gabriela.lopes2@chsinc.com,2026-01-16 23:19:48 UTC,2026-01-16 23:19:48 UTC,1,,,,-17.856898290074277,-53.268314825964794,POINT (-53.268314825964794 -17.856898290074277),2026-01-16,,,,,,,,,,"Mato Grosso, Alto Taquari",Enchimento de Graos,45,22,21,22,240.74074074074073,79,128,114,149,165,140,31095.679012345678,,,4. Boa,,,4,"4d6fb27b-b116-4569-8f81-7560526a5d9a,a3e99a99-f0d0-44aa-9fff-a873c6fdd76c,d4c80d52-ae50-4156-b725-7799f49ff9bf",",,",https://web.fulcrumapp.com/photos/view?photos=4d6fb27b-b116-4569-8f81-7560526a5d9a%2Ca3e99a99-f0d0-44aa-9fff-a873c6fdd76c%2Cd4c80d52-ae50-4156-b725-7799f49ff9bf
2fd4e54a-1d5c-4e08-a8cc-84c316ff1cfa,2026-01-16 13:53:25 UTC,2026-01-16 14:04:06 UTC,gabriela.lopes2@chsinc.com,gabriela.lopes2@chsinc.com,2026-01-16 23:19:50 UTC,2026-01-16 23:19:50 UTC,1,,,,-17.941148205747385,-53.225653712533834,POINT (-53.225653712533834 -17.941148205747385),2026-01-16,,,,,,,,,,"Mato Grosso, Alto Taquari",Enchimento de Graos,45,23,24,23,259.25925925925924,63,120,127,125,113,132,29382.716049382714,,,4. Boa,65sc/ha,,4,"7cb464c6-b390-4a52-9a27-407dea8e4986,76a3a483-50ab-4ace-a8f6-1f3e32e95081,03df86e3-844a-439b-8d21-4dc79dd40ce4",",,",https://web.fulcrumapp.com/photos/view?photos=7cb464c6-b390-4a52-9a27-407dea8e4986%2C76a3a483-50ab-4ace-a8f6-1f3e32e95081%2C03df86e3-844a-439b-8d21-4dc79dd40ce4
45f059a1-883f-4077-aa87-25928e2ce6a6,2026-01-16 14:27:38 UTC,2026-01-16 14:52:38 UTC,gabriela.lopes2@chsinc.com,gabriela.lopes2@chsinc.com,2026-01-16 23:19:51 UTC,2026-01-16 23:19:51 UTC,1,,,,-18.070706007515664,-53.202791524936806,POINT (-53.202791524936806 -18.070706007515664),2026-01-16,,,,,,,,,,"Mato Grosso do Sul, Costa Rica",Enchimento de Graos,50,18,18,19,183.33333333333334,81,98,163,174,125,141,23894.44444444445,,,4. Boa,,,4,"ce7ae1fa-5550-4ee1-86c3-342f7271f575,c02e055e-1679-4b63-9465-9a2465f1ea5d,0ecc5f87-4f9e-4c18-b392-b7f682124c50",",,",https://web.fulcrumapp.com/photos/view?photos=ce7ae1fa-5550-4ee1-86c3-342f7271f575%2Cc02e055e-1679-4b63-9465-9a2465f1ea5d%2C0ecc5f87-4f9e-4c18-b392-b7f682124c50
aae6a6c1-ba5f-4a0f-943b-ad0759355eed,2026-01-16 14:57:49 UTC,2026-01-16 15:11:29 UTC,gabriela.lopes2@chsinc.com,gabriela.lopes2@chsinc.com,2026-01-16 23:19:51 UTC,2026-01-16 23:19:51 UTC,1,,,,-18.07597039378164,-53.09623885568726,POINT (-53.09623885568726 -18.07597039378164),2026-01-16,,,,,,,,,,"Mato Grosso, Alto Taquari",Enchimento de Graos,47,26,26,27,280.1418439716312,107,84,49,40,119,80,22364.65721040189,,,4. Boa,,,4,"0636d1e1-f4ef-4991-a5d2-1528c31c3594,37237566-a3e3-40e3-b5fc-4c1b84555be0,d0589951-785a-4212-a1d7-d1120dca75d2",",,",https://web.fulcrumapp.com/photos/view?photos=0636d1e1-f4ef-4991-a5d2-1528c31c3594%2C37237566-a3e3-40e3-b5fc-4c1b84555be0%2Cd0589951-785a-4212-a1d7-d1120dca75d2
6310ecee-c78a-44f8-8b44-a5e9a138cdf4,2026-01-16 15:23:54 UTC,2026-01-16 16:43:43 UTC,gabriela.lopes2@chsinc.com,gabriela.lopes2@chsinc.com,2026-01-16 23:19:52 UTC,2026-01-16 23:19:52 UTC,1,,,,-18.181254688939884,-53.12784296873532,POINT (-53.12784296873532 -18.181254688939884),2026-01-16,,BR-359,,,Costa Rica,Mato Grosso do Sul,79550-000,Brasil,BR-359 Costa Rica Mato Grosso do Sul 79550-000 Brasil,"Mato Grosso do Sul, Costa Rica",Enchimento de Graos,47,23,23,23,244.68085106382978,136,123,67,101,101,70,24386.524822695035,,,4. Boa,,,4,"92c5e9fc-4c52-45c4-9752-a82c07dec9ed,62f0b35e-e66a-4800-b3d1-63696190002a,5109199d-2046-4528-95d2-e9efb2e4aadb",",,",https://web.fulcrumapp.com/photos/view?photos=92c5e9fc-4c52-45c4-9752-a82c07dec9ed%2C62f0b35e-e66a-4800-b3d1-63696190002a%2C5109199d-2046-4528-95d2-e9efb2e4aadb
